filepath,true_idx,true_name,pred_idx,pred_name,prob
/mnt/e/aircas/dht/graduation/dataset/ship_fine/test/001.Nimitz-class_aircraft_carrier/P0031.bmp,0,001.Nimitz-class_aircraft_carrier,27,033.Tank_ship,0.440594
/mnt/e/aircas/dht/graduation/dataset/ship_fine/test/001.Nimitz-class_aircraft_carrier/P0145.bmp,0,001.Nimitz-class_aircraft_carrier,0,001.Nimitz-class_aircraft_carrier,0.902023
/mnt/e/aircas/dht/graduation/dataset/ship_fine/test/001.Nimitz-class_aircraft_carrier/P0212.bmp,0,001.Nimitz-class_aircraft_carrier,0,001.Nimitz-class_aircraft_carrier,0.994790
/mnt/e/aircas/dht/graduation/dataset/ship_fine/test/001.Nimitz-class_aircraft_carrier/P0267.bmp,0,001.Nimitz-class_aircraft_carrier,0,001.Nimitz-class_aircraft_carrier,0.993157
/mnt/e/aircas/dht/graduation/dataset/ship_fine/test/001.Nimitz-class_aircraft_carrier/P0418.bmp,0,001.Nimitz-class_aircraft_carrier,17,023.Crane_ship,0.295541
/mnt/e/aircas/dht/graduation/dataset/ship_fine/test/001.Nimitz-class_aircraft_carrier/P0696.bmp,0,001.Nimitz-class_aircraft_carrier,0,001.Nimitz-class_aircraft_carrier,1.000000
/mnt/e/aircas/dht/graduation/dataset/ship_fine/test/001.Nimitz-class_aircraft_carrier/P0835.bmp,0,001.Nimitz-class_aircraft_carrier,0,001.Nimitz-class_aircraft_carrier,0.993272
/mnt/e/aircas/dht/graduation/dataset/ship_fine/test/001.Nimitz-class_aircraft_carrier/P1140.bmp,0,001.Nimitz-class_aircraft_carrier,0,001.Nimitz-class_aircraft_carrier,0.921294
/mnt/e/aircas/dht/graduation/dataset/ship_fine/test/001.Nimitz-class_aircraft_carrier/P1223.bmp,0,001.Nimitz-class_aircraft_carrier,0,001.Nimitz-class_aircraft_carrier,0.999835
/mnt/e/aircas/dht/graduation/dataset/ship_fine/test/001.Nimitz-class_aircraft_carrier/P1252.bmp,0,001.Nimitz-class_aircraft_carrier,0,001.Nimitz-class_aircraft_carrier,0.650651
/mnt/e/aircas/dht/graduation/dataset/ship_fine/test/001.Nimitz-class_aircraft_carrier/P1435.bmp,0,001.Nimitz-class_aircraft_carrier,0,001.Nimitz-class_aircraft_carrier,1.000000
/mnt/e/aircas/dht/graduation/dataset/ship_fine/test/001.Nimitz-class_aircraft_carrier/P1596.bmp,0,001.Nimitz-class_aircraft_carrier,0,001.Nimitz-class_aircraft_carrier,0.999181
/mnt/e/aircas/dht/graduation/dataset/ship_fine/test/001.Nimitz-class_aircraft_carrier/P1651.bmp,0,001.Nimitz-class_aircraft_carrier,0,001.Nimitz-class_aircraft_carrier,0.999998
/mnt/e/aircas/dht/graduation/dataset/ship_fine/test/001.Nimitz-class_aircraft_carrier/P1787.bmp,0,001.Nimitz-class_aircraft_carrier,0,001.Nimitz-class_aircraft_carrier,1.000000
/mnt/e/aircas/dht/graduation/dataset/ship_fine/test/001.Nimitz-class_aircraft_carrier/P2176.bmp,0,001.Nimitz-class_aircraft_carrier,0,001.Nimitz-class_aircraft_carrier,0.999728
/mnt/e/aircas/dht/graduation/dataset/ship_fine/test/001.Nimitz-class_aircraft_carrier/P2190.bmp,0,001.Nimitz-class_aircraft_carrier,0,001.Nimitz-class_aircraft_carrier,0.912013
/mnt/e/aircas/dht/graduation/dataset/ship_fine/test/001.Nimitz-class_aircraft_carrier/P2198.bmp,0,001.Nimitz-class_aircraft_carrier,0,001.Nimitz-class_aircraft_carrier,0.574428
/mnt/e/aircas/dht/graduation/dataset/ship_fine/test/001.Nimitz-class_aircraft_carrier/P2379.bmp,0,001.Nimitz-class_aircraft_carrier,0,001.Nimitz-class_aircraft_carrier,0.999188
/mnt/e/aircas/dht/graduation/dataset/ship_fine/test/001.Nimitz-class_aircraft_carrier/P2429.bmp,0,001.Nimitz-class_aircraft_carrier,0,001.Nimitz-class_aircraft_carrier,0.999908
/mnt/e/aircas/dht/graduation/dataset/ship_fine/test/001.Nimitz-class_aircraft_carrier/P2674.bmp,0,001.Nimitz-class_aircraft_carrier,0,001.Nimitz-class_aircraft_carrier,1.000000
/mnt/e/aircas/dht/graduation/dataset/ship_fine/test/001.Nimitz-class_aircraft_carrier/P2845.bmp,0,001.Nimitz-class_aircraft_carrier,0,001.Nimitz-class_aircraft_carrier,0.888386
/mnt/e/aircas/dht/graduation/dataset/ship_fine/test/001.Nimitz-class_aircraft_carrier/P2938.bmp,0,001.Nimitz-class_aircraft_carrier,0,001.Nimitz-class_aircraft_carrier,0.924637
/mnt/e/aircas/dht/graduation/dataset/ship_fine/test/001.Nimitz-class_aircraft_carrier/P3016.bmp,0,001.Nimitz-class_aircraft_carrier,0,001.Nimitz-class_aircraft_carrier,0.817098
/mnt/e/aircas/dht/graduation/dataset/ship_fine/test/001.Nimitz-class_aircraft_carrier/P3632.bmp,0,001.Nimitz-class_aircraft_carrier,1,002.KittyHawk-class_aircraft_carrier,0.480389
/mnt/e/aircas/dht/graduation/dataset/ship_fine/test/001.Nimitz-class_aircraft_carrier/P3727.bmp,0,001.Nimitz-class_aircraft_carrier,0,001.Nimitz-class_aircraft_carrier,0.999103
/mnt/e/aircas/dht/graduation/dataset/ship_fine/test/001.Nimitz-class_aircraft_carrier/P3976.bmp,0,001.Nimitz-class_aircraft_carrier,0,001.Nimitz-class_aircraft_carrier,0.776386
/mnt/e/aircas/dht/graduation/dataset/ship_fine/test/001.Nimitz-class_aircraft_carrier/P4377.bmp,0,001.Nimitz-class_aircraft_carrier,0,001.Nimitz-class_aircraft_carrier,1.000000
/mnt/e/aircas/dht/graduation/dataset/ship_fine/test/001.Nimitz-class_aircraft_carrier/P4895.bmp,0,001.Nimitz-class_aircraft_carrier,0,001.Nimitz-class_aircraft_carrier,0.999981
/mnt/e/aircas/dht/graduation/dataset/ship_fine/test/001.Nimitz-class_aircraft_carrier/P4958.bmp,0,001.Nimitz-class_aircraft_carrier,13,019.San_Antonio-class_transport_dock,0.594697
/mnt/e/aircas/dht/graduation/dataset/ship_fine/test/001.Nimitz-class_aircraft_carrier/P5151.bmp,0,001.Nimitz-class_aircraft_carrier,0,001.Nimitz-class_aircraft_carrier,0.925959
/mnt/e/aircas/dht/graduation/dataset/ship_fine/test/001.Nimitz-class_aircraft_carrier/P5298.bmp,0,001.Nimitz-class_aircraft_carrier,0,001.Nimitz-class_aircraft_carrier,0.912587
/mnt/e/aircas/dht/graduation/dataset/ship_fine/test/001.Nimitz-class_aircraft_carrier/P5299.bmp,0,001.Nimitz-class_aircraft_carrier,0,001.Nimitz-class_aircraft_carrier,1.000000
/mnt/e/aircas/dht/graduation/dataset/ship_fine/test/001.Nimitz-class_aircraft_carrier/P5474.bmp,0,001.Nimitz-class_aircraft_carrier,12,018.Whitby_Island-class_dock_landing_ship,0.389017
/mnt/e/aircas/dht/graduation/dataset/ship_fine/test/001.Nimitz-class_aircraft_carrier/P5584.bmp,0,001.Nimitz-class_aircraft_carrier,0,001.Nimitz-class_aircraft_carrier,0.999590
/mnt/e/aircas/dht/graduation/dataset/ship_fine/test/001.Nimitz-class_aircraft_carrier/P5641.bmp,0,001.Nimitz-class_aircraft_carrier,0,001.Nimitz-class_aircraft_carrier,0.999325
/mnt/e/aircas/dht/graduation/dataset/ship_fine/test/001.Nimitz-class_aircraft_carrier/P5970.bmp,0,001.Nimitz-class_aircraft_carrier,0,001.Nimitz-class_aircraft_carrier,0.965513
/mnt/e/aircas/dht/graduation/dataset/ship_fine/test/001.Nimitz-class_aircraft_carrier/P6006.bmp,0,001.Nimitz-class_aircraft_carrier,0,001.Nimitz-class_aircraft_carrier,0.999998
/mnt/e/aircas/dht/graduation/dataset/ship_fine/test/001.Nimitz-class_aircraft_carrier/P6041.bmp,0,001.Nimitz-class_aircraft_carrier,0,001.Nimitz-class_aircraft_carrier,0.714471
/mnt/e/aircas/dht/graduation/dataset/ship_fine/test/001.Nimitz-class_aircraft_carrier/P6090.bmp,0,001.Nimitz-class_aircraft_carrier,0,001.Nimitz-class_aircraft_carrier,0.996353
/mnt/e/aircas/dht/graduation/dataset/ship_fine/test/001.Nimitz-class_aircraft_carrier/P6340.bmp,0,001.Nimitz-class_aircraft_carrier,0,001.Nimitz-class_aircraft_carrier,0.991739
/mnt/e/aircas/dht/graduation/dataset/ship_fine/test/001.Nimitz-class_aircraft_carrier/P6546.bmp,0,001.Nimitz-class_aircraft_carrier,0,001.Nimitz-class_aircraft_carrier,0.992627
/mnt/e/aircas/dht/graduation/dataset/ship_fine/test/001.Nimitz-class_aircraft_carrier/P6639.bmp,0,001.Nimitz-class_aircraft_carrier,0,001.Nimitz-class_aircraft_carrier,0.999881
/mnt/e/aircas/dht/graduation/dataset/ship_fine/test/001.Nimitz-class_aircraft_carrier/P6652.bmp,0,001.Nimitz-class_aircraft_carrier,0,001.Nimitz-class_aircraft_carrier,0.999981
/mnt/e/aircas/dht/graduation/dataset/ship_fine/test/001.Nimitz-class_aircraft_carrier/P7110.bmp,0,001.Nimitz-class_aircraft_carrier,0,001.Nimitz-class_aircraft_carrier,0.998448
/mnt/e/aircas/dht/graduation/dataset/ship_fine/test/001.Nimitz-class_aircraft_carrier/P7151.bmp,0,001.Nimitz-class_aircraft_carrier,8,013.Type_45_destroyer,0.997766
/mnt/e/aircas/dht/graduation/dataset/ship_fine/test/001.Nimitz-class_aircraft_carrier/P7158.bmp,0,001.Nimitz-class_aircraft_carrier,0,001.Nimitz-class_aircraft_carrier,0.952306
/mnt/e/aircas/dht/graduation/dataset/ship_fine/test/001.Nimitz-class_aircraft_carrier/P7675.bmp,0,001.Nimitz-class_aircraft_carrier,0,001.Nimitz-class_aircraft_carrier,0.988638
/mnt/e/aircas/dht/graduation/dataset/ship_fine/test/001.Nimitz-class_aircraft_carrier/P7748.bmp,0,001.Nimitz-class_aircraft_carrier,0,001.Nimitz-class_aircraft_carrier,1.000000
/mnt/e/aircas/dht/graduation/dataset/ship_fine/test/001.Nimitz-class_aircraft_carrier/P7798.bmp,0,001.Nimitz-class_aircraft_carrier,0,001.Nimitz-class_aircraft_carrier,0.961477
/mnt/e/aircas/dht/graduation/dataset/ship_fine/test/001.Nimitz-class_aircraft_carrier/P7846.bmp,0,001.Nimitz-class_aircraft_carrier,0,001.Nimitz-class_aircraft_carrier,0.999964
/mnt/e/aircas/dht/graduation/dataset/ship_fine/test/001.Nimitz-class_aircraft_carrier/P7935.bmp,0,001.Nimitz-class_aircraft_carrier,8,013.Type_45_destroyer,0.566024
/mnt/e/aircas/dht/graduation/dataset/ship_fine/test/001.Nimitz-class_aircraft_carrier/P8158.bmp,0,001.Nimitz-class_aircraft_carrier,0,001.Nimitz-class_aircraft_carrier,0.999934
/mnt/e/aircas/dht/graduation/dataset/ship_fine/test/001.Nimitz-class_aircraft_carrier/P8200.bmp,0,001.Nimitz-class_aircraft_carrier,0,001.Nimitz-class_aircraft_carrier,0.681117
/mnt/e/aircas/dht/graduation/dataset/ship_fine/test/001.Nimitz-class_aircraft_carrier/P9548.bmp,0,001.Nimitz-class_aircraft_carrier,0,001.Nimitz-class_aircraft_carrier,0.886781
/mnt/e/aircas/dht/graduation/dataset/ship_fine/test/001.Nimitz-class_aircraft_carrier/P9623.bmp,0,001.Nimitz-class_aircraft_carrier,0,001.Nimitz-class_aircraft_carrier,0.999286
/mnt/e/aircas/dht/graduation/dataset/ship_fine/test/002.KittyHawk-class_aircraft_carrier/P3209.bmp,1,002.KittyHawk-class_aircraft_carrier,9,014.Wasp-class_assault_ship,0.985105
/mnt/e/aircas/dht/graduation/dataset/ship_fine/test/002.KittyHawk-class_aircraft_carrier/P5939.bmp,1,002.KittyHawk-class_aircraft_carrier,0,001.Nimitz-class_aircraft_carrier,0.923668
/mnt/e/aircas/dht/graduation/dataset/ship_fine/test/002.KittyHawk-class_aircraft_carrier/P6447.bmp,1,002.KittyHawk-class_aircraft_carrier,4,008.Ticonderoga-class_cruiser,0.774260
/mnt/e/aircas/dht/graduation/dataset/ship_fine/test/002.KittyHawk-class_aircraft_carrier/P7298.bmp,1,002.KittyHawk-class_aircraft_carrier,1,002.KittyHawk-class_aircraft_carrier,0.979109
/mnt/e/aircas/dht/graduation/dataset/ship_fine/test/002.KittyHawk-class_aircraft_carrier/P7353.bmp,1,002.KittyHawk-class_aircraft_carrier,25,031.Medical_ship,0.617841
/mnt/e/aircas/dht/graduation/dataset/ship_fine/test/002.KittyHawk-class_aircraft_carrier/P8918.bmp,1,002.KittyHawk-class_aircraft_carrier,1,002.KittyHawk-class_aircraft_carrier,0.508267
/mnt/e/aircas/dht/graduation/dataset/ship_fine/test/003.Midway-class_aircraft_carrier/P0024.bmp,2,003.Midway-class_aircraft_carrier,2,003.Midway-class_aircraft_carrier,0.736223
/mnt/e/aircas/dht/graduation/dataset/ship_fine/test/003.Midway-class_aircraft_carrier/P0116.bmp,2,003.Midway-class_aircraft_carrier,2,003.Midway-class_aircraft_carrier,0.999997
/mnt/e/aircas/dht/graduation/dataset/ship_fine/test/003.Midway-class_aircraft_carrier/P0690.bmp,2,003.Midway-class_aircraft_carrier,2,003.Midway-class_aircraft_carrier,0.999961
/mnt/e/aircas/dht/graduation/dataset/ship_fine/test/003.Midway-class_aircraft_carrier/P1267.bmp,2,003.Midway-class_aircraft_carrier,2,003.Midway-class_aircraft_carrier,0.999962
/mnt/e/aircas/dht/graduation/dataset/ship_fine/test/003.Midway-class_aircraft_carrier/P1450.bmp,2,003.Midway-class_aircraft_carrier,2,003.Midway-class_aircraft_carrier,0.811600
/mnt/e/aircas/dht/graduation/dataset/ship_fine/test/003.Midway-class_aircraft_carrier/P1538.bmp,2,003.Midway-class_aircraft_carrier,2,003.Midway-class_aircraft_carrier,0.987530
/mnt/e/aircas/dht/graduation/dataset/ship_fine/test/003.Midway-class_aircraft_carrier/P1812.bmp,2,003.Midway-class_aircraft_carrier,2,003.Midway-class_aircraft_carrier,0.996530
/mnt/e/aircas/dht/graduation/dataset/ship_fine/test/003.Midway-class_aircraft_carrier/P2395.bmp,2,003.Midway-class_aircraft_carrier,2,003.Midway-class_aircraft_carrier,0.610081
/mnt/e/aircas/dht/graduation/dataset/ship_fine/test/003.Midway-class_aircraft_carrier/P2536.bmp,2,003.Midway-class_aircraft_carrier,0,001.Nimitz-class_aircraft_carrier,0.654751
/mnt/e/aircas/dht/graduation/dataset/ship_fine/test/003.Midway-class_aircraft_carrier/P3257.bmp,2,003.Midway-class_aircraft_carrier,2,003.Midway-class_aircraft_carrier,0.997105
/mnt/e/aircas/dht/graduation/dataset/ship_fine/test/003.Midway-class_aircraft_carrier/P5317.bmp,2,003.Midway-class_aircraft_carrier,2,003.Midway-class_aircraft_carrier,0.911676
/mnt/e/aircas/dht/graduation/dataset/ship_fine/test/003.Midway-class_aircraft_carrier/P5482.bmp,2,003.Midway-class_aircraft_carrier,2,003.Midway-class_aircraft_carrier,0.996053
/mnt/e/aircas/dht/graduation/dataset/ship_fine/test/003.Midway-class_aircraft_carrier/P6646.bmp,2,003.Midway-class_aircraft_carrier,13,019.San_Antonio-class_transport_dock,0.514599
/mnt/e/aircas/dht/graduation/dataset/ship_fine/test/003.Midway-class_aircraft_carrier/P7096.bmp,2,003.Midway-class_aircraft_carrier,2,003.Midway-class_aircraft_carrier,0.999882
/mnt/e/aircas/dht/graduation/dataset/ship_fine/test/003.Midway-class_aircraft_carrier/P7218.bmp,2,003.Midway-class_aircraft_carrier,12,018.Whitby_Island-class_dock_landing_ship,0.606627
/mnt/e/aircas/dht/graduation/dataset/ship_fine/test/003.Midway-class_aircraft_carrier/P7782.bmp,2,003.Midway-class_aircraft_carrier,9,014.Wasp-class_assault_ship,0.858609
/mnt/e/aircas/dht/graduation/dataset/ship_fine/test/003.Midway-class_aircraft_carrier/P7951.bmp,2,003.Midway-class_aircraft_carrier,2,003.Midway-class_aircraft_carrier,0.987551
/mnt/e/aircas/dht/graduation/dataset/ship_fine/test/003.Midway-class_aircraft_carrier/P8293.bmp,2,003.Midway-class_aircraft_carrier,2,003.Midway-class_aircraft_carrier,0.999946
/mnt/e/aircas/dht/graduation/dataset/ship_fine/test/003.Midway-class_aircraft_carrier/P9375.bmp,2,003.Midway-class_aircraft_carrier,9,014.Wasp-class_assault_ship,0.967457
/mnt/e/aircas/dht/graduation/dataset/ship_fine/test/003.Midway-class_aircraft_carrier/P9766.bmp,2,003.Midway-class_aircraft_carrier,2,003.Midway-class_aircraft_carrier,0.779961
/mnt/e/aircas/dht/graduation/dataset/ship_fine/test/004.Kuznetsov-class_aircraft_carrier/P0190.bmp,3,004.Kuznetsov-class_aircraft_carrier,5,009.Arleigh_Burke-class_destroyer,0.432399
/mnt/e/aircas/dht/graduation/dataset/ship_fine/test/004.Kuznetsov-class_aircraft_carrier/P4976.bmp,3,004.Kuznetsov-class_aircraft_carrier,3,004.Kuznetsov-class_aircraft_carrier,0.938686
/mnt/e/aircas/dht/graduation/dataset/ship_fine/test/004.Kuznetsov-class_aircraft_carrier/P6432.bmp,3,004.Kuznetsov-class_aircraft_carrier,27,033.Tank_ship,0.902396
/mnt/e/aircas/dht/graduation/dataset/ship_fine/test/004.Kuznetsov-class_aircraft_carrier/P6613.bmp,3,004.Kuznetsov-class_aircraft_carrier,5,009.Arleigh_Burke-class_destroyer,0.826230
/mnt/e/aircas/dht/graduation/dataset/ship_fine/test/004.Kuznetsov-class_aircraft_carrier/P6781.bmp,3,004.Kuznetsov-class_aircraft_carrier,1,002.KittyHawk-class_aircraft_carrier,0.453231
/mnt/e/aircas/dht/graduation/dataset/ship_fine/test/004.Kuznetsov-class_aircraft_carrier/P9448.bmp,3,004.Kuznetsov-class_aircraft_carrier,3,004.Kuznetsov-class_aircraft_carrier,0.979340
/mnt/e/aircas/dht/graduation/dataset/ship_fine/test/008.Ticonderoga-class_cruiser/P0074.bmp,4,008.Ticonderoga-class_cruiser,4,008.Ticonderoga-class_cruiser,0.932132
/mnt/e/aircas/dht/graduation/dataset/ship_fine/test/008.Ticonderoga-class_cruiser/P0111.bmp,4,008.Ticonderoga-class_cruiser,12,018.Whitby_Island-class_dock_landing_ship,0.324569
/mnt/e/aircas/dht/graduation/dataset/ship_fine/test/008.Ticonderoga-class_cruiser/P0181.bmp,4,008.Ticonderoga-class_cruiser,15,021.Independence-class_combat_ship,0.359344
/mnt/e/aircas/dht/graduation/dataset/ship_fine/test/008.Ticonderoga-class_cruiser/P0192.bmp,4,008.Ticonderoga-class_cruiser,4,008.Ticonderoga-class_cruiser,0.510755
/mnt/e/aircas/dht/graduation/dataset/ship_fine/test/008.Ticonderoga-class_cruiser/P0197.bmp,4,008.Ticonderoga-class_cruiser,5,009.Arleigh_Burke-class_destroyer,0.917931
/mnt/e/aircas/dht/graduation/dataset/ship_fine/test/008.Ticonderoga-class_cruiser/P0263.bmp,4,008.Ticonderoga-class_cruiser,4,008.Ticonderoga-class_cruiser,0.506596
/mnt/e/aircas/dht/graduation/dataset/ship_fine/test/008.Ticonderoga-class_cruiser/P0363.bmp,4,008.Ticonderoga-class_cruiser,5,009.Arleigh_Burke-class_destroyer,0.621046
/mnt/e/aircas/dht/graduation/dataset/ship_fine/test/008.Ticonderoga-class_cruiser/P0367.bmp,4,008.Ticonderoga-class_cruiser,5,009.Arleigh_Burke-class_destroyer,0.869196
/mnt/e/aircas/dht/graduation/dataset/ship_fine/test/008.Ticonderoga-class_cruiser/P0404.bmp,4,008.Ticonderoga-class_cruiser,5,009.Arleigh_Burke-class_destroyer,0.929794
/mnt/e/aircas/dht/graduation/dataset/ship_fine/test/008.Ticonderoga-class_cruiser/P0463.bmp,4,008.Ticonderoga-class_cruiser,5,009.Arleigh_Burke-class_destroyer,0.688194
/mnt/e/aircas/dht/graduation/dataset/ship_fine/test/008.Ticonderoga-class_cruiser/P0516.bmp,4,008.Ticonderoga-class_cruiser,5,009.Arleigh_Burke-class_destroyer,0.972422
/mnt/e/aircas/dht/graduation/dataset/ship_fine/test/008.Ticonderoga-class_cruiser/P0619.bmp,4,008.Ticonderoga-class_cruiser,5,009.Arleigh_Burke-class_destroyer,0.663367
/mnt/e/aircas/dht/graduation/dataset/ship_fine/test/008.Ticonderoga-class_cruiser/P0853.bmp,4,008.Ticonderoga-class_cruiser,25,031.Medical_ship,0.338410
/mnt/e/aircas/dht/graduation/dataset/ship_fine/test/008.Ticonderoga-class_cruiser/P0915.bmp,4,008.Ticonderoga-class_cruiser,5,009.Arleigh_Burke-class_destroyer,0.598842
/mnt/e/aircas/dht/graduation/dataset/ship_fine/test/008.Ticonderoga-class_cruiser/P0926.bmp,4,008.Ticonderoga-class_cruiser,5,009.Arleigh_Burke-class_destroyer,0.735139
/mnt/e/aircas/dht/graduation/dataset/ship_fine/test/008.Ticonderoga-class_cruiser/P0997.bmp,4,008.Ticonderoga-class_cruiser,5,009.Arleigh_Burke-class_destroyer,0.616442
/mnt/e/aircas/dht/graduation/dataset/ship_fine/test/008.Ticonderoga-class_cruiser/P1050.bmp,4,008.Ticonderoga-class_cruiser,4,008.Ticonderoga-class_cruiser,0.997897
/mnt/e/aircas/dht/graduation/dataset/ship_fine/test/008.Ticonderoga-class_cruiser/P1143.bmp,4,008.Ticonderoga-class_cruiser,4,008.Ticonderoga-class_cruiser,0.800238
/mnt/e/aircas/dht/graduation/dataset/ship_fine/test/008.Ticonderoga-class_cruiser/P1456.bmp,4,008.Ticonderoga-class_cruiser,4,008.Ticonderoga-class_cruiser,0.959193
/mnt/e/aircas/dht/graduation/dataset/ship_fine/test/008.Ticonderoga-class_cruiser/P1881.bmp,4,008.Ticonderoga-class_cruiser,17,023.Crane_ship,0.630563
/mnt/e/aircas/dht/graduation/dataset/ship_fine/test/008.Ticonderoga-class_cruiser/P1889.bmp,4,008.Ticonderoga-class_cruiser,20,026.Cargo_ship,0.636091
/mnt/e/aircas/dht/graduation/dataset/ship_fine/test/008.Ticonderoga-class_cruiser/P1936.bmp,4,008.Ticonderoga-class_cruiser,4,008.Ticonderoga-class_cruiser,0.707268
/mnt/e/aircas/dht/graduation/dataset/ship_fine/test/008.Ticonderoga-class_cruiser/P1991.bmp,4,008.Ticonderoga-class_cruiser,5,009.Arleigh_Burke-class_destroyer,0.708959
/mnt/e/aircas/dht/graduation/dataset/ship_fine/test/008.Ticonderoga-class_cruiser/P2341.bmp,4,008.Ticonderoga-class_cruiser,5,009.Arleigh_Burke-class_destroyer,0.851709
/mnt/e/aircas/dht/graduation/dataset/ship_fine/test/008.Ticonderoga-class_cruiser/P2399.bmp,4,008.Ticonderoga-class_cruiser,5,009.Arleigh_Burke-class_destroyer,0.726590
/mnt/e/aircas/dht/graduation/dataset/ship_fine/test/008.Ticonderoga-class_cruiser/P2473.bmp,4,008.Ticonderoga-class_cruiser,4,008.Ticonderoga-class_cruiser,0.721364
/mnt/e/aircas/dht/graduation/dataset/ship_fine/test/008.Ticonderoga-class_cruiser/P2577.bmp,4,008.Ticonderoga-class_cruiser,4,008.Ticonderoga-class_cruiser,0.523256
/mnt/e/aircas/dht/graduation/dataset/ship_fine/test/008.Ticonderoga-class_cruiser/P2611.bmp,4,008.Ticonderoga-class_cruiser,3,004.Kuznetsov-class_aircraft_carrier,0.902148
/mnt/e/aircas/dht/graduation/dataset/ship_fine/test/008.Ticonderoga-class_cruiser/P2653.bmp,4,008.Ticonderoga-class_cruiser,5,009.Arleigh_Burke-class_destroyer,0.734550
/mnt/e/aircas/dht/graduation/dataset/ship_fine/test/008.Ticonderoga-class_cruiser/P2656.bmp,4,008.Ticonderoga-class_cruiser,4,008.Ticonderoga-class_cruiser,0.724009
/mnt/e/aircas/dht/graduation/dataset/ship_fine/test/008.Ticonderoga-class_cruiser/P2679.bmp,4,008.Ticonderoga-class_cruiser,5,009.Arleigh_Burke-class_destroyer,0.723995
/mnt/e/aircas/dht/graduation/dataset/ship_fine/test/008.Ticonderoga-class_cruiser/P2687.bmp,4,008.Ticonderoga-class_cruiser,4,008.Ticonderoga-class_cruiser,0.758868
/mnt/e/aircas/dht/graduation/dataset/ship_fine/test/008.Ticonderoga-class_cruiser/P2738.bmp,4,008.Ticonderoga-class_cruiser,5,009.Arleigh_Burke-class_destroyer,0.534629
/mnt/e/aircas/dht/graduation/dataset/ship_fine/test/008.Ticonderoga-class_cruiser/P2828.bmp,4,008.Ticonderoga-class_cruiser,4,008.Ticonderoga-class_cruiser,0.591604
/mnt/e/aircas/dht/graduation/dataset/ship_fine/test/008.Ticonderoga-class_cruiser/P2839.bmp,4,008.Ticonderoga-class_cruiser,4,008.Ticonderoga-class_cruiser,0.764865
/mnt/e/aircas/dht/graduation/dataset/ship_fine/test/008.Ticonderoga-class_cruiser/P2879.bmp,4,008.Ticonderoga-class_cruiser,4,008.Ticonderoga-class_cruiser,0.520418
/mnt/e/aircas/dht/graduation/dataset/ship_fine/test/008.Ticonderoga-class_cruiser/P2897.bmp,4,008.Ticonderoga-class_cruiser,4,008.Ticonderoga-class_cruiser,0.633816
/mnt/e/aircas/dht/graduation/dataset/ship_fine/test/008.Ticonderoga-class_cruiser/P2942.bmp,4,008.Ticonderoga-class_cruiser,5,009.Arleigh_Burke-class_destroyer,0.530598
/mnt/e/aircas/dht/graduation/dataset/ship_fine/test/008.Ticonderoga-class_cruiser/P3134.bmp,4,008.Ticonderoga-class_cruiser,5,009.Arleigh_Burke-class_destroyer,0.859341
/mnt/e/aircas/dht/graduation/dataset/ship_fine/test/008.Ticonderoga-class_cruiser/P3405.bmp,4,008.Ticonderoga-class_cruiser,5,009.Arleigh_Burke-class_destroyer,0.703866
/mnt/e/aircas/dht/graduation/dataset/ship_fine/test/008.Ticonderoga-class_cruiser/P3435.bmp,4,008.Ticonderoga-class_cruiser,5,009.Arleigh_Burke-class_destroyer,0.699750
/mnt/e/aircas/dht/graduation/dataset/ship_fine/test/008.Ticonderoga-class_cruiser/P4194.bmp,4,008.Ticonderoga-class_cruiser,4,008.Ticonderoga-class_cruiser,0.857853
/mnt/e/aircas/dht/graduation/dataset/ship_fine/test/008.Ticonderoga-class_cruiser/P4248.bmp,4,008.Ticonderoga-class_cruiser,23,029.Towing_vessel,0.969968
/mnt/e/aircas/dht/graduation/dataset/ship_fine/test/008.Ticonderoga-class_cruiser/P4336.bmp,4,008.Ticonderoga-class_cruiser,4,008.Ticonderoga-class_cruiser,0.970399
/mnt/e/aircas/dht/graduation/dataset/ship_fine/test/008.Ticonderoga-class_cruiser/P4363.bmp,4,008.Ticonderoga-class_cruiser,4,008.Ticonderoga-class_cruiser,0.799899
/mnt/e/aircas/dht/graduation/dataset/ship_fine/test/008.Ticonderoga-class_cruiser/P4391.bmp,4,008.Ticonderoga-class_cruiser,5,009.Arleigh_Burke-class_destroyer,0.392049
/mnt/e/aircas/dht/graduation/dataset/ship_fine/test/008.Ticonderoga-class_cruiser/P4717.bmp,4,008.Ticonderoga-class_cruiser,5,009.Arleigh_Burke-class_destroyer,0.651677
/mnt/e/aircas/dht/graduation/dataset/ship_fine/test/008.Ticonderoga-class_cruiser/P4719.bmp,4,008.Ticonderoga-class_cruiser,4,008.Ticonderoga-class_cruiser,0.931101
/mnt/e/aircas/dht/graduation/dataset/ship_fine/test/008.Ticonderoga-class_cruiser/P4939.bmp,4,008.Ticonderoga-class_cruiser,5,009.Arleigh_Burke-class_destroyer,0.884349
/mnt/e/aircas/dht/graduation/dataset/ship_fine/test/008.Ticonderoga-class_cruiser/P4974.bmp,4,008.Ticonderoga-class_cruiser,4,008.Ticonderoga-class_cruiser,0.677721
/mnt/e/aircas/dht/graduation/dataset/ship_fine/test/008.Ticonderoga-class_cruiser/P5943.bmp,4,008.Ticonderoga-class_cruiser,5,009.Arleigh_Burke-class_destroyer,0.306414
/mnt/e/aircas/dht/graduation/dataset/ship_fine/test/008.Ticonderoga-class_cruiser/P6386.bmp,4,008.Ticonderoga-class_cruiser,4,008.Ticonderoga-class_cruiser,0.578595
/mnt/e/aircas/dht/graduation/dataset/ship_fine/test/008.Ticonderoga-class_cruiser/P6395.bmp,4,008.Ticonderoga-class_cruiser,4,008.Ticonderoga-class_cruiser,0.430085
/mnt/e/aircas/dht/graduation/dataset/ship_fine/test/008.Ticonderoga-class_cruiser/P6455.bmp,4,008.Ticonderoga-class_cruiser,4,008.Ticonderoga-class_cruiser,0.606621
/mnt/e/aircas/dht/graduation/dataset/ship_fine/test/008.Ticonderoga-class_cruiser/P6875.bmp,4,008.Ticonderoga-class_cruiser,4,008.Ticonderoga-class_cruiser,0.699082
/mnt/e/aircas/dht/graduation/dataset/ship_fine/test/008.Ticonderoga-class_cruiser/P6961.bmp,4,008.Ticonderoga-class_cruiser,5,009.Arleigh_Burke-class_destroyer,0.956488
/mnt/e/aircas/dht/graduation/dataset/ship_fine/test/008.Ticonderoga-class_cruiser/P6983.bmp,4,008.Ticonderoga-class_cruiser,5,009.Arleigh_Burke-class_destroyer,0.985295
/mnt/e/aircas/dht/graduation/dataset/ship_fine/test/008.Ticonderoga-class_cruiser/P7048.bmp,4,008.Ticonderoga-class_cruiser,4,008.Ticonderoga-class_cruiser,0.913184
/mnt/e/aircas/dht/graduation/dataset/ship_fine/test/008.Ticonderoga-class_cruiser/P7116.bmp,4,008.Ticonderoga-class_cruiser,4,008.Ticonderoga-class_cruiser,0.648426
/mnt/e/aircas/dht/graduation/dataset/ship_fine/test/008.Ticonderoga-class_cruiser/P7175.bmp,4,008.Ticonderoga-class_cruiser,4,008.Ticonderoga-class_cruiser,0.844057
/mnt/e/aircas/dht/graduation/dataset/ship_fine/test/009.Arleigh_Burke-class_destroyer/P0000.bmp,5,009.Arleigh_Burke-class_destroyer,5,009.Arleigh_Burke-class_destroyer,0.665775
/mnt/e/aircas/dht/graduation/dataset/ship_fine/test/009.Arleigh_Burke-class_destroyer/P0026.bmp,5,009.Arleigh_Burke-class_destroyer,5,009.Arleigh_Burke-class_destroyer,0.995239
/mnt/e/aircas/dht/graduation/dataset/ship_fine/test/009.Arleigh_Burke-class_destroyer/P0038.bmp,5,009.Arleigh_Burke-class_destroyer,5,009.Arleigh_Burke-class_destroyer,0.964437
/mnt/e/aircas/dht/graduation/dataset/ship_fine/test/009.Arleigh_Burke-class_destroyer/P0064.bmp,5,009.Arleigh_Burke-class_destroyer,5,009.Arleigh_Burke-class_destroyer,0.971639
/mnt/e/aircas/dht/graduation/dataset/ship_fine/test/009.Arleigh_Burke-class_destroyer/P0070.bmp,5,009.Arleigh_Burke-class_destroyer,5,009.Arleigh_Burke-class_destroyer,0.999994
/mnt/e/aircas/dht/graduation/dataset/ship_fine/test/009.Arleigh_Burke-class_destroyer/P0084.bmp,5,009.Arleigh_Burke-class_destroyer,5,009.Arleigh_Burke-class_destroyer,0.999997
/mnt/e/aircas/dht/graduation/dataset/ship_fine/test/009.Arleigh_Burke-class_destroyer/P0092.bmp,5,009.Arleigh_Burke-class_destroyer,5,009.Arleigh_Burke-class_destroyer,0.999786
/mnt/e/aircas/dht/graduation/dataset/ship_fine/test/009.Arleigh_Burke-class_destroyer/P0216.bmp,5,009.Arleigh_Burke-class_destroyer,5,009.Arleigh_Burke-class_destroyer,0.761305
/mnt/e/aircas/dht/graduation/dataset/ship_fine/test/009.Arleigh_Burke-class_destroyer/P0283.bmp,5,009.Arleigh_Burke-class_destroyer,4,008.Ticonderoga-class_cruiser,0.764792
/mnt/e/aircas/dht/graduation/dataset/ship_fine/test/009.Arleigh_Burke-class_destroyer/P0508.bmp,5,009.Arleigh_Burke-class_destroyer,5,009.Arleigh_Burke-class_destroyer,0.999974
/mnt/e/aircas/dht/graduation/dataset/ship_fine/test/009.Arleigh_Burke-class_destroyer/P0653.bmp,5,009.Arleigh_Burke-class_destroyer,5,009.Arleigh_Burke-class_destroyer,0.999797
/mnt/e/aircas/dht/graduation/dataset/ship_fine/test/009.Arleigh_Burke-class_destroyer/P0876.bmp,5,009.Arleigh_Burke-class_destroyer,12,018.Whitby_Island-class_dock_landing_ship,0.932509
/mnt/e/aircas/dht/graduation/dataset/ship_fine/test/009.Arleigh_Burke-class_destroyer/P0919.bmp,5,009.Arleigh_Burke-class_destroyer,5,009.Arleigh_Burke-class_destroyer,0.982878
/mnt/e/aircas/dht/graduation/dataset/ship_fine/test/009.Arleigh_Burke-class_destroyer/P0922.bmp,5,009.Arleigh_Burke-class_destroyer,4,008.Ticonderoga-class_cruiser,0.599292
/mnt/e/aircas/dht/graduation/dataset/ship_fine/test/009.Arleigh_Burke-class_destroyer/P0925.bmp,5,009.Arleigh_Burke-class_destroyer,5,009.Arleigh_Burke-class_destroyer,0.754055
/mnt/e/aircas/dht/graduation/dataset/ship_fine/test/009.Arleigh_Burke-class_destroyer/P0939.bmp,5,009.Arleigh_Burke-class_destroyer,5,009.Arleigh_Burke-class_destroyer,0.707242
/mnt/e/aircas/dht/graduation/dataset/ship_fine/test/009.Arleigh_Burke-class_destroyer/P1010.bmp,5,009.Arleigh_Burke-class_destroyer,5,009.Arleigh_Burke-class_destroyer,0.996271
/mnt/e/aircas/dht/graduation/dataset/ship_fine/test/009.Arleigh_Burke-class_destroyer/P1027.bmp,5,009.Arleigh_Burke-class_destroyer,5,009.Arleigh_Burke-class_destroyer,0.999939
/mnt/e/aircas/dht/graduation/dataset/ship_fine/test/009.Arleigh_Burke-class_destroyer/P1034.bmp,5,009.Arleigh_Burke-class_destroyer,27,033.Tank_ship,0.654815
/mnt/e/aircas/dht/graduation/dataset/ship_fine/test/009.Arleigh_Burke-class_destroyer/P1046.bmp,5,009.Arleigh_Burke-class_destroyer,5,009.Arleigh_Burke-class_destroyer,0.999998
/mnt/e/aircas/dht/graduation/dataset/ship_fine/test/009.Arleigh_Burke-class_destroyer/P1098.bmp,5,009.Arleigh_Burke-class_destroyer,5,009.Arleigh_Burke-class_destroyer,1.000000
/mnt/e/aircas/dht/graduation/dataset/ship_fine/test/009.Arleigh_Burke-class_destroyer/P1185.bmp,5,009.Arleigh_Burke-class_destroyer,20,026.Cargo_ship,0.729275
/mnt/e/aircas/dht/graduation/dataset/ship_fine/test/009.Arleigh_Burke-class_destroyer/P1377.bmp,5,009.Arleigh_Burke-class_destroyer,4,008.Ticonderoga-class_cruiser,0.527879
/mnt/e/aircas/dht/graduation/dataset/ship_fine/test/009.Arleigh_Burke-class_destroyer/P1445.bmp,5,009.Arleigh_Burke-class_destroyer,5,009.Arleigh_Burke-class_destroyer,1.000000
/mnt/e/aircas/dht/graduation/dataset/ship_fine/test/009.Arleigh_Burke-class_destroyer/P1577.bmp,5,009.Arleigh_Burke-class_destroyer,5,009.Arleigh_Burke-class_destroyer,0.979149
/mnt/e/aircas/dht/graduation/dataset/ship_fine/test/009.Arleigh_Burke-class_destroyer/P1651.bmp,5,009.Arleigh_Burke-class_destroyer,5,009.Arleigh_Burke-class_destroyer,0.999999
/mnt/e/aircas/dht/graduation/dataset/ship_fine/test/009.Arleigh_Burke-class_destroyer/P1710.bmp,5,009.Arleigh_Burke-class_destroyer,5,009.Arleigh_Burke-class_destroyer,0.999303
/mnt/e/aircas/dht/graduation/dataset/ship_fine/test/009.Arleigh_Burke-class_destroyer/P1767.bmp,5,009.Arleigh_Burke-class_destroyer,5,009.Arleigh_Burke-class_destroyer,0.999772
/mnt/e/aircas/dht/graduation/dataset/ship_fine/test/009.Arleigh_Burke-class_destroyer/P1844.bmp,5,009.Arleigh_Burke-class_destroyer,12,018.Whitby_Island-class_dock_landing_ship,0.430601
/mnt/e/aircas/dht/graduation/dataset/ship_fine/test/009.Arleigh_Burke-class_destroyer/P1868.bmp,5,009.Arleigh_Burke-class_destroyer,5,009.Arleigh_Burke-class_destroyer,0.886726
/mnt/e/aircas/dht/graduation/dataset/ship_fine/test/009.Arleigh_Burke-class_destroyer/P1932.bmp,5,009.Arleigh_Burke-class_destroyer,5,009.Arleigh_Burke-class_destroyer,0.999084
/mnt/e/aircas/dht/graduation/dataset/ship_fine/test/009.Arleigh_Burke-class_destroyer/P1949.bmp,5,009.Arleigh_Burke-class_destroyer,5,009.Arleigh_Burke-class_destroyer,0.817913
/mnt/e/aircas/dht/graduation/dataset/ship_fine/test/009.Arleigh_Burke-class_destroyer/P2056.bmp,5,009.Arleigh_Burke-class_destroyer,5,009.Arleigh_Burke-class_destroyer,0.986698
/mnt/e/aircas/dht/graduation/dataset/ship_fine/test/009.Arleigh_Burke-class_destroyer/P2095.bmp,5,009.Arleigh_Burke-class_destroyer,5,009.Arleigh_Burke-class_destroyer,0.544357
/mnt/e/aircas/dht/graduation/dataset/ship_fine/test/009.Arleigh_Burke-class_destroyer/P2384.bmp,5,009.Arleigh_Burke-class_destroyer,5,009.Arleigh_Burke-class_destroyer,0.999830
/mnt/e/aircas/dht/graduation/dataset/ship_fine/test/009.Arleigh_Burke-class_destroyer/P2426.bmp,5,009.Arleigh_Burke-class_destroyer,5,009.Arleigh_Burke-class_destroyer,0.582071
/mnt/e/aircas/dht/graduation/dataset/ship_fine/test/009.Arleigh_Burke-class_destroyer/P2682.bmp,5,009.Arleigh_Burke-class_destroyer,4,008.Ticonderoga-class_cruiser,0.500066
/mnt/e/aircas/dht/graduation/dataset/ship_fine/test/009.Arleigh_Burke-class_destroyer/P2739.bmp,5,009.Arleigh_Burke-class_destroyer,5,009.Arleigh_Burke-class_destroyer,0.999999
/mnt/e/aircas/dht/graduation/dataset/ship_fine/test/009.Arleigh_Burke-class_destroyer/P2747.bmp,5,009.Arleigh_Burke-class_destroyer,5,009.Arleigh_Burke-class_destroyer,0.892756
/mnt/e/aircas/dht/graduation/dataset/ship_fine/test/009.Arleigh_Burke-class_destroyer/P2759.bmp,5,009.Arleigh_Burke-class_destroyer,4,008.Ticonderoga-class_cruiser,0.480518
/mnt/e/aircas/dht/graduation/dataset/ship_fine/test/009.Arleigh_Burke-class_destroyer/P2770.bmp,5,009.Arleigh_Burke-class_destroyer,5,009.Arleigh_Burke-class_destroyer,0.997181
/mnt/e/aircas/dht/graduation/dataset/ship_fine/test/009.Arleigh_Burke-class_destroyer/P2867.bmp,5,009.Arleigh_Burke-class_destroyer,5,009.Arleigh_Burke-class_destroyer,0.818346
/mnt/e/aircas/dht/graduation/dataset/ship_fine/test/009.Arleigh_Burke-class_destroyer/P2946.bmp,5,009.Arleigh_Burke-class_destroyer,5,009.Arleigh_Burke-class_destroyer,0.917212
/mnt/e/aircas/dht/graduation/dataset/ship_fine/test/009.Arleigh_Burke-class_destroyer/P3123.bmp,5,009.Arleigh_Burke-class_destroyer,13,019.San_Antonio-class_transport_dock,0.974712
/mnt/e/aircas/dht/graduation/dataset/ship_fine/test/009.Arleigh_Burke-class_destroyer/P3183.bmp,5,009.Arleigh_Burke-class_destroyer,4,008.Ticonderoga-class_cruiser,0.577337
/mnt/e/aircas/dht/graduation/dataset/ship_fine/test/009.Arleigh_Burke-class_destroyer/P3664.bmp,5,009.Arleigh_Burke-class_destroyer,5,009.Arleigh_Burke-class_destroyer,0.673949
/mnt/e/aircas/dht/graduation/dataset/ship_fine/test/009.Arleigh_Burke-class_destroyer/P3680.bmp,5,009.Arleigh_Burke-class_destroyer,12,018.Whitby_Island-class_dock_landing_ship,0.845339
/mnt/e/aircas/dht/graduation/dataset/ship_fine/test/009.Arleigh_Burke-class_destroyer/P3703.bmp,5,009.Arleigh_Burke-class_destroyer,5,009.Arleigh_Burke-class_destroyer,0.999920
/mnt/e/aircas/dht/graduation/dataset/ship_fine/test/009.Arleigh_Burke-class_destroyer/P3731.bmp,5,009.Arleigh_Burke-class_destroyer,5,009.Arleigh_Burke-class_destroyer,1.000000
/mnt/e/aircas/dht/graduation/dataset/ship_fine/test/009.Arleigh_Burke-class_destroyer/P3772.bmp,5,009.Arleigh_Burke-class_destroyer,5,009.Arleigh_Burke-class_destroyer,0.999986
/mnt/e/aircas/dht/graduation/dataset/ship_fine/test/009.Arleigh_Burke-class_destroyer/P3809.bmp,5,009.Arleigh_Burke-class_destroyer,5,009.Arleigh_Burke-class_destroyer,0.994293
/mnt/e/aircas/dht/graduation/dataset/ship_fine/test/009.Arleigh_Burke-class_destroyer/P3850.bmp,5,009.Arleigh_Burke-class_destroyer,5,009.Arleigh_Burke-class_destroyer,0.923525
/mnt/e/aircas/dht/graduation/dataset/ship_fine/test/009.Arleigh_Burke-class_destroyer/P4063.bmp,5,009.Arleigh_Burke-class_destroyer,5,009.Arleigh_Burke-class_destroyer,0.974522
/mnt/e/aircas/dht/graduation/dataset/ship_fine/test/009.Arleigh_Burke-class_destroyer/P4122.bmp,5,009.Arleigh_Burke-class_destroyer,5,009.Arleigh_Burke-class_destroyer,0.489639
/mnt/e/aircas/dht/graduation/dataset/ship_fine/test/009.Arleigh_Burke-class_destroyer/P4141.bmp,5,009.Arleigh_Burke-class_destroyer,5,009.Arleigh_Burke-class_destroyer,0.914874
/mnt/e/aircas/dht/graduation/dataset/ship_fine/test/009.Arleigh_Burke-class_destroyer/P4205.bmp,5,009.Arleigh_Burke-class_destroyer,5,009.Arleigh_Burke-class_destroyer,0.986731
/mnt/e/aircas/dht/graduation/dataset/ship_fine/test/009.Arleigh_Burke-class_destroyer/P4335.bmp,5,009.Arleigh_Burke-class_destroyer,5,009.Arleigh_Burke-class_destroyer,0.999905
/mnt/e/aircas/dht/graduation/dataset/ship_fine/test/009.Arleigh_Burke-class_destroyer/P4448.bmp,5,009.Arleigh_Burke-class_destroyer,5,009.Arleigh_Burke-class_destroyer,0.999900
/mnt/e/aircas/dht/graduation/dataset/ship_fine/test/011.Asagiri-class_destroyer/P0231.bmp,6,011.Asagiri-class_destroyer,6,011.Asagiri-class_destroyer,0.982790
/mnt/e/aircas/dht/graduation/dataset/ship_fine/test/011.Asagiri-class_destroyer/P0339.bmp,6,011.Asagiri-class_destroyer,21,027.Murasame-class_destroyer,0.874350
/mnt/e/aircas/dht/graduation/dataset/ship_fine/test/011.Asagiri-class_destroyer/P2298.bmp,6,011.Asagiri-class_destroyer,20,026.Cargo_ship,0.507044
/mnt/e/aircas/dht/graduation/dataset/ship_fine/test/011.Asagiri-class_destroyer/P4082.bmp,6,011.Asagiri-class_destroyer,21,027.Murasame-class_destroyer,0.506170
/mnt/e/aircas/dht/graduation/dataset/ship_fine/test/011.Asagiri-class_destroyer/P6088.bmp,6,011.Asagiri-class_destroyer,15,021.Independence-class_combat_ship,0.363021
/mnt/e/aircas/dht/graduation/dataset/ship_fine/test/011.Asagiri-class_destroyer/P6146.bmp,6,011.Asagiri-class_destroyer,6,011.Asagiri-class_destroyer,0.777653
/mnt/e/aircas/dht/graduation/dataset/ship_fine/test/011.Asagiri-class_destroyer/P9283.bmp,6,011.Asagiri-class_destroyer,6,011.Asagiri-class_destroyer,0.634685
/mnt/e/aircas/dht/graduation/dataset/ship_fine/test/012.Kidd-class_destroyer/P2959.bmp,7,012.Kidd-class_destroyer,7,012.Kidd-class_destroyer,0.998282
/mnt/e/aircas/dht/graduation/dataset/ship_fine/test/012.Kidd-class_destroyer/P3919.bmp,7,012.Kidd-class_destroyer,21,027.Murasame-class_destroyer,0.720548
/mnt/e/aircas/dht/graduation/dataset/ship_fine/test/012.Kidd-class_destroyer/P4132.bmp,7,012.Kidd-class_destroyer,7,012.Kidd-class_destroyer,0.997139
/mnt/e/aircas/dht/graduation/dataset/ship_fine/test/012.Kidd-class_destroyer/P4203.bmp,7,012.Kidd-class_destroyer,7,012.Kidd-class_destroyer,0.769943
/mnt/e/aircas/dht/graduation/dataset/ship_fine/test/012.Kidd-class_destroyer/P4750.bmp,7,012.Kidd-class_destroyer,7,012.Kidd-class_destroyer,0.981560
/mnt/e/aircas/dht/graduation/dataset/ship_fine/test/012.Kidd-class_destroyer/P5322.bmp,7,012.Kidd-class_destroyer,7,012.Kidd-class_destroyer,0.959326
/mnt/e/aircas/dht/graduation/dataset/ship_fine/test/013.Type_45_destroyer/P1911.bmp,8,013.Type_45_destroyer,8,013.Type_45_destroyer,0.934123
/mnt/e/aircas/dht/graduation/dataset/ship_fine/test/013.Type_45_destroyer/P2066.bmp,8,013.Type_45_destroyer,8,013.Type_45_destroyer,0.999150
/mnt/e/aircas/dht/graduation/dataset/ship_fine/test/013.Type_45_destroyer/P2887.bmp,8,013.Type_45_destroyer,5,009.Arleigh_Burke-class_destroyer,0.469687
/mnt/e/aircas/dht/graduation/dataset/ship_fine/test/013.Type_45_destroyer/P4157.bmp,8,013.Type_45_destroyer,8,013.Type_45_destroyer,0.878008
/mnt/e/aircas/dht/graduation/dataset/ship_fine/test/013.Type_45_destroyer/P5831.bmp,8,013.Type_45_destroyer,8,013.Type_45_destroyer,0.994073
/mnt/e/aircas/dht/graduation/dataset/ship_fine/test/013.Type_45_destroyer/P6278.bmp,8,013.Type_45_destroyer,8,013.Type_45_destroyer,0.993460
/mnt/e/aircas/dht/graduation/dataset/ship_fine/test/013.Type_45_destroyer/P6745.bmp,8,013.Type_45_destroyer,8,013.Type_45_destroyer,0.742358
/mnt/e/aircas/dht/graduation/dataset/ship_fine/test/013.Type_45_destroyer/P7095.bmp,8,013.Type_45_destroyer,8,013.Type_45_destroyer,0.918513
/mnt/e/aircas/dht/graduation/dataset/ship_fine/test/013.Type_45_destroyer/P7167.bmp,8,013.Type_45_destroyer,8,013.Type_45_destroyer,0.998164
/mnt/e/aircas/dht/graduation/dataset/ship_fine/test/013.Type_45_destroyer/P7467.bmp,8,013.Type_45_destroyer,8,013.Type_45_destroyer,0.986286
/mnt/e/aircas/dht/graduation/dataset/ship_fine/test/013.Type_45_destroyer/P7495.bmp,8,013.Type_45_destroyer,27,033.Tank_ship,0.717040
/mnt/e/aircas/dht/graduation/dataset/ship_fine/test/013.Type_45_destroyer/P7537.bmp,8,013.Type_45_destroyer,8,013.Type_45_destroyer,0.513984
/mnt/e/aircas/dht/graduation/dataset/ship_fine/test/013.Type_45_destroyer/P7940.bmp,8,013.Type_45_destroyer,8,013.Type_45_destroyer,0.996259
/mnt/e/aircas/dht/graduation/dataset/ship_fine/test/013.Type_45_destroyer/P9202.bmp,8,013.Type_45_destroyer,8,013.Type_45_destroyer,0.998286
/mnt/e/aircas/dht/graduation/dataset/ship_fine/test/013.Type_45_destroyer/P9815.bmp,8,013.Type_45_destroyer,8,013.Type_45_destroyer,0.877491
/mnt/e/aircas/dht/graduation/dataset/ship_fine/test/014.Wasp-class_assault_ship/P0129.bmp,9,014.Wasp-class_assault_ship,9,014.Wasp-class_assault_ship,0.999969
/mnt/e/aircas/dht/graduation/dataset/ship_fine/test/014.Wasp-class_assault_ship/P0242.bmp,9,014.Wasp-class_assault_ship,5,009.Arleigh_Burke-class_destroyer,0.931418
/mnt/e/aircas/dht/graduation/dataset/ship_fine/test/014.Wasp-class_assault_ship/P0462.bmp,9,014.Wasp-class_assault_ship,9,014.Wasp-class_assault_ship,0.937081
/mnt/e/aircas/dht/graduation/dataset/ship_fine/test/014.Wasp-class_assault_ship/P0594.bmp,9,014.Wasp-class_assault_ship,5,009.Arleigh_Burke-class_destroyer,0.701157
/mnt/e/aircas/dht/graduation/dataset/ship_fine/test/014.Wasp-class_assault_ship/P0658.bmp,9,014.Wasp-class_assault_ship,9,014.Wasp-class_assault_ship,0.633278
/mnt/e/aircas/dht/graduation/dataset/ship_fine/test/014.Wasp-class_assault_ship/P0969.bmp,9,014.Wasp-class_assault_ship,9,014.Wasp-class_assault_ship,0.999708
/mnt/e/aircas/dht/graduation/dataset/ship_fine/test/014.Wasp-class_assault_ship/P1080.bmp,9,014.Wasp-class_assault_ship,9,014.Wasp-class_assault_ship,0.999990
/mnt/e/aircas/dht/graduation/dataset/ship_fine/test/014.Wasp-class_assault_ship/P1529.bmp,9,014.Wasp-class_assault_ship,17,023.Crane_ship,0.300576
/mnt/e/aircas/dht/graduation/dataset/ship_fine/test/014.Wasp-class_assault_ship/P1740.bmp,9,014.Wasp-class_assault_ship,9,014.Wasp-class_assault_ship,0.989413
/mnt/e/aircas/dht/graduation/dataset/ship_fine/test/014.Wasp-class_assault_ship/P1773.bmp,9,014.Wasp-class_assault_ship,9,014.Wasp-class_assault_ship,0.996569
/mnt/e/aircas/dht/graduation/dataset/ship_fine/test/014.Wasp-class_assault_ship/P2330.bmp,9,014.Wasp-class_assault_ship,9,014.Wasp-class_assault_ship,0.997425
/mnt/e/aircas/dht/graduation/dataset/ship_fine/test/014.Wasp-class_assault_ship/P2366.bmp,9,014.Wasp-class_assault_ship,9,014.Wasp-class_assault_ship,0.455212
/mnt/e/aircas/dht/graduation/dataset/ship_fine/test/014.Wasp-class_assault_ship/P2457.bmp,9,014.Wasp-class_assault_ship,9,014.Wasp-class_assault_ship,0.999056
/mnt/e/aircas/dht/graduation/dataset/ship_fine/test/014.Wasp-class_assault_ship/P2676.bmp,9,014.Wasp-class_assault_ship,9,014.Wasp-class_assault_ship,0.999367
/mnt/e/aircas/dht/graduation/dataset/ship_fine/test/014.Wasp-class_assault_ship/P2874.bmp,9,014.Wasp-class_assault_ship,9,014.Wasp-class_assault_ship,0.987247
/mnt/e/aircas/dht/graduation/dataset/ship_fine/test/014.Wasp-class_assault_ship/P3485.bmp,9,014.Wasp-class_assault_ship,9,014.Wasp-class_assault_ship,0.990380
/mnt/e/aircas/dht/graduation/dataset/ship_fine/test/014.Wasp-class_assault_ship/P4057.bmp,9,014.Wasp-class_assault_ship,9,014.Wasp-class_assault_ship,0.657814
/mnt/e/aircas/dht/graduation/dataset/ship_fine/test/014.Wasp-class_assault_ship/P4358.bmp,9,014.Wasp-class_assault_ship,9,014.Wasp-class_assault_ship,0.993639
/mnt/e/aircas/dht/graduation/dataset/ship_fine/test/014.Wasp-class_assault_ship/P4371.bmp,9,014.Wasp-class_assault_ship,9,014.Wasp-class_assault_ship,0.831799
/mnt/e/aircas/dht/graduation/dataset/ship_fine/test/014.Wasp-class_assault_ship/P4735.bmp,9,014.Wasp-class_assault_ship,9,014.Wasp-class_assault_ship,0.898470
/mnt/e/aircas/dht/graduation/dataset/ship_fine/test/014.Wasp-class_assault_ship/P5274.bmp,9,014.Wasp-class_assault_ship,9,014.Wasp-class_assault_ship,0.966063
/mnt/e/aircas/dht/graduation/dataset/ship_fine/test/014.Wasp-class_assault_ship/P5350.bmp,9,014.Wasp-class_assault_ship,9,014.Wasp-class_assault_ship,0.990108
/mnt/e/aircas/dht/graduation/dataset/ship_fine/test/014.Wasp-class_assault_ship/P5602.bmp,9,014.Wasp-class_assault_ship,15,021.Independence-class_combat_ship,0.516067
/mnt/e/aircas/dht/graduation/dataset/ship_fine/test/014.Wasp-class_assault_ship/P5605.bmp,9,014.Wasp-class_assault_ship,9,014.Wasp-class_assault_ship,0.780427
/mnt/e/aircas/dht/graduation/dataset/ship_fine/test/014.Wasp-class_assault_ship/P5727.bmp,9,014.Wasp-class_assault_ship,9,014.Wasp-class_assault_ship,0.997951
/mnt/e/aircas/dht/graduation/dataset/ship_fine/test/014.Wasp-class_assault_ship/P5871.bmp,9,014.Wasp-class_assault_ship,9,014.Wasp-class_assault_ship,0.999014
/mnt/e/aircas/dht/graduation/dataset/ship_fine/test/014.Wasp-class_assault_ship/P6111.bmp,9,014.Wasp-class_assault_ship,9,014.Wasp-class_assault_ship,0.993619
/mnt/e/aircas/dht/graduation/dataset/ship_fine/test/014.Wasp-class_assault_ship/P6361.bmp,9,014.Wasp-class_assault_ship,5,009.Arleigh_Burke-class_destroyer,0.868051
/mnt/e/aircas/dht/graduation/dataset/ship_fine/test/014.Wasp-class_assault_ship/P6580.bmp,9,014.Wasp-class_assault_ship,9,014.Wasp-class_assault_ship,0.999909
/mnt/e/aircas/dht/graduation/dataset/ship_fine/test/014.Wasp-class_assault_ship/P6636.bmp,9,014.Wasp-class_assault_ship,9,014.Wasp-class_assault_ship,0.980640
/mnt/e/aircas/dht/graduation/dataset/ship_fine/test/014.Wasp-class_assault_ship/P6809.bmp,9,014.Wasp-class_assault_ship,9,014.Wasp-class_assault_ship,0.706894
/mnt/e/aircas/dht/graduation/dataset/ship_fine/test/014.Wasp-class_assault_ship/P6974.bmp,9,014.Wasp-class_assault_ship,9,014.Wasp-class_assault_ship,0.998119
/mnt/e/aircas/dht/graduation/dataset/ship_fine/test/014.Wasp-class_assault_ship/P6999.bmp,9,014.Wasp-class_assault_ship,5,009.Arleigh_Burke-class_destroyer,0.767926
/mnt/e/aircas/dht/graduation/dataset/ship_fine/test/014.Wasp-class_assault_ship/P7229.bmp,9,014.Wasp-class_assault_ship,9,014.Wasp-class_assault_ship,0.993150
/mnt/e/aircas/dht/graduation/dataset/ship_fine/test/014.Wasp-class_assault_ship/P7377.bmp,9,014.Wasp-class_assault_ship,9,014.Wasp-class_assault_ship,0.478746
/mnt/e/aircas/dht/graduation/dataset/ship_fine/test/014.Wasp-class_assault_ship/P7394.bmp,9,014.Wasp-class_assault_ship,9,014.Wasp-class_assault_ship,0.999990
/mnt/e/aircas/dht/graduation/dataset/ship_fine/test/014.Wasp-class_assault_ship/P7426.bmp,9,014.Wasp-class_assault_ship,9,014.Wasp-class_assault_ship,0.999953
/mnt/e/aircas/dht/graduation/dataset/ship_fine/test/014.Wasp-class_assault_ship/P7959.bmp,9,014.Wasp-class_assault_ship,9,014.Wasp-class_assault_ship,0.999893
/mnt/e/aircas/dht/graduation/dataset/ship_fine/test/014.Wasp-class_assault_ship/P8104.bmp,9,014.Wasp-class_assault_ship,9,014.Wasp-class_assault_ship,0.982315
/mnt/e/aircas/dht/graduation/dataset/ship_fine/test/014.Wasp-class_assault_ship/P8835.bmp,9,014.Wasp-class_assault_ship,9,014.Wasp-class_assault_ship,0.998873
/mnt/e/aircas/dht/graduation/dataset/ship_fine/test/014.Wasp-class_assault_ship/P8933.bmp,9,014.Wasp-class_assault_ship,9,014.Wasp-class_assault_ship,0.999971
/mnt/e/aircas/dht/graduation/dataset/ship_fine/test/014.Wasp-class_assault_ship/P9115.bmp,9,014.Wasp-class_assault_ship,9,014.Wasp-class_assault_ship,0.676315
/mnt/e/aircas/dht/graduation/dataset/ship_fine/test/014.Wasp-class_assault_ship/P9143.bmp,9,014.Wasp-class_assault_ship,9,014.Wasp-class_assault_ship,0.999988
/mnt/e/aircas/dht/graduation/dataset/ship_fine/test/014.Wasp-class_assault_ship/P9294.bmp,9,014.Wasp-class_assault_ship,9,014.Wasp-class_assault_ship,0.999935
/mnt/e/aircas/dht/graduation/dataset/ship_fine/test/014.Wasp-class_assault_ship/P9532.bmp,9,014.Wasp-class_assault_ship,9,014.Wasp-class_assault_ship,0.987235
/mnt/e/aircas/dht/graduation/dataset/ship_fine/test/015.Osumi-class_landing_ship/P0141.bmp,10,015.Osumi-class_landing_ship,10,015.Osumi-class_landing_ship,0.999955
/mnt/e/aircas/dht/graduation/dataset/ship_fine/test/015.Osumi-class_landing_ship/P1177.bmp,10,015.Osumi-class_landing_ship,20,026.Cargo_ship,0.944807
/mnt/e/aircas/dht/graduation/dataset/ship_fine/test/015.Osumi-class_landing_ship/P2488.bmp,10,015.Osumi-class_landing_ship,21,027.Murasame-class_destroyer,0.974984
/mnt/e/aircas/dht/graduation/dataset/ship_fine/test/015.Osumi-class_landing_ship/P3875.bmp,10,015.Osumi-class_landing_ship,5,009.Arleigh_Burke-class_destroyer,0.436765
/mnt/e/aircas/dht/graduation/dataset/ship_fine/test/015.Osumi-class_landing_ship/P4930.bmp,10,015.Osumi-class_landing_ship,10,015.Osumi-class_landing_ship,0.995741
/mnt/e/aircas/dht/graduation/dataset/ship_fine/test/015.Osumi-class_landing_ship/P6157.bmp,10,015.Osumi-class_landing_ship,6,011.Asagiri-class_destroyer,0.405840
/mnt/e/aircas/dht/graduation/dataset/ship_fine/test/015.Osumi-class_landing_ship/P6838.bmp,10,015.Osumi-class_landing_ship,18,024.Abukuma-class_frigate,0.784327
/mnt/e/aircas/dht/graduation/dataset/ship_fine/test/015.Osumi-class_landing_ship/P8869.bmp,10,015.Osumi-class_landing_ship,10,015.Osumi-class_landing_ship,0.999699
/mnt/e/aircas/dht/graduation/dataset/ship_fine/test/015.Osumi-class_landing_ship/P9218.bmp,10,015.Osumi-class_landing_ship,10,015.Osumi-class_landing_ship,0.991407
/mnt/e/aircas/dht/graduation/dataset/ship_fine/test/015.Osumi-class_landing_ship/P9583.bmp,10,015.Osumi-class_landing_ship,18,024.Abukuma-class_frigate,0.590729
/mnt/e/aircas/dht/graduation/dataset/ship_fine/test/015.Osumi-class_landing_ship/P9797.bmp,10,015.Osumi-class_landing_ship,10,015.Osumi-class_landing_ship,0.999457
/mnt/e/aircas/dht/graduation/dataset/ship_fine/test/017.Lzumo-class_helicopter_destroyer/P1737.bmp,11,017.Lzumo-class_helicopter_destroyer,6,011.Asagiri-class_destroyer,0.831500
/mnt/e/aircas/dht/graduation/dataset/ship_fine/test/017.Lzumo-class_helicopter_destroyer/P4147.bmp,11,017.Lzumo-class_helicopter_destroyer,11,017.Lzumo-class_helicopter_destroyer,0.999771
/mnt/e/aircas/dht/graduation/dataset/ship_fine/test/017.Lzumo-class_helicopter_destroyer/P6956.bmp,11,017.Lzumo-class_helicopter_destroyer,11,017.Lzumo-class_helicopter_destroyer,0.992942
/mnt/e/aircas/dht/graduation/dataset/ship_fine/test/017.Lzumo-class_helicopter_destroyer/P7519.bmp,11,017.Lzumo-class_helicopter_destroyer,11,017.Lzumo-class_helicopter_destroyer,0.736973
/mnt/e/aircas/dht/graduation/dataset/ship_fine/test/017.Lzumo-class_helicopter_destroyer/P9101.bmp,11,017.Lzumo-class_helicopter_destroyer,11,017.Lzumo-class_helicopter_destroyer,0.841923
/mnt/e/aircas/dht/graduation/dataset/ship_fine/test/017.Lzumo-class_helicopter_destroyer/P9123.bmp,11,017.Lzumo-class_helicopter_destroyer,11,017.Lzumo-class_helicopter_destroyer,0.511418
/mnt/e/aircas/dht/graduation/dataset/ship_fine/test/018.Whitby_Island-class_dock_landing_ship/P0355.bmp,12,018.Whitby_Island-class_dock_landing_ship,12,018.Whitby_Island-class_dock_landing_ship,0.812128
/mnt/e/aircas/dht/graduation/dataset/ship_fine/test/018.Whitby_Island-class_dock_landing_ship/P0540.bmp,12,018.Whitby_Island-class_dock_landing_ship,12,018.Whitby_Island-class_dock_landing_ship,0.491554
/mnt/e/aircas/dht/graduation/dataset/ship_fine/test/018.Whitby_Island-class_dock_landing_ship/P1034.bmp,12,018.Whitby_Island-class_dock_landing_ship,13,019.San_Antonio-class_transport_dock,0.484686
/mnt/e/aircas/dht/graduation/dataset/ship_fine/test/018.Whitby_Island-class_dock_landing_ship/P1599.bmp,12,018.Whitby_Island-class_dock_landing_ship,12,018.Whitby_Island-class_dock_landing_ship,0.967874
/mnt/e/aircas/dht/graduation/dataset/ship_fine/test/018.Whitby_Island-class_dock_landing_ship/P2090.bmp,12,018.Whitby_Island-class_dock_landing_ship,5,009.Arleigh_Burke-class_destroyer,0.943172
/mnt/e/aircas/dht/graduation/dataset/ship_fine/test/018.Whitby_Island-class_dock_landing_ship/P2120.bmp,12,018.Whitby_Island-class_dock_landing_ship,5,009.Arleigh_Burke-class_destroyer,0.804033
/mnt/e/aircas/dht/graduation/dataset/ship_fine/test/018.Whitby_Island-class_dock_landing_ship/P2274.bmp,12,018.Whitby_Island-class_dock_landing_ship,12,018.Whitby_Island-class_dock_landing_ship,0.871632
/mnt/e/aircas/dht/graduation/dataset/ship_fine/test/018.Whitby_Island-class_dock_landing_ship/P2301.bmp,12,018.Whitby_Island-class_dock_landing_ship,5,009.Arleigh_Burke-class_destroyer,0.914357
/mnt/e/aircas/dht/graduation/dataset/ship_fine/test/018.Whitby_Island-class_dock_landing_ship/P2625.bmp,12,018.Whitby_Island-class_dock_landing_ship,12,018.Whitby_Island-class_dock_landing_ship,0.852024
/mnt/e/aircas/dht/graduation/dataset/ship_fine/test/018.Whitby_Island-class_dock_landing_ship/P3382.bmp,12,018.Whitby_Island-class_dock_landing_ship,27,033.Tank_ship,0.865625
/mnt/e/aircas/dht/graduation/dataset/ship_fine/test/018.Whitby_Island-class_dock_landing_ship/P3533.bmp,12,018.Whitby_Island-class_dock_landing_ship,12,018.Whitby_Island-class_dock_landing_ship,0.992345
/mnt/e/aircas/dht/graduation/dataset/ship_fine/test/018.Whitby_Island-class_dock_landing_ship/P3571.bmp,12,018.Whitby_Island-class_dock_landing_ship,5,009.Arleigh_Burke-class_destroyer,0.937160
/mnt/e/aircas/dht/graduation/dataset/ship_fine/test/018.Whitby_Island-class_dock_landing_ship/P4049.bmp,12,018.Whitby_Island-class_dock_landing_ship,12,018.Whitby_Island-class_dock_landing_ship,0.917789
/mnt/e/aircas/dht/graduation/dataset/ship_fine/test/018.Whitby_Island-class_dock_landing_ship/P4562.bmp,12,018.Whitby_Island-class_dock_landing_ship,5,009.Arleigh_Burke-class_destroyer,0.379113
/mnt/e/aircas/dht/graduation/dataset/ship_fine/test/018.Whitby_Island-class_dock_landing_ship/P4759.bmp,12,018.Whitby_Island-class_dock_landing_ship,5,009.Arleigh_Burke-class_destroyer,0.495555
/mnt/e/aircas/dht/graduation/dataset/ship_fine/test/018.Whitby_Island-class_dock_landing_ship/P5530.bmp,12,018.Whitby_Island-class_dock_landing_ship,13,019.San_Antonio-class_transport_dock,0.681669
/mnt/e/aircas/dht/graduation/dataset/ship_fine/test/018.Whitby_Island-class_dock_landing_ship/P5565.bmp,12,018.Whitby_Island-class_dock_landing_ship,12,018.Whitby_Island-class_dock_landing_ship,0.998590
/mnt/e/aircas/dht/graduation/dataset/ship_fine/test/018.Whitby_Island-class_dock_landing_ship/P5847.bmp,12,018.Whitby_Island-class_dock_landing_ship,5,009.Arleigh_Burke-class_destroyer,0.437607
/mnt/e/aircas/dht/graduation/dataset/ship_fine/test/018.Whitby_Island-class_dock_landing_ship/P6027.bmp,12,018.Whitby_Island-class_dock_landing_ship,5,009.Arleigh_Burke-class_destroyer,0.359020
/mnt/e/aircas/dht/graduation/dataset/ship_fine/test/018.Whitby_Island-class_dock_landing_ship/P6885.bmp,12,018.Whitby_Island-class_dock_landing_ship,12,018.Whitby_Island-class_dock_landing_ship,0.938731
/mnt/e/aircas/dht/graduation/dataset/ship_fine/test/018.Whitby_Island-class_dock_landing_ship/P7152.bmp,12,018.Whitby_Island-class_dock_landing_ship,15,021.Independence-class_combat_ship,0.592786
/mnt/e/aircas/dht/graduation/dataset/ship_fine/test/018.Whitby_Island-class_dock_landing_ship/P7258.bmp,12,018.Whitby_Island-class_dock_landing_ship,12,018.Whitby_Island-class_dock_landing_ship,0.946025
/mnt/e/aircas/dht/graduation/dataset/ship_fine/test/018.Whitby_Island-class_dock_landing_ship/P7273.bmp,12,018.Whitby_Island-class_dock_landing_ship,12,018.Whitby_Island-class_dock_landing_ship,0.995200
/mnt/e/aircas/dht/graduation/dataset/ship_fine/test/018.Whitby_Island-class_dock_landing_ship/P7415.bmp,12,018.Whitby_Island-class_dock_landing_ship,4,008.Ticonderoga-class_cruiser,0.572662
/mnt/e/aircas/dht/graduation/dataset/ship_fine/test/018.Whitby_Island-class_dock_landing_ship/P8011.bmp,12,018.Whitby_Island-class_dock_landing_ship,12,018.Whitby_Island-class_dock_landing_ship,0.825067
/mnt/e/aircas/dht/graduation/dataset/ship_fine/test/018.Whitby_Island-class_dock_landing_ship/P8923.bmp,12,018.Whitby_Island-class_dock_landing_ship,12,018.Whitby_Island-class_dock_landing_ship,0.688154
/mnt/e/aircas/dht/graduation/dataset/ship_fine/test/018.Whitby_Island-class_dock_landing_ship/P9742.bmp,12,018.Whitby_Island-class_dock_landing_ship,5,009.Arleigh_Burke-class_destroyer,0.527011
/mnt/e/aircas/dht/graduation/dataset/ship_fine/test/019.San_Antonio-class_transport_dock/P0081.bmp,13,019.San_Antonio-class_transport_dock,13,019.San_Antonio-class_transport_dock,0.997994
/mnt/e/aircas/dht/graduation/dataset/ship_fine/test/019.San_Antonio-class_transport_dock/P0357.bmp,13,019.San_Antonio-class_transport_dock,13,019.San_Antonio-class_transport_dock,0.944492
/mnt/e/aircas/dht/graduation/dataset/ship_fine/test/019.San_Antonio-class_transport_dock/P0450.bmp,13,019.San_Antonio-class_transport_dock,13,019.San_Antonio-class_transport_dock,0.488992
/mnt/e/aircas/dht/graduation/dataset/ship_fine/test/019.San_Antonio-class_transport_dock/P1049.bmp,13,019.San_Antonio-class_transport_dock,4,008.Ticonderoga-class_cruiser,0.836699
/mnt/e/aircas/dht/graduation/dataset/ship_fine/test/019.San_Antonio-class_transport_dock/P1053.bmp,13,019.San_Antonio-class_transport_dock,13,019.San_Antonio-class_transport_dock,0.947858
/mnt/e/aircas/dht/graduation/dataset/ship_fine/test/019.San_Antonio-class_transport_dock/P1437.bmp,13,019.San_Antonio-class_transport_dock,13,019.San_Antonio-class_transport_dock,0.841087
/mnt/e/aircas/dht/graduation/dataset/ship_fine/test/019.San_Antonio-class_transport_dock/P1624.bmp,13,019.San_Antonio-class_transport_dock,12,018.Whitby_Island-class_dock_landing_ship,0.982026
/mnt/e/aircas/dht/graduation/dataset/ship_fine/test/019.San_Antonio-class_transport_dock/P1760.bmp,13,019.San_Antonio-class_transport_dock,13,019.San_Antonio-class_transport_dock,0.977896
/mnt/e/aircas/dht/graduation/dataset/ship_fine/test/019.San_Antonio-class_transport_dock/P1814.bmp,13,019.San_Antonio-class_transport_dock,13,019.San_Antonio-class_transport_dock,0.962434
/mnt/e/aircas/dht/graduation/dataset/ship_fine/test/019.San_Antonio-class_transport_dock/P2131.bmp,13,019.San_Antonio-class_transport_dock,5,009.Arleigh_Burke-class_destroyer,0.611941
/mnt/e/aircas/dht/graduation/dataset/ship_fine/test/019.San_Antonio-class_transport_dock/P2362.bmp,13,019.San_Antonio-class_transport_dock,17,023.Crane_ship,0.368104
/mnt/e/aircas/dht/graduation/dataset/ship_fine/test/019.San_Antonio-class_transport_dock/P2705.bmp,13,019.San_Antonio-class_transport_dock,13,019.San_Antonio-class_transport_dock,0.968966
/mnt/e/aircas/dht/graduation/dataset/ship_fine/test/019.San_Antonio-class_transport_dock/P2719.bmp,13,019.San_Antonio-class_transport_dock,13,019.San_Antonio-class_transport_dock,0.715934
/mnt/e/aircas/dht/graduation/dataset/ship_fine/test/019.San_Antonio-class_transport_dock/P2962.bmp,13,019.San_Antonio-class_transport_dock,13,019.San_Antonio-class_transport_dock,0.999288
/mnt/e/aircas/dht/graduation/dataset/ship_fine/test/019.San_Antonio-class_transport_dock/P3289.bmp,13,019.San_Antonio-class_transport_dock,4,008.Ticonderoga-class_cruiser,0.452099
/mnt/e/aircas/dht/graduation/dataset/ship_fine/test/019.San_Antonio-class_transport_dock/P3357.bmp,13,019.San_Antonio-class_transport_dock,13,019.San_Antonio-class_transport_dock,0.364937
/mnt/e/aircas/dht/graduation/dataset/ship_fine/test/019.San_Antonio-class_transport_dock/P3503.bmp,13,019.San_Antonio-class_transport_dock,13,019.San_Antonio-class_transport_dock,0.912699
/mnt/e/aircas/dht/graduation/dataset/ship_fine/test/019.San_Antonio-class_transport_dock/P3521.bmp,13,019.San_Antonio-class_transport_dock,13,019.San_Antonio-class_transport_dock,0.496776
/mnt/e/aircas/dht/graduation/dataset/ship_fine/test/019.San_Antonio-class_transport_dock/P3602.bmp,13,019.San_Antonio-class_transport_dock,13,019.San_Antonio-class_transport_dock,0.777233
/mnt/e/aircas/dht/graduation/dataset/ship_fine/test/019.San_Antonio-class_transport_dock/P3850.bmp,13,019.San_Antonio-class_transport_dock,5,009.Arleigh_Burke-class_destroyer,0.519945
/mnt/e/aircas/dht/graduation/dataset/ship_fine/test/019.San_Antonio-class_transport_dock/P4188.bmp,13,019.San_Antonio-class_transport_dock,13,019.San_Antonio-class_transport_dock,0.619493
/mnt/e/aircas/dht/graduation/dataset/ship_fine/test/019.San_Antonio-class_transport_dock/P4258.bmp,13,019.San_Antonio-class_transport_dock,4,008.Ticonderoga-class_cruiser,0.275311
/mnt/e/aircas/dht/graduation/dataset/ship_fine/test/019.San_Antonio-class_transport_dock/P5576.bmp,13,019.San_Antonio-class_transport_dock,13,019.San_Antonio-class_transport_dock,0.608279
/mnt/e/aircas/dht/graduation/dataset/ship_fine/test/019.San_Antonio-class_transport_dock/P6037.bmp,13,019.San_Antonio-class_transport_dock,12,018.Whitby_Island-class_dock_landing_ship,0.531879
/mnt/e/aircas/dht/graduation/dataset/ship_fine/test/019.San_Antonio-class_transport_dock/P7144.bmp,13,019.San_Antonio-class_transport_dock,13,019.San_Antonio-class_transport_dock,0.956438
/mnt/e/aircas/dht/graduation/dataset/ship_fine/test/019.San_Antonio-class_transport_dock/P7190.bmp,13,019.San_Antonio-class_transport_dock,23,029.Towing_vessel,0.549306
/mnt/e/aircas/dht/graduation/dataset/ship_fine/test/019.San_Antonio-class_transport_dock/P7721.bmp,13,019.San_Antonio-class_transport_dock,13,019.San_Antonio-class_transport_dock,0.819563
/mnt/e/aircas/dht/graduation/dataset/ship_fine/test/019.San_Antonio-class_transport_dock/P7867.bmp,13,019.San_Antonio-class_transport_dock,5,009.Arleigh_Burke-class_destroyer,0.686047
/mnt/e/aircas/dht/graduation/dataset/ship_fine/test/019.San_Antonio-class_transport_dock/P8277.bmp,13,019.San_Antonio-class_transport_dock,13,019.San_Antonio-class_transport_dock,0.796818
/mnt/e/aircas/dht/graduation/dataset/ship_fine/test/019.San_Antonio-class_transport_dock/P8928.bmp,13,019.San_Antonio-class_transport_dock,13,019.San_Antonio-class_transport_dock,0.917189
/mnt/e/aircas/dht/graduation/dataset/ship_fine/test/019.San_Antonio-class_transport_dock/P9862.bmp,13,019.San_Antonio-class_transport_dock,13,019.San_Antonio-class_transport_dock,0.326140
/mnt/e/aircas/dht/graduation/dataset/ship_fine/test/020.Freedom-class_combat_ship/P1294.bmp,14,020.Freedom-class_combat_ship,23,029.Towing_vessel,0.565602
/mnt/e/aircas/dht/graduation/dataset/ship_fine/test/020.Freedom-class_combat_ship/P1475.bmp,14,020.Freedom-class_combat_ship,14,020.Freedom-class_combat_ship,0.963955
/mnt/e/aircas/dht/graduation/dataset/ship_fine/test/020.Freedom-class_combat_ship/P1914.bmp,14,020.Freedom-class_combat_ship,14,020.Freedom-class_combat_ship,0.844381
/mnt/e/aircas/dht/graduation/dataset/ship_fine/test/020.Freedom-class_combat_ship/P2673.bmp,14,020.Freedom-class_combat_ship,14,020.Freedom-class_combat_ship,0.998715
/mnt/e/aircas/dht/graduation/dataset/ship_fine/test/020.Freedom-class_combat_ship/P2714.bmp,14,020.Freedom-class_combat_ship,4,008.Ticonderoga-class_cruiser,0.720971
/mnt/e/aircas/dht/graduation/dataset/ship_fine/test/020.Freedom-class_combat_ship/P3245.bmp,14,020.Freedom-class_combat_ship,14,020.Freedom-class_combat_ship,0.898138
/mnt/e/aircas/dht/graduation/dataset/ship_fine/test/020.Freedom-class_combat_ship/P4264.bmp,14,020.Freedom-class_combat_ship,14,020.Freedom-class_combat_ship,0.510969
/mnt/e/aircas/dht/graduation/dataset/ship_fine/test/020.Freedom-class_combat_ship/P4485.bmp,14,020.Freedom-class_combat_ship,14,020.Freedom-class_combat_ship,0.999997
/mnt/e/aircas/dht/graduation/dataset/ship_fine/test/020.Freedom-class_combat_ship/P5203.bmp,14,020.Freedom-class_combat_ship,15,021.Independence-class_combat_ship,0.608079
/mnt/e/aircas/dht/graduation/dataset/ship_fine/test/020.Freedom-class_combat_ship/P5338.bmp,14,020.Freedom-class_combat_ship,14,020.Freedom-class_combat_ship,0.953728
/mnt/e/aircas/dht/graduation/dataset/ship_fine/test/020.Freedom-class_combat_ship/P5825.bmp,14,020.Freedom-class_combat_ship,4,008.Ticonderoga-class_cruiser,0.709977
/mnt/e/aircas/dht/graduation/dataset/ship_fine/test/020.Freedom-class_combat_ship/P6534.bmp,14,020.Freedom-class_combat_ship,14,020.Freedom-class_combat_ship,0.557322
/mnt/e/aircas/dht/graduation/dataset/ship_fine/test/020.Freedom-class_combat_ship/P6707.bmp,14,020.Freedom-class_combat_ship,14,020.Freedom-class_combat_ship,0.966132
/mnt/e/aircas/dht/graduation/dataset/ship_fine/test/020.Freedom-class_combat_ship/P7070.bmp,14,020.Freedom-class_combat_ship,15,021.Independence-class_combat_ship,0.485625
/mnt/e/aircas/dht/graduation/dataset/ship_fine/test/020.Freedom-class_combat_ship/P7429.bmp,14,020.Freedom-class_combat_ship,4,008.Ticonderoga-class_cruiser,0.931410
/mnt/e/aircas/dht/graduation/dataset/ship_fine/test/020.Freedom-class_combat_ship/P9066.bmp,14,020.Freedom-class_combat_ship,14,020.Freedom-class_combat_ship,0.984597
/mnt/e/aircas/dht/graduation/dataset/ship_fine/test/020.Freedom-class_combat_ship/P9283.bmp,14,020.Freedom-class_combat_ship,4,008.Ticonderoga-class_cruiser,0.580704
/mnt/e/aircas/dht/graduation/dataset/ship_fine/test/021.Independence-class_combat_ship/P0627.bmp,15,021.Independence-class_combat_ship,15,021.Independence-class_combat_ship,0.999985
/mnt/e/aircas/dht/graduation/dataset/ship_fine/test/021.Independence-class_combat_ship/P1781.bmp,15,021.Independence-class_combat_ship,15,021.Independence-class_combat_ship,0.983213
/mnt/e/aircas/dht/graduation/dataset/ship_fine/test/021.Independence-class_combat_ship/P2691.bmp,15,021.Independence-class_combat_ship,15,021.Independence-class_combat_ship,0.999575
/mnt/e/aircas/dht/graduation/dataset/ship_fine/test/021.Independence-class_combat_ship/P3052.bmp,15,021.Independence-class_combat_ship,15,021.Independence-class_combat_ship,0.561657
/mnt/e/aircas/dht/graduation/dataset/ship_fine/test/021.Independence-class_combat_ship/P3232.bmp,15,021.Independence-class_combat_ship,15,021.Independence-class_combat_ship,1.000000
/mnt/e/aircas/dht/graduation/dataset/ship_fine/test/021.Independence-class_combat_ship/P3296.bmp,15,021.Independence-class_combat_ship,15,021.Independence-class_combat_ship,0.999689
/mnt/e/aircas/dht/graduation/dataset/ship_fine/test/021.Independence-class_combat_ship/P4230.bmp,15,021.Independence-class_combat_ship,23,029.Towing_vessel,0.557208
/mnt/e/aircas/dht/graduation/dataset/ship_fine/test/021.Independence-class_combat_ship/P4238.bmp,15,021.Independence-class_combat_ship,15,021.Independence-class_combat_ship,0.696566
/mnt/e/aircas/dht/graduation/dataset/ship_fine/test/021.Independence-class_combat_ship/P4301.bmp,15,021.Independence-class_combat_ship,15,021.Independence-class_combat_ship,0.987573
/mnt/e/aircas/dht/graduation/dataset/ship_fine/test/021.Independence-class_combat_ship/P4572.bmp,15,021.Independence-class_combat_ship,15,021.Independence-class_combat_ship,0.988560
/mnt/e/aircas/dht/graduation/dataset/ship_fine/test/021.Independence-class_combat_ship/P4904.bmp,15,021.Independence-class_combat_ship,6,011.Asagiri-class_destroyer,0.831571
/mnt/e/aircas/dht/graduation/dataset/ship_fine/test/021.Independence-class_combat_ship/P5071.bmp,15,021.Independence-class_combat_ship,15,021.Independence-class_combat_ship,0.999565
/mnt/e/aircas/dht/graduation/dataset/ship_fine/test/021.Independence-class_combat_ship/P5073.bmp,15,021.Independence-class_combat_ship,15,021.Independence-class_combat_ship,0.865670
/mnt/e/aircas/dht/graduation/dataset/ship_fine/test/021.Independence-class_combat_ship/P6153.bmp,15,021.Independence-class_combat_ship,20,026.Cargo_ship,0.372044
/mnt/e/aircas/dht/graduation/dataset/ship_fine/test/021.Independence-class_combat_ship/P6277.bmp,15,021.Independence-class_combat_ship,15,021.Independence-class_combat_ship,0.890514
/mnt/e/aircas/dht/graduation/dataset/ship_fine/test/021.Independence-class_combat_ship/P7533.bmp,15,021.Independence-class_combat_ship,5,009.Arleigh_Burke-class_destroyer,0.816926
/mnt/e/aircas/dht/graduation/dataset/ship_fine/test/021.Independence-class_combat_ship/P8073.bmp,15,021.Independence-class_combat_ship,15,021.Independence-class_combat_ship,0.999732
/mnt/e/aircas/dht/graduation/dataset/ship_fine/test/021.Independence-class_combat_ship/P8460.bmp,15,021.Independence-class_combat_ship,15,021.Independence-class_combat_ship,0.997224
/mnt/e/aircas/dht/graduation/dataset/ship_fine/test/021.Independence-class_combat_ship/P8530.bmp,15,021.Independence-class_combat_ship,15,021.Independence-class_combat_ship,0.998328
/mnt/e/aircas/dht/graduation/dataset/ship_fine/test/021.Independence-class_combat_ship/P8719.bmp,15,021.Independence-class_combat_ship,15,021.Independence-class_combat_ship,0.999357
/mnt/e/aircas/dht/graduation/dataset/ship_fine/test/021.Independence-class_combat_ship/P9656.bmp,15,021.Independence-class_combat_ship,15,021.Independence-class_combat_ship,0.999979
/mnt/e/aircas/dht/graduation/dataset/ship_fine/test/022.Sacramento-class_support_ship/P2518.bmp,16,022.Sacramento-class_support_ship,16,022.Sacramento-class_support_ship,0.962645
/mnt/e/aircas/dht/graduation/dataset/ship_fine/test/022.Sacramento-class_support_ship/P4934.bmp,16,022.Sacramento-class_support_ship,16,022.Sacramento-class_support_ship,0.996280
/mnt/e/aircas/dht/graduation/dataset/ship_fine/test/022.Sacramento-class_support_ship/P6771.bmp,16,022.Sacramento-class_support_ship,4,008.Ticonderoga-class_cruiser,0.532525
/mnt/e/aircas/dht/graduation/dataset/ship_fine/test/022.Sacramento-class_support_ship/P8310.bmp,16,022.Sacramento-class_support_ship,16,022.Sacramento-class_support_ship,0.917761
/mnt/e/aircas/dht/graduation/dataset/ship_fine/test/022.Sacramento-class_support_ship/P8343.bmp,16,022.Sacramento-class_support_ship,16,022.Sacramento-class_support_ship,0.998896
/mnt/e/aircas/dht/graduation/dataset/ship_fine/test/023.Crane_ship/P0238.bmp,17,023.Crane_ship,17,023.Crane_ship,0.999846
/mnt/e/aircas/dht/graduation/dataset/ship_fine/test/023.Crane_ship/P1862.bmp,17,023.Crane_ship,17,023.Crane_ship,0.999870
/mnt/e/aircas/dht/graduation/dataset/ship_fine/test/023.Crane_ship/P2591.bmp,17,023.Crane_ship,5,009.Arleigh_Burke-class_destroyer,0.980601
/mnt/e/aircas/dht/graduation/dataset/ship_fine/test/023.Crane_ship/P2992.bmp,17,023.Crane_ship,12,018.Whitby_Island-class_dock_landing_ship,0.950272
/mnt/e/aircas/dht/graduation/dataset/ship_fine/test/023.Crane_ship/P3170.bmp,17,023.Crane_ship,17,023.Crane_ship,0.986153
/mnt/e/aircas/dht/graduation/dataset/ship_fine/test/023.Crane_ship/P3397.bmp,17,023.Crane_ship,17,023.Crane_ship,0.998877
/mnt/e/aircas/dht/graduation/dataset/ship_fine/test/023.Crane_ship/P3433.bmp,17,023.Crane_ship,17,023.Crane_ship,0.999959
/mnt/e/aircas/dht/graduation/dataset/ship_fine/test/023.Crane_ship/P3665.bmp,17,023.Crane_ship,17,023.Crane_ship,0.996672
/mnt/e/aircas/dht/graduation/dataset/ship_fine/test/023.Crane_ship/P4147.bmp,17,023.Crane_ship,17,023.Crane_ship,0.984413
/mnt/e/aircas/dht/graduation/dataset/ship_fine/test/023.Crane_ship/P4208.bmp,17,023.Crane_ship,17,023.Crane_ship,0.999956
/mnt/e/aircas/dht/graduation/dataset/ship_fine/test/023.Crane_ship/P4882.bmp,17,023.Crane_ship,5,009.Arleigh_Burke-class_destroyer,0.708760
/mnt/e/aircas/dht/graduation/dataset/ship_fine/test/023.Crane_ship/P5191.bmp,17,023.Crane_ship,17,023.Crane_ship,0.472942
/mnt/e/aircas/dht/graduation/dataset/ship_fine/test/023.Crane_ship/P5584.bmp,17,023.Crane_ship,17,023.Crane_ship,0.685241
/mnt/e/aircas/dht/graduation/dataset/ship_fine/test/023.Crane_ship/P5873.bmp,17,023.Crane_ship,27,033.Tank_ship,0.366485
/mnt/e/aircas/dht/graduation/dataset/ship_fine/test/024.Abukuma-class_frigate/P0268.bmp,18,024.Abukuma-class_frigate,5,009.Arleigh_Burke-class_destroyer,0.287717
/mnt/e/aircas/dht/graduation/dataset/ship_fine/test/024.Abukuma-class_frigate/P1940.bmp,18,024.Abukuma-class_frigate,18,024.Abukuma-class_frigate,0.752448
/mnt/e/aircas/dht/graduation/dataset/ship_fine/test/024.Abukuma-class_frigate/P3665.bmp,18,024.Abukuma-class_frigate,18,024.Abukuma-class_frigate,0.855923
/mnt/e/aircas/dht/graduation/dataset/ship_fine/test/024.Abukuma-class_frigate/P3717.bmp,18,024.Abukuma-class_frigate,18,024.Abukuma-class_frigate,0.659550
/mnt/e/aircas/dht/graduation/dataset/ship_fine/test/024.Abukuma-class_frigate/P4443.bmp,18,024.Abukuma-class_frigate,18,024.Abukuma-class_frigate,0.992628
/mnt/e/aircas/dht/graduation/dataset/ship_fine/test/024.Abukuma-class_frigate/P7844.bmp,18,024.Abukuma-class_frigate,18,024.Abukuma-class_frigate,0.970047
/mnt/e/aircas/dht/graduation/dataset/ship_fine/test/024.Abukuma-class_frigate/P8029.bmp,18,024.Abukuma-class_frigate,26,032.Sand_carrier,0.634169
/mnt/e/aircas/dht/graduation/dataset/ship_fine/test/025.Megayacht/P0241.bmp,19,025.Megayacht,19,025.Megayacht,1.000000
/mnt/e/aircas/dht/graduation/dataset/ship_fine/test/025.Megayacht/P0294.bmp,19,025.Megayacht,19,025.Megayacht,0.488735
/mnt/e/aircas/dht/graduation/dataset/ship_fine/test/025.Megayacht/P1071.bmp,19,025.Megayacht,19,025.Megayacht,0.991841
/mnt/e/aircas/dht/graduation/dataset/ship_fine/test/025.Megayacht/P1654.bmp,19,025.Megayacht,19,025.Megayacht,0.999987
/mnt/e/aircas/dht/graduation/dataset/ship_fine/test/025.Megayacht/P2011.bmp,19,025.Megayacht,19,025.Megayacht,1.000000
/mnt/e/aircas/dht/graduation/dataset/ship_fine/test/025.Megayacht/P2473.bmp,19,025.Megayacht,20,026.Cargo_ship,0.561581
/mnt/e/aircas/dht/graduation/dataset/ship_fine/test/025.Megayacht/P3240.bmp,19,025.Megayacht,20,026.Cargo_ship,0.505072
/mnt/e/aircas/dht/graduation/dataset/ship_fine/test/025.Megayacht/P6219.bmp,19,025.Megayacht,20,026.Cargo_ship,0.989905
/mnt/e/aircas/dht/graduation/dataset/ship_fine/test/025.Megayacht/P6492.bmp,19,025.Megayacht,19,025.Megayacht,0.515305
/mnt/e/aircas/dht/graduation/dataset/ship_fine/test/025.Megayacht/P6928.bmp,19,025.Megayacht,19,025.Megayacht,0.999746
/mnt/e/aircas/dht/graduation/dataset/ship_fine/test/025.Megayacht/P6970.bmp,19,025.Megayacht,19,025.Megayacht,0.615287
/mnt/e/aircas/dht/graduation/dataset/ship_fine/test/025.Megayacht/P7640.bmp,19,025.Megayacht,20,026.Cargo_ship,0.893705
/mnt/e/aircas/dht/graduation/dataset/ship_fine/test/025.Megayacht/P7747.bmp,19,025.Megayacht,19,025.Megayacht,0.989723
/mnt/e/aircas/dht/graduation/dataset/ship_fine/test/025.Megayacht/P8618.bmp,19,025.Megayacht,19,025.Megayacht,0.989057
/mnt/e/aircas/dht/graduation/dataset/ship_fine/test/025.Megayacht/P8624.bmp,19,025.Megayacht,19,025.Megayacht,0.998659
/mnt/e/aircas/dht/graduation/dataset/ship_fine/test/025.Megayacht/P8792.bmp,19,025.Megayacht,5,009.Arleigh_Burke-class_destroyer,0.348494
/mnt/e/aircas/dht/graduation/dataset/ship_fine/test/025.Megayacht/P9398.bmp,19,025.Megayacht,19,025.Megayacht,0.998401
/mnt/e/aircas/dht/graduation/dataset/ship_fine/test/025.Megayacht/P9497.bmp,19,025.Megayacht,19,025.Megayacht,0.999660
/mnt/e/aircas/dht/graduation/dataset/ship_fine/test/026.Cargo_ship/P0313.bmp,20,026.Cargo_ship,20,026.Cargo_ship,0.998539
/mnt/e/aircas/dht/graduation/dataset/ship_fine/test/026.Cargo_ship/P0332.bmp,20,026.Cargo_ship,20,026.Cargo_ship,0.780505
/mnt/e/aircas/dht/graduation/dataset/ship_fine/test/026.Cargo_ship/P0364.bmp,20,026.Cargo_ship,27,033.Tank_ship,0.646374
/mnt/e/aircas/dht/graduation/dataset/ship_fine/test/026.Cargo_ship/P0399.bmp,20,026.Cargo_ship,20,026.Cargo_ship,0.954877
/mnt/e/aircas/dht/graduation/dataset/ship_fine/test/026.Cargo_ship/P1001.bmp,20,026.Cargo_ship,20,026.Cargo_ship,0.980096
/mnt/e/aircas/dht/graduation/dataset/ship_fine/test/026.Cargo_ship/P1125.bmp,20,026.Cargo_ship,5,009.Arleigh_Burke-class_destroyer,0.674959
/mnt/e/aircas/dht/graduation/dataset/ship_fine/test/026.Cargo_ship/P1684.bmp,20,026.Cargo_ship,20,026.Cargo_ship,0.679445
/mnt/e/aircas/dht/graduation/dataset/ship_fine/test/026.Cargo_ship/P1795.bmp,20,026.Cargo_ship,20,026.Cargo_ship,0.773248
/mnt/e/aircas/dht/graduation/dataset/ship_fine/test/026.Cargo_ship/P1892.bmp,20,026.Cargo_ship,20,026.Cargo_ship,0.964290
/mnt/e/aircas/dht/graduation/dataset/ship_fine/test/026.Cargo_ship/P2055.bmp,20,026.Cargo_ship,5,009.Arleigh_Burke-class_destroyer,0.525478
/mnt/e/aircas/dht/graduation/dataset/ship_fine/test/026.Cargo_ship/P2092.bmp,20,026.Cargo_ship,20,026.Cargo_ship,0.896034
/mnt/e/aircas/dht/graduation/dataset/ship_fine/test/026.Cargo_ship/P2237.bmp,20,026.Cargo_ship,20,026.Cargo_ship,0.916023
/mnt/e/aircas/dht/graduation/dataset/ship_fine/test/026.Cargo_ship/P3047.bmp,20,026.Cargo_ship,20,026.Cargo_ship,0.995256
/mnt/e/aircas/dht/graduation/dataset/ship_fine/test/026.Cargo_ship/P3493.bmp,20,026.Cargo_ship,5,009.Arleigh_Burke-class_destroyer,0.783396
/mnt/e/aircas/dht/graduation/dataset/ship_fine/test/026.Cargo_ship/P3698.bmp,20,026.Cargo_ship,20,026.Cargo_ship,0.876955
/mnt/e/aircas/dht/graduation/dataset/ship_fine/test/026.Cargo_ship/P3699.bmp,20,026.Cargo_ship,5,009.Arleigh_Burke-class_destroyer,0.705559
/mnt/e/aircas/dht/graduation/dataset/ship_fine/test/026.Cargo_ship/P4361.bmp,20,026.Cargo_ship,19,025.Megayacht,0.743504
/mnt/e/aircas/dht/graduation/dataset/ship_fine/test/026.Cargo_ship/P4552.bmp,20,026.Cargo_ship,20,026.Cargo_ship,0.999762
/mnt/e/aircas/dht/graduation/dataset/ship_fine/test/026.Cargo_ship/P4696.bmp,20,026.Cargo_ship,20,026.Cargo_ship,0.558549
/mnt/e/aircas/dht/graduation/dataset/ship_fine/test/026.Cargo_ship/P5177.bmp,20,026.Cargo_ship,27,033.Tank_ship,0.698933
/mnt/e/aircas/dht/graduation/dataset/ship_fine/test/026.Cargo_ship/P5290.bmp,20,026.Cargo_ship,27,033.Tank_ship,0.579703
/mnt/e/aircas/dht/graduation/dataset/ship_fine/test/026.Cargo_ship/P5410.bmp,20,026.Cargo_ship,20,026.Cargo_ship,0.993955
/mnt/e/aircas/dht/graduation/dataset/ship_fine/test/026.Cargo_ship/P5497.bmp,20,026.Cargo_ship,20,026.Cargo_ship,0.994953
/mnt/e/aircas/dht/graduation/dataset/ship_fine/test/026.Cargo_ship/P5556.bmp,20,026.Cargo_ship,20,026.Cargo_ship,0.955291
/mnt/e/aircas/dht/graduation/dataset/ship_fine/test/026.Cargo_ship/P5739.bmp,20,026.Cargo_ship,20,026.Cargo_ship,0.548469
/mnt/e/aircas/dht/graduation/dataset/ship_fine/test/026.Cargo_ship/P5936.bmp,20,026.Cargo_ship,20,026.Cargo_ship,0.872254
/mnt/e/aircas/dht/graduation/dataset/ship_fine/test/026.Cargo_ship/P6483.bmp,20,026.Cargo_ship,20,026.Cargo_ship,0.662544
/mnt/e/aircas/dht/graduation/dataset/ship_fine/test/026.Cargo_ship/P6587.bmp,20,026.Cargo_ship,20,026.Cargo_ship,0.999589
/mnt/e/aircas/dht/graduation/dataset/ship_fine/test/026.Cargo_ship/P6835.bmp,20,026.Cargo_ship,20,026.Cargo_ship,0.612183
/mnt/e/aircas/dht/graduation/dataset/ship_fine/test/026.Cargo_ship/P6902.bmp,20,026.Cargo_ship,26,032.Sand_carrier,0.993410
/mnt/e/aircas/dht/graduation/dataset/ship_fine/test/026.Cargo_ship/P7105.bmp,20,026.Cargo_ship,20,026.Cargo_ship,0.897470
/mnt/e/aircas/dht/graduation/dataset/ship_fine/test/026.Cargo_ship/P7234.bmp,20,026.Cargo_ship,20,026.Cargo_ship,0.879273
/mnt/e/aircas/dht/graduation/dataset/ship_fine/test/026.Cargo_ship/P7404.bmp,20,026.Cargo_ship,5,009.Arleigh_Burke-class_destroyer,0.526091
/mnt/e/aircas/dht/graduation/dataset/ship_fine/test/026.Cargo_ship/P8103.bmp,20,026.Cargo_ship,9,014.Wasp-class_assault_ship,0.904921
/mnt/e/aircas/dht/graduation/dataset/ship_fine/test/026.Cargo_ship/P8395.bmp,20,026.Cargo_ship,27,033.Tank_ship,0.837073
/mnt/e/aircas/dht/graduation/dataset/ship_fine/test/026.Cargo_ship/P8773.bmp,20,026.Cargo_ship,20,026.Cargo_ship,0.364175
/mnt/e/aircas/dht/graduation/dataset/ship_fine/test/026.Cargo_ship/P9753.bmp,20,026.Cargo_ship,20,026.Cargo_ship,0.960053
/mnt/e/aircas/dht/graduation/dataset/ship_fine/test/027.Murasame-class_destroyer/P2465.bmp,21,027.Murasame-class_destroyer,21,027.Murasame-class_destroyer,0.893650
/mnt/e/aircas/dht/graduation/dataset/ship_fine/test/027.Murasame-class_destroyer/P6141.bmp,21,027.Murasame-class_destroyer,21,027.Murasame-class_destroyer,0.992278
/mnt/e/aircas/dht/graduation/dataset/ship_fine/test/027.Murasame-class_destroyer/P8373.bmp,21,027.Murasame-class_destroyer,21,027.Murasame-class_destroyer,0.999918
/mnt/e/aircas/dht/graduation/dataset/ship_fine/test/027.Murasame-class_destroyer/P8668.bmp,21,027.Murasame-class_destroyer,21,027.Murasame-class_destroyer,0.864814
/mnt/e/aircas/dht/graduation/dataset/ship_fine/test/027.Murasame-class_destroyer/P9277.bmp,21,027.Murasame-class_destroyer,21,027.Murasame-class_destroyer,0.923911
/mnt/e/aircas/dht/graduation/dataset/ship_fine/test/027.Murasame-class_destroyer/P9862.bmp,21,027.Murasame-class_destroyer,6,011.Asagiri-class_destroyer,0.699356
/mnt/e/aircas/dht/graduation/dataset/ship_fine/test/028.Container_ship/P0218.bmp,22,028.Container_ship,22,028.Container_ship,0.999990
/mnt/e/aircas/dht/graduation/dataset/ship_fine/test/028.Container_ship/P0339.bmp,22,028.Container_ship,22,028.Container_ship,1.000000
/mnt/e/aircas/dht/graduation/dataset/ship_fine/test/028.Container_ship/P0704.bmp,22,028.Container_ship,22,028.Container_ship,1.000000
/mnt/e/aircas/dht/graduation/dataset/ship_fine/test/028.Container_ship/P1011.bmp,22,028.Container_ship,22,028.Container_ship,1.000000
/mnt/e/aircas/dht/graduation/dataset/ship_fine/test/028.Container_ship/P1940.bmp,22,028.Container_ship,4,008.Ticonderoga-class_cruiser,0.677421
/mnt/e/aircas/dht/graduation/dataset/ship_fine/test/028.Container_ship/P2174.bmp,22,028.Container_ship,12,018.Whitby_Island-class_dock_landing_ship,0.369796
/mnt/e/aircas/dht/graduation/dataset/ship_fine/test/028.Container_ship/P2248.bmp,22,028.Container_ship,22,028.Container_ship,0.999190
/mnt/e/aircas/dht/graduation/dataset/ship_fine/test/028.Container_ship/P2429.bmp,22,028.Container_ship,22,028.Container_ship,0.999850
/mnt/e/aircas/dht/graduation/dataset/ship_fine/test/028.Container_ship/P2609.bmp,22,028.Container_ship,27,033.Tank_ship,0.992943
/mnt/e/aircas/dht/graduation/dataset/ship_fine/test/028.Container_ship/P2704.bmp,22,028.Container_ship,22,028.Container_ship,0.998286
/mnt/e/aircas/dht/graduation/dataset/ship_fine/test/028.Container_ship/P4161.bmp,22,028.Container_ship,22,028.Container_ship,1.000000
/mnt/e/aircas/dht/graduation/dataset/ship_fine/test/028.Container_ship/P4458.bmp,22,028.Container_ship,22,028.Container_ship,0.632562
/mnt/e/aircas/dht/graduation/dataset/ship_fine/test/028.Container_ship/P4795.bmp,22,028.Container_ship,5,009.Arleigh_Burke-class_destroyer,0.459687
/mnt/e/aircas/dht/graduation/dataset/ship_fine/test/028.Container_ship/P4801.bmp,22,028.Container_ship,20,026.Cargo_ship,0.630540
/mnt/e/aircas/dht/graduation/dataset/ship_fine/test/028.Container_ship/P4989.bmp,22,028.Container_ship,20,026.Cargo_ship,0.677771
/mnt/e/aircas/dht/graduation/dataset/ship_fine/test/028.Container_ship/P4998.bmp,22,028.Container_ship,5,009.Arleigh_Burke-class_destroyer,0.595716
/mnt/e/aircas/dht/graduation/dataset/ship_fine/test/028.Container_ship/P5597.bmp,22,028.Container_ship,22,028.Container_ship,1.000000
/mnt/e/aircas/dht/graduation/dataset/ship_fine/test/028.Container_ship/P5628.bmp,22,028.Container_ship,5,009.Arleigh_Burke-class_destroyer,0.776969
/mnt/e/aircas/dht/graduation/dataset/ship_fine/test/028.Container_ship/P5652.bmp,22,028.Container_ship,22,028.Container_ship,0.994601
/mnt/e/aircas/dht/graduation/dataset/ship_fine/test/028.Container_ship/P5824.bmp,22,028.Container_ship,22,028.Container_ship,0.954131
/mnt/e/aircas/dht/graduation/dataset/ship_fine/test/028.Container_ship/P6029.bmp,22,028.Container_ship,22,028.Container_ship,1.000000
/mnt/e/aircas/dht/graduation/dataset/ship_fine/test/028.Container_ship/P6112.bmp,22,028.Container_ship,22,028.Container_ship,0.990387
/mnt/e/aircas/dht/graduation/dataset/ship_fine/test/028.Container_ship/P6351.bmp,22,028.Container_ship,22,028.Container_ship,0.999581
/mnt/e/aircas/dht/graduation/dataset/ship_fine/test/028.Container_ship/P6364.bmp,22,028.Container_ship,22,028.Container_ship,0.982634
/mnt/e/aircas/dht/graduation/dataset/ship_fine/test/028.Container_ship/P6398.bmp,22,028.Container_ship,17,023.Crane_ship,0.499742
/mnt/e/aircas/dht/graduation/dataset/ship_fine/test/028.Container_ship/P6459.bmp,22,028.Container_ship,22,028.Container_ship,0.999868
/mnt/e/aircas/dht/graduation/dataset/ship_fine/test/028.Container_ship/P7364.bmp,22,028.Container_ship,20,026.Cargo_ship,0.751535
/mnt/e/aircas/dht/graduation/dataset/ship_fine/test/028.Container_ship/P7486.bmp,22,028.Container_ship,20,026.Cargo_ship,0.752770
/mnt/e/aircas/dht/graduation/dataset/ship_fine/test/028.Container_ship/P7861.bmp,22,028.Container_ship,22,028.Container_ship,1.000000
/mnt/e/aircas/dht/graduation/dataset/ship_fine/test/028.Container_ship/P7866.bmp,22,028.Container_ship,22,028.Container_ship,0.738956
/mnt/e/aircas/dht/graduation/dataset/ship_fine/test/028.Container_ship/P8039.bmp,22,028.Container_ship,22,028.Container_ship,0.994994
/mnt/e/aircas/dht/graduation/dataset/ship_fine/test/028.Container_ship/P8280.bmp,22,028.Container_ship,22,028.Container_ship,0.999994
/mnt/e/aircas/dht/graduation/dataset/ship_fine/test/028.Container_ship/P8578.bmp,22,028.Container_ship,22,028.Container_ship,0.983764
/mnt/e/aircas/dht/graduation/dataset/ship_fine/test/028.Container_ship/P8733.bmp,22,028.Container_ship,22,028.Container_ship,0.593351
/mnt/e/aircas/dht/graduation/dataset/ship_fine/test/028.Container_ship/P9050.bmp,22,028.Container_ship,5,009.Arleigh_Burke-class_destroyer,0.491280
/mnt/e/aircas/dht/graduation/dataset/ship_fine/test/028.Container_ship/P9111.bmp,22,028.Container_ship,22,028.Container_ship,1.000000
/mnt/e/aircas/dht/graduation/dataset/ship_fine/test/028.Container_ship/P9128.bmp,22,028.Container_ship,22,028.Container_ship,0.999999
/mnt/e/aircas/dht/graduation/dataset/ship_fine/test/028.Container_ship/P9148.bmp,22,028.Container_ship,22,028.Container_ship,0.990628
/mnt/e/aircas/dht/graduation/dataset/ship_fine/test/028.Container_ship/P9210.bmp,22,028.Container_ship,22,028.Container_ship,0.999733
/mnt/e/aircas/dht/graduation/dataset/ship_fine/test/028.Container_ship/P9279.bmp,22,028.Container_ship,22,028.Container_ship,1.000000
/mnt/e/aircas/dht/graduation/dataset/ship_fine/test/028.Container_ship/P9459.bmp,22,028.Container_ship,25,031.Medical_ship,0.536636
/mnt/e/aircas/dht/graduation/dataset/ship_fine/test/028.Container_ship/P9478.bmp,22,028.Container_ship,22,028.Container_ship,0.998949
/mnt/e/aircas/dht/graduation/dataset/ship_fine/test/028.Container_ship/P9579.bmp,22,028.Container_ship,22,028.Container_ship,0.997170
/mnt/e/aircas/dht/graduation/dataset/ship_fine/test/028.Container_ship/P9844.bmp,22,028.Container_ship,22,028.Container_ship,0.973302
/mnt/e/aircas/dht/graduation/dataset/ship_fine/test/028.Container_ship/P9969.bmp,22,028.Container_ship,22,028.Container_ship,0.998889
/mnt/e/aircas/dht/graduation/dataset/ship_fine/test/029.Towing_vessel/P0089.bmp,23,029.Towing_vessel,23,029.Towing_vessel,0.999586
/mnt/e/aircas/dht/graduation/dataset/ship_fine/test/029.Towing_vessel/P0133.bmp,23,029.Towing_vessel,20,026.Cargo_ship,0.941321
/mnt/e/aircas/dht/graduation/dataset/ship_fine/test/029.Towing_vessel/P0357.bmp,23,029.Towing_vessel,26,032.Sand_carrier,0.678160
/mnt/e/aircas/dht/graduation/dataset/ship_fine/test/029.Towing_vessel/P0439.bmp,23,029.Towing_vessel,23,029.Towing_vessel,0.678108
/mnt/e/aircas/dht/graduation/dataset/ship_fine/test/029.Towing_vessel/P0441.bmp,23,029.Towing_vessel,23,029.Towing_vessel,0.993433
/mnt/e/aircas/dht/graduation/dataset/ship_fine/test/029.Towing_vessel/P0592.bmp,23,029.Towing_vessel,23,029.Towing_vessel,0.965615
/mnt/e/aircas/dht/graduation/dataset/ship_fine/test/029.Towing_vessel/P0625.bmp,23,029.Towing_vessel,23,029.Towing_vessel,0.999973
/mnt/e/aircas/dht/graduation/dataset/ship_fine/test/029.Towing_vessel/P0749.bmp,23,029.Towing_vessel,23,029.Towing_vessel,0.993613
/mnt/e/aircas/dht/graduation/dataset/ship_fine/test/029.Towing_vessel/P0773.bmp,23,029.Towing_vessel,23,029.Towing_vessel,0.998001
/mnt/e/aircas/dht/graduation/dataset/ship_fine/test/029.Towing_vessel/P0831.bmp,23,029.Towing_vessel,23,029.Towing_vessel,0.999977
/mnt/e/aircas/dht/graduation/dataset/ship_fine/test/029.Towing_vessel/P1389.bmp,23,029.Towing_vessel,23,029.Towing_vessel,0.965344
/mnt/e/aircas/dht/graduation/dataset/ship_fine/test/029.Towing_vessel/P1567.bmp,23,029.Towing_vessel,23,029.Towing_vessel,0.999999
/mnt/e/aircas/dht/graduation/dataset/ship_fine/test/029.Towing_vessel/P1671.bmp,23,029.Towing_vessel,23,029.Towing_vessel,0.999873
/mnt/e/aircas/dht/graduation/dataset/ship_fine/test/029.Towing_vessel/P1745.bmp,23,029.Towing_vessel,23,029.Towing_vessel,0.997842
/mnt/e/aircas/dht/graduation/dataset/ship_fine/test/029.Towing_vessel/P1749.bmp,23,029.Towing_vessel,20,026.Cargo_ship,0.463806
/mnt/e/aircas/dht/graduation/dataset/ship_fine/test/029.Towing_vessel/P2170.bmp,23,029.Towing_vessel,23,029.Towing_vessel,0.900888
/mnt/e/aircas/dht/graduation/dataset/ship_fine/test/029.Towing_vessel/P2192.bmp,23,029.Towing_vessel,23,029.Towing_vessel,0.991428
/mnt/e/aircas/dht/graduation/dataset/ship_fine/test/029.Towing_vessel/P2341.bmp,23,029.Towing_vessel,23,029.Towing_vessel,0.999999
/mnt/e/aircas/dht/graduation/dataset/ship_fine/test/029.Towing_vessel/P2405.bmp,23,029.Towing_vessel,23,029.Towing_vessel,0.999995
/mnt/e/aircas/dht/graduation/dataset/ship_fine/test/029.Towing_vessel/P2423.bmp,23,029.Towing_vessel,20,026.Cargo_ship,0.873515
/mnt/e/aircas/dht/graduation/dataset/ship_fine/test/029.Towing_vessel/P2442.bmp,23,029.Towing_vessel,23,029.Towing_vessel,0.899587
/mnt/e/aircas/dht/graduation/dataset/ship_fine/test/029.Towing_vessel/P2562.bmp,23,029.Towing_vessel,23,029.Towing_vessel,0.998748
/mnt/e/aircas/dht/graduation/dataset/ship_fine/test/029.Towing_vessel/P2583.bmp,23,029.Towing_vessel,23,029.Towing_vessel,0.999949
/mnt/e/aircas/dht/graduation/dataset/ship_fine/test/029.Towing_vessel/P2603.bmp,23,029.Towing_vessel,23,029.Towing_vessel,0.995649
/mnt/e/aircas/dht/graduation/dataset/ship_fine/test/029.Towing_vessel/P2658.bmp,23,029.Towing_vessel,23,029.Towing_vessel,0.994349
/mnt/e/aircas/dht/graduation/dataset/ship_fine/test/029.Towing_vessel/P2701.bmp,23,029.Towing_vessel,23,029.Towing_vessel,0.999967
/mnt/e/aircas/dht/graduation/dataset/ship_fine/test/029.Towing_vessel/P3072.bmp,23,029.Towing_vessel,23,029.Towing_vessel,0.919600
/mnt/e/aircas/dht/graduation/dataset/ship_fine/test/029.Towing_vessel/P3218.bmp,23,029.Towing_vessel,23,029.Towing_vessel,0.993333
/mnt/e/aircas/dht/graduation/dataset/ship_fine/test/029.Towing_vessel/P3285.bmp,23,029.Towing_vessel,23,029.Towing_vessel,0.959036
/mnt/e/aircas/dht/graduation/dataset/ship_fine/test/029.Towing_vessel/P3545.bmp,23,029.Towing_vessel,23,029.Towing_vessel,0.989745
/mnt/e/aircas/dht/graduation/dataset/ship_fine/test/029.Towing_vessel/P3552.bmp,23,029.Towing_vessel,23,029.Towing_vessel,0.999655
/mnt/e/aircas/dht/graduation/dataset/ship_fine/test/029.Towing_vessel/P3647.bmp,23,029.Towing_vessel,23,029.Towing_vessel,0.999997
/mnt/e/aircas/dht/graduation/dataset/ship_fine/test/029.Towing_vessel/P3679.bmp,23,029.Towing_vessel,23,029.Towing_vessel,1.000000
/mnt/e/aircas/dht/graduation/dataset/ship_fine/test/029.Towing_vessel/P3690.bmp,23,029.Towing_vessel,23,029.Towing_vessel,0.986576
/mnt/e/aircas/dht/graduation/dataset/ship_fine/test/029.Towing_vessel/P3715.bmp,23,029.Towing_vessel,20,026.Cargo_ship,0.956231
/mnt/e/aircas/dht/graduation/dataset/ship_fine/test/029.Towing_vessel/P3930.bmp,23,029.Towing_vessel,23,029.Towing_vessel,0.898270
/mnt/e/aircas/dht/graduation/dataset/ship_fine/test/029.Towing_vessel/P4074.bmp,23,029.Towing_vessel,23,029.Towing_vessel,0.597101
/mnt/e/aircas/dht/graduation/dataset/ship_fine/test/029.Towing_vessel/P4251.bmp,23,029.Towing_vessel,23,029.Towing_vessel,0.516713
/mnt/e/aircas/dht/graduation/dataset/ship_fine/test/029.Towing_vessel/P4300.bmp,23,029.Towing_vessel,23,029.Towing_vessel,0.998775
/mnt/e/aircas/dht/graduation/dataset/ship_fine/test/029.Towing_vessel/P4382.bmp,23,029.Towing_vessel,23,029.Towing_vessel,0.999997
/mnt/e/aircas/dht/graduation/dataset/ship_fine/test/029.Towing_vessel/P4916.bmp,23,029.Towing_vessel,23,029.Towing_vessel,0.945610
/mnt/e/aircas/dht/graduation/dataset/ship_fine/test/029.Towing_vessel/P5122.bmp,23,029.Towing_vessel,23,029.Towing_vessel,1.000000
/mnt/e/aircas/dht/graduation/dataset/ship_fine/test/029.Towing_vessel/P5171.bmp,23,029.Towing_vessel,23,029.Towing_vessel,0.999999
/mnt/e/aircas/dht/graduation/dataset/ship_fine/test/029.Towing_vessel/P5283.bmp,23,029.Towing_vessel,23,029.Towing_vessel,0.997057
/mnt/e/aircas/dht/graduation/dataset/ship_fine/test/029.Towing_vessel/P5365.bmp,23,029.Towing_vessel,23,029.Towing_vessel,0.579478
/mnt/e/aircas/dht/graduation/dataset/ship_fine/test/029.Towing_vessel/P5410.bmp,23,029.Towing_vessel,23,029.Towing_vessel,0.999811
/mnt/e/aircas/dht/graduation/dataset/ship_fine/test/029.Towing_vessel/P5423.bmp,23,029.Towing_vessel,23,029.Towing_vessel,0.996489
/mnt/e/aircas/dht/graduation/dataset/ship_fine/test/029.Towing_vessel/P5613.bmp,23,029.Towing_vessel,23,029.Towing_vessel,0.999997
/mnt/e/aircas/dht/graduation/dataset/ship_fine/test/029.Towing_vessel/P5642.bmp,23,029.Towing_vessel,23,029.Towing_vessel,0.999709
/mnt/e/aircas/dht/graduation/dataset/ship_fine/test/029.Towing_vessel/P5685.bmp,23,029.Towing_vessel,23,029.Towing_vessel,0.999342
/mnt/e/aircas/dht/graduation/dataset/ship_fine/test/029.Towing_vessel/P5688.bmp,23,029.Towing_vessel,23,029.Towing_vessel,0.998201
/mnt/e/aircas/dht/graduation/dataset/ship_fine/test/029.Towing_vessel/P5695.bmp,23,029.Towing_vessel,23,029.Towing_vessel,0.999802
/mnt/e/aircas/dht/graduation/dataset/ship_fine/test/029.Towing_vessel/P5856.bmp,23,029.Towing_vessel,23,029.Towing_vessel,0.657729
/mnt/e/aircas/dht/graduation/dataset/ship_fine/test/029.Towing_vessel/P5901.bmp,23,029.Towing_vessel,23,029.Towing_vessel,0.999404
/mnt/e/aircas/dht/graduation/dataset/ship_fine/test/029.Towing_vessel/P5982.bmp,23,029.Towing_vessel,23,029.Towing_vessel,0.999878
/mnt/e/aircas/dht/graduation/dataset/ship_fine/test/029.Towing_vessel/P6061.bmp,23,029.Towing_vessel,23,029.Towing_vessel,0.906874
/mnt/e/aircas/dht/graduation/dataset/ship_fine/test/029.Towing_vessel/P6089.bmp,23,029.Towing_vessel,23,029.Towing_vessel,0.999995
/mnt/e/aircas/dht/graduation/dataset/ship_fine/test/029.Towing_vessel/P6115.bmp,23,029.Towing_vessel,23,029.Towing_vessel,0.999774
/mnt/e/aircas/dht/graduation/dataset/ship_fine/test/029.Towing_vessel/P6268.bmp,23,029.Towing_vessel,23,029.Towing_vessel,0.999989
/mnt/e/aircas/dht/graduation/dataset/ship_fine/test/029.Towing_vessel/P6400.bmp,23,029.Towing_vessel,23,029.Towing_vessel,1.000000
/mnt/e/aircas/dht/graduation/dataset/ship_fine/test/029.Towing_vessel/P6428.bmp,23,029.Towing_vessel,23,029.Towing_vessel,0.986502
/mnt/e/aircas/dht/graduation/dataset/ship_fine/test/029.Towing_vessel/P6725.bmp,23,029.Towing_vessel,23,029.Towing_vessel,1.000000
/mnt/e/aircas/dht/graduation/dataset/ship_fine/test/029.Towing_vessel/P7137.bmp,23,029.Towing_vessel,23,029.Towing_vessel,1.000000
/mnt/e/aircas/dht/graduation/dataset/ship_fine/test/029.Towing_vessel/P7297.bmp,23,029.Towing_vessel,23,029.Towing_vessel,0.999997
/mnt/e/aircas/dht/graduation/dataset/ship_fine/test/029.Towing_vessel/P7616.bmp,23,029.Towing_vessel,23,029.Towing_vessel,0.999762
/mnt/e/aircas/dht/graduation/dataset/ship_fine/test/029.Towing_vessel/P7694.bmp,23,029.Towing_vessel,23,029.Towing_vessel,0.997449
/mnt/e/aircas/dht/graduation/dataset/ship_fine/test/029.Towing_vessel/P7856.bmp,23,029.Towing_vessel,23,029.Towing_vessel,0.853007
/mnt/e/aircas/dht/graduation/dataset/ship_fine/test/029.Towing_vessel/P7878.bmp,23,029.Towing_vessel,23,029.Towing_vessel,0.999971
/mnt/e/aircas/dht/graduation/dataset/ship_fine/test/029.Towing_vessel/P7903.bmp,23,029.Towing_vessel,23,029.Towing_vessel,0.934299
/mnt/e/aircas/dht/graduation/dataset/ship_fine/test/029.Towing_vessel/P8882.bmp,23,029.Towing_vessel,23,029.Towing_vessel,1.000000
/mnt/e/aircas/dht/graduation/dataset/ship_fine/test/029.Towing_vessel/P9065.bmp,23,029.Towing_vessel,23,029.Towing_vessel,0.999480
/mnt/e/aircas/dht/graduation/dataset/ship_fine/test/029.Towing_vessel/P9401.bmp,23,029.Towing_vessel,23,029.Towing_vessel,0.989714
/mnt/e/aircas/dht/graduation/dataset/ship_fine/test/029.Towing_vessel/P9776.bmp,23,029.Towing_vessel,23,029.Towing_vessel,0.833190
/mnt/e/aircas/dht/graduation/dataset/ship_fine/test/029.Towing_vessel/P9857.bmp,23,029.Towing_vessel,23,029.Towing_vessel,0.911018
/mnt/e/aircas/dht/graduation/dataset/ship_fine/test/029.Towing_vessel/P9889.bmp,23,029.Towing_vessel,23,029.Towing_vessel,0.777744
/mnt/e/aircas/dht/graduation/dataset/ship_fine/test/029.Towing_vessel/P9892.bmp,23,029.Towing_vessel,26,032.Sand_carrier,0.924394
/mnt/e/aircas/dht/graduation/dataset/ship_fine/test/029.Towing_vessel/P9959.bmp,23,029.Towing_vessel,23,029.Towing_vessel,0.999909
/mnt/e/aircas/dht/graduation/dataset/ship_fine/test/030.Civil_yacht/P0073.bmp,24,030.Civil_yacht,24,030.Civil_yacht,1.000000
/mnt/e/aircas/dht/graduation/dataset/ship_fine/test/030.Civil_yacht/P0216.bmp,24,030.Civil_yacht,24,030.Civil_yacht,1.000000
/mnt/e/aircas/dht/graduation/dataset/ship_fine/test/030.Civil_yacht/P0290.bmp,24,030.Civil_yacht,24,030.Civil_yacht,0.758411
/mnt/e/aircas/dht/graduation/dataset/ship_fine/test/030.Civil_yacht/P0421.bmp,24,030.Civil_yacht,24,030.Civil_yacht,0.999947
/mnt/e/aircas/dht/graduation/dataset/ship_fine/test/030.Civil_yacht/P0437.bmp,24,030.Civil_yacht,24,030.Civil_yacht,1.000000
/mnt/e/aircas/dht/graduation/dataset/ship_fine/test/030.Civil_yacht/P0603.bmp,24,030.Civil_yacht,24,030.Civil_yacht,0.994997
/mnt/e/aircas/dht/graduation/dataset/ship_fine/test/030.Civil_yacht/P0741.bmp,24,030.Civil_yacht,24,030.Civil_yacht,0.974863
/mnt/e/aircas/dht/graduation/dataset/ship_fine/test/030.Civil_yacht/P0839.bmp,24,030.Civil_yacht,24,030.Civil_yacht,1.000000
/mnt/e/aircas/dht/graduation/dataset/ship_fine/test/030.Civil_yacht/P0844.bmp,24,030.Civil_yacht,24,030.Civil_yacht,1.000000
/mnt/e/aircas/dht/graduation/dataset/ship_fine/test/030.Civil_yacht/P1172.bmp,24,030.Civil_yacht,24,030.Civil_yacht,0.837447
/mnt/e/aircas/dht/graduation/dataset/ship_fine/test/030.Civil_yacht/P1226.bmp,24,030.Civil_yacht,24,030.Civil_yacht,0.999815
/mnt/e/aircas/dht/graduation/dataset/ship_fine/test/030.Civil_yacht/P1325.bmp,24,030.Civil_yacht,24,030.Civil_yacht,0.999997
/mnt/e/aircas/dht/graduation/dataset/ship_fine/test/030.Civil_yacht/P1416.bmp,24,030.Civil_yacht,24,030.Civil_yacht,0.999999
/mnt/e/aircas/dht/graduation/dataset/ship_fine/test/030.Civil_yacht/P1423.bmp,24,030.Civil_yacht,24,030.Civil_yacht,0.999989
/mnt/e/aircas/dht/graduation/dataset/ship_fine/test/030.Civil_yacht/P1459.bmp,24,030.Civil_yacht,24,030.Civil_yacht,0.999958
/mnt/e/aircas/dht/graduation/dataset/ship_fine/test/030.Civil_yacht/P1512.bmp,24,030.Civil_yacht,24,030.Civil_yacht,0.999996
/mnt/e/aircas/dht/graduation/dataset/ship_fine/test/030.Civil_yacht/P1524.bmp,24,030.Civil_yacht,23,029.Towing_vessel,0.579982
/mnt/e/aircas/dht/graduation/dataset/ship_fine/test/030.Civil_yacht/P1941.bmp,24,030.Civil_yacht,24,030.Civil_yacht,0.942666
/mnt/e/aircas/dht/graduation/dataset/ship_fine/test/030.Civil_yacht/P2043.bmp,24,030.Civil_yacht,24,030.Civil_yacht,0.987140
/mnt/e/aircas/dht/graduation/dataset/ship_fine/test/030.Civil_yacht/P2178.bmp,24,030.Civil_yacht,24,030.Civil_yacht,0.999939
/mnt/e/aircas/dht/graduation/dataset/ship_fine/test/030.Civil_yacht/P2184.bmp,24,030.Civil_yacht,24,030.Civil_yacht,0.997292
/mnt/e/aircas/dht/graduation/dataset/ship_fine/test/030.Civil_yacht/P2385.bmp,24,030.Civil_yacht,24,030.Civil_yacht,0.999912
/mnt/e/aircas/dht/graduation/dataset/ship_fine/test/030.Civil_yacht/P2393.bmp,24,030.Civil_yacht,24,030.Civil_yacht,0.999894
/mnt/e/aircas/dht/graduation/dataset/ship_fine/test/030.Civil_yacht/P2442.bmp,24,030.Civil_yacht,24,030.Civil_yacht,1.000000
/mnt/e/aircas/dht/graduation/dataset/ship_fine/test/030.Civil_yacht/P2595.bmp,24,030.Civil_yacht,24,030.Civil_yacht,0.999999
/mnt/e/aircas/dht/graduation/dataset/ship_fine/test/030.Civil_yacht/P2627.bmp,24,030.Civil_yacht,24,030.Civil_yacht,0.983690
/mnt/e/aircas/dht/graduation/dataset/ship_fine/test/030.Civil_yacht/P2688.bmp,24,030.Civil_yacht,24,030.Civil_yacht,0.999888
/mnt/e/aircas/dht/graduation/dataset/ship_fine/test/030.Civil_yacht/P2925.bmp,24,030.Civil_yacht,24,030.Civil_yacht,1.000000
/mnt/e/aircas/dht/graduation/dataset/ship_fine/test/030.Civil_yacht/P3051.bmp,24,030.Civil_yacht,24,030.Civil_yacht,0.997005
/mnt/e/aircas/dht/graduation/dataset/ship_fine/test/030.Civil_yacht/P3295.bmp,24,030.Civil_yacht,24,030.Civil_yacht,0.999997
/mnt/e/aircas/dht/graduation/dataset/ship_fine/test/030.Civil_yacht/P3399.bmp,24,030.Civil_yacht,24,030.Civil_yacht,0.998347
/mnt/e/aircas/dht/graduation/dataset/ship_fine/test/030.Civil_yacht/P3591.bmp,24,030.Civil_yacht,24,030.Civil_yacht,0.999722
/mnt/e/aircas/dht/graduation/dataset/ship_fine/test/030.Civil_yacht/P3662.bmp,24,030.Civil_yacht,24,030.Civil_yacht,1.000000
/mnt/e/aircas/dht/graduation/dataset/ship_fine/test/030.Civil_yacht/P3745.bmp,24,030.Civil_yacht,24,030.Civil_yacht,0.999848
/mnt/e/aircas/dht/graduation/dataset/ship_fine/test/030.Civil_yacht/P3832.bmp,24,030.Civil_yacht,24,030.Civil_yacht,0.999958
/mnt/e/aircas/dht/graduation/dataset/ship_fine/test/030.Civil_yacht/P4055.bmp,24,030.Civil_yacht,24,030.Civil_yacht,0.999990
/mnt/e/aircas/dht/graduation/dataset/ship_fine/test/030.Civil_yacht/P4221.bmp,24,030.Civil_yacht,24,030.Civil_yacht,0.717677
/mnt/e/aircas/dht/graduation/dataset/ship_fine/test/030.Civil_yacht/P4309.bmp,24,030.Civil_yacht,24,030.Civil_yacht,0.999999
/mnt/e/aircas/dht/graduation/dataset/ship_fine/test/030.Civil_yacht/P4355.bmp,24,030.Civil_yacht,24,030.Civil_yacht,0.999959
/mnt/e/aircas/dht/graduation/dataset/ship_fine/test/030.Civil_yacht/P4387.bmp,24,030.Civil_yacht,24,030.Civil_yacht,1.000000
/mnt/e/aircas/dht/graduation/dataset/ship_fine/test/030.Civil_yacht/P4445.bmp,24,030.Civil_yacht,24,030.Civil_yacht,1.000000
/mnt/e/aircas/dht/graduation/dataset/ship_fine/test/030.Civil_yacht/P4451.bmp,24,030.Civil_yacht,24,030.Civil_yacht,0.970089
/mnt/e/aircas/dht/graduation/dataset/ship_fine/test/030.Civil_yacht/P4566.bmp,24,030.Civil_yacht,24,030.Civil_yacht,1.000000
/mnt/e/aircas/dht/graduation/dataset/ship_fine/test/030.Civil_yacht/P4668.bmp,24,030.Civil_yacht,24,030.Civil_yacht,0.999845
/mnt/e/aircas/dht/graduation/dataset/ship_fine/test/030.Civil_yacht/P4915.bmp,24,030.Civil_yacht,24,030.Civil_yacht,0.999916
/mnt/e/aircas/dht/graduation/dataset/ship_fine/test/030.Civil_yacht/P4933.bmp,24,030.Civil_yacht,24,030.Civil_yacht,0.997101
/mnt/e/aircas/dht/graduation/dataset/ship_fine/test/030.Civil_yacht/P5046.bmp,24,030.Civil_yacht,24,030.Civil_yacht,0.702252
/mnt/e/aircas/dht/graduation/dataset/ship_fine/test/030.Civil_yacht/P5054.bmp,24,030.Civil_yacht,24,030.Civil_yacht,1.000000
/mnt/e/aircas/dht/graduation/dataset/ship_fine/test/030.Civil_yacht/P5079.bmp,24,030.Civil_yacht,24,030.Civil_yacht,1.000000
/mnt/e/aircas/dht/graduation/dataset/ship_fine/test/030.Civil_yacht/P5216.bmp,24,030.Civil_yacht,24,030.Civil_yacht,0.999818
/mnt/e/aircas/dht/graduation/dataset/ship_fine/test/030.Civil_yacht/P5319.bmp,24,030.Civil_yacht,24,030.Civil_yacht,0.999992
/mnt/e/aircas/dht/graduation/dataset/ship_fine/test/030.Civil_yacht/P5532.bmp,24,030.Civil_yacht,24,030.Civil_yacht,0.996831
/mnt/e/aircas/dht/graduation/dataset/ship_fine/test/030.Civil_yacht/P5686.bmp,24,030.Civil_yacht,23,029.Towing_vessel,0.522651
/mnt/e/aircas/dht/graduation/dataset/ship_fine/test/030.Civil_yacht/P5788.bmp,24,030.Civil_yacht,24,030.Civil_yacht,0.999999
/mnt/e/aircas/dht/graduation/dataset/ship_fine/test/030.Civil_yacht/P6065.bmp,24,030.Civil_yacht,24,030.Civil_yacht,1.000000
/mnt/e/aircas/dht/graduation/dataset/ship_fine/test/030.Civil_yacht/P6434.bmp,24,030.Civil_yacht,24,030.Civil_yacht,0.999995
/mnt/e/aircas/dht/graduation/dataset/ship_fine/test/030.Civil_yacht/P6787.bmp,24,030.Civil_yacht,24,030.Civil_yacht,0.999999
/mnt/e/aircas/dht/graduation/dataset/ship_fine/test/030.Civil_yacht/P6946.bmp,24,030.Civil_yacht,24,030.Civil_yacht,0.999974
/mnt/e/aircas/dht/graduation/dataset/ship_fine/test/030.Civil_yacht/P6950.bmp,24,030.Civil_yacht,24,030.Civil_yacht,0.999970
/mnt/e/aircas/dht/graduation/dataset/ship_fine/test/030.Civil_yacht/P6995.bmp,24,030.Civil_yacht,24,030.Civil_yacht,0.995790
/mnt/e/aircas/dht/graduation/dataset/ship_fine/test/030.Civil_yacht/P7153.bmp,24,030.Civil_yacht,24,030.Civil_yacht,0.934854
/mnt/e/aircas/dht/graduation/dataset/ship_fine/test/030.Civil_yacht/P7160.bmp,24,030.Civil_yacht,24,030.Civil_yacht,0.999694
/mnt/e/aircas/dht/graduation/dataset/ship_fine/test/030.Civil_yacht/P7204.bmp,24,030.Civil_yacht,24,030.Civil_yacht,0.997205
/mnt/e/aircas/dht/graduation/dataset/ship_fine/test/030.Civil_yacht/P7267.bmp,24,030.Civil_yacht,24,030.Civil_yacht,0.999318
/mnt/e/aircas/dht/graduation/dataset/ship_fine/test/030.Civil_yacht/P7525.bmp,24,030.Civil_yacht,24,030.Civil_yacht,1.000000
/mnt/e/aircas/dht/graduation/dataset/ship_fine/test/030.Civil_yacht/P7591.bmp,24,030.Civil_yacht,24,030.Civil_yacht,0.999962
/mnt/e/aircas/dht/graduation/dataset/ship_fine/test/030.Civil_yacht/P7634.bmp,24,030.Civil_yacht,24,030.Civil_yacht,0.999862
/mnt/e/aircas/dht/graduation/dataset/ship_fine/test/030.Civil_yacht/P7690.bmp,24,030.Civil_yacht,24,030.Civil_yacht,0.999999
/mnt/e/aircas/dht/graduation/dataset/ship_fine/test/030.Civil_yacht/P7798.bmp,24,030.Civil_yacht,24,030.Civil_yacht,0.999967
/mnt/e/aircas/dht/graduation/dataset/ship_fine/test/030.Civil_yacht/P7803.bmp,24,030.Civil_yacht,24,030.Civil_yacht,0.999979
/mnt/e/aircas/dht/graduation/dataset/ship_fine/test/030.Civil_yacht/P8498.bmp,24,030.Civil_yacht,24,030.Civil_yacht,0.999872
/mnt/e/aircas/dht/graduation/dataset/ship_fine/test/030.Civil_yacht/P8572.bmp,24,030.Civil_yacht,24,030.Civil_yacht,0.999950
/mnt/e/aircas/dht/graduation/dataset/ship_fine/test/030.Civil_yacht/P9071.bmp,24,030.Civil_yacht,24,030.Civil_yacht,0.722955
/mnt/e/aircas/dht/graduation/dataset/ship_fine/test/030.Civil_yacht/P9178.bmp,24,030.Civil_yacht,24,030.Civil_yacht,1.000000
/mnt/e/aircas/dht/graduation/dataset/ship_fine/test/030.Civil_yacht/P9754.bmp,24,030.Civil_yacht,24,030.Civil_yacht,1.000000
/mnt/e/aircas/dht/graduation/dataset/ship_fine/test/030.Civil_yacht/P9846.bmp,24,030.Civil_yacht,24,030.Civil_yacht,0.749884
/mnt/e/aircas/dht/graduation/dataset/ship_fine/test/030.Civil_yacht/P9944.bmp,24,030.Civil_yacht,24,030.Civil_yacht,0.999956
/mnt/e/aircas/dht/graduation/dataset/ship_fine/test/031.Medical_ship/P1265.bmp,25,031.Medical_ship,17,023.Crane_ship,0.645363
/mnt/e/aircas/dht/graduation/dataset/ship_fine/test/031.Medical_ship/P2290.bmp,25,031.Medical_ship,25,031.Medical_ship,1.000000
/mnt/e/aircas/dht/graduation/dataset/ship_fine/test/031.Medical_ship/P2333.bmp,25,031.Medical_ship,5,009.Arleigh_Burke-class_destroyer,0.952906
/mnt/e/aircas/dht/graduation/dataset/ship_fine/test/031.Medical_ship/P2382.bmp,25,031.Medical_ship,25,031.Medical_ship,1.000000
/mnt/e/aircas/dht/graduation/dataset/ship_fine/test/031.Medical_ship/P2535.bmp,25,031.Medical_ship,25,031.Medical_ship,1.000000
/mnt/e/aircas/dht/graduation/dataset/ship_fine/test/031.Medical_ship/P2644.bmp,25,031.Medical_ship,25,031.Medical_ship,1.000000
/mnt/e/aircas/dht/graduation/dataset/ship_fine/test/031.Medical_ship/P3036.bmp,25,031.Medical_ship,25,031.Medical_ship,1.000000
/mnt/e/aircas/dht/graduation/dataset/ship_fine/test/031.Medical_ship/P3375.bmp,25,031.Medical_ship,5,009.Arleigh_Burke-class_destroyer,0.492759
/mnt/e/aircas/dht/graduation/dataset/ship_fine/test/031.Medical_ship/P3508.bmp,25,031.Medical_ship,25,031.Medical_ship,1.000000
/mnt/e/aircas/dht/graduation/dataset/ship_fine/test/031.Medical_ship/P5280.bmp,25,031.Medical_ship,25,031.Medical_ship,1.000000
/mnt/e/aircas/dht/graduation/dataset/ship_fine/test/031.Medical_ship/P5436.bmp,25,031.Medical_ship,15,021.Independence-class_combat_ship,0.999422
/mnt/e/aircas/dht/graduation/dataset/ship_fine/test/031.Medical_ship/P5621.bmp,25,031.Medical_ship,25,031.Medical_ship,0.575067
/mnt/e/aircas/dht/graduation/dataset/ship_fine/test/031.Medical_ship/P5676.bmp,25,031.Medical_ship,25,031.Medical_ship,1.000000
/mnt/e/aircas/dht/graduation/dataset/ship_fine/test/031.Medical_ship/P5914.bmp,25,031.Medical_ship,25,031.Medical_ship,1.000000
/mnt/e/aircas/dht/graduation/dataset/ship_fine/test/031.Medical_ship/P6001.bmp,25,031.Medical_ship,25,031.Medical_ship,1.000000
/mnt/e/aircas/dht/graduation/dataset/ship_fine/test/031.Medical_ship/P6231.bmp,25,031.Medical_ship,17,023.Crane_ship,0.686679
/mnt/e/aircas/dht/graduation/dataset/ship_fine/test/031.Medical_ship/P6648.bmp,25,031.Medical_ship,17,023.Crane_ship,0.993200
/mnt/e/aircas/dht/graduation/dataset/ship_fine/test/031.Medical_ship/P6667.bmp,25,031.Medical_ship,25,031.Medical_ship,0.506992
/mnt/e/aircas/dht/graduation/dataset/ship_fine/test/031.Medical_ship/P7093.bmp,25,031.Medical_ship,25,031.Medical_ship,1.000000
/mnt/e/aircas/dht/graduation/dataset/ship_fine/test/031.Medical_ship/P7098.bmp,25,031.Medical_ship,25,031.Medical_ship,1.000000
/mnt/e/aircas/dht/graduation/dataset/ship_fine/test/031.Medical_ship/P7157.bmp,25,031.Medical_ship,25,031.Medical_ship,0.483489
/mnt/e/aircas/dht/graduation/dataset/ship_fine/test/031.Medical_ship/P8039.bmp,25,031.Medical_ship,25,031.Medical_ship,1.000000
/mnt/e/aircas/dht/graduation/dataset/ship_fine/test/031.Medical_ship/P8118.bmp,25,031.Medical_ship,27,033.Tank_ship,0.937213
/mnt/e/aircas/dht/graduation/dataset/ship_fine/test/031.Medical_ship/P8224.bmp,25,031.Medical_ship,19,025.Megayacht,0.889450
/mnt/e/aircas/dht/graduation/dataset/ship_fine/test/031.Medical_ship/P8285.bmp,25,031.Medical_ship,20,026.Cargo_ship,0.330778
/mnt/e/aircas/dht/graduation/dataset/ship_fine/test/031.Medical_ship/P8324.bmp,25,031.Medical_ship,25,031.Medical_ship,1.000000
/mnt/e/aircas/dht/graduation/dataset/ship_fine/test/031.Medical_ship/P8330.bmp,25,031.Medical_ship,25,031.Medical_ship,0.373790
/mnt/e/aircas/dht/graduation/dataset/ship_fine/test/031.Medical_ship/P8373.bmp,25,031.Medical_ship,17,023.Crane_ship,0.975125
/mnt/e/aircas/dht/graduation/dataset/ship_fine/test/031.Medical_ship/P8524.bmp,25,031.Medical_ship,25,031.Medical_ship,1.000000
/mnt/e/aircas/dht/graduation/dataset/ship_fine/test/031.Medical_ship/P8797.bmp,25,031.Medical_ship,25,031.Medical_ship,1.000000
/mnt/e/aircas/dht/graduation/dataset/ship_fine/test/031.Medical_ship/P9470.bmp,25,031.Medical_ship,25,031.Medical_ship,1.000000
/mnt/e/aircas/dht/graduation/dataset/ship_fine/test/031.Medical_ship/P9740.bmp,25,031.Medical_ship,27,033.Tank_ship,0.813739
/mnt/e/aircas/dht/graduation/dataset/ship_fine/test/032.Sand_carrier/P0495.bmp,26,032.Sand_carrier,26,032.Sand_carrier,0.519394
/mnt/e/aircas/dht/graduation/dataset/ship_fine/test/032.Sand_carrier/P0939.bmp,26,032.Sand_carrier,26,032.Sand_carrier,0.990862
/mnt/e/aircas/dht/graduation/dataset/ship_fine/test/032.Sand_carrier/P2070.bmp,26,032.Sand_carrier,20,026.Cargo_ship,0.667698
/mnt/e/aircas/dht/graduation/dataset/ship_fine/test/032.Sand_carrier/P2096.bmp,26,032.Sand_carrier,5,009.Arleigh_Burke-class_destroyer,0.348512
/mnt/e/aircas/dht/graduation/dataset/ship_fine/test/032.Sand_carrier/P2432.bmp,26,032.Sand_carrier,26,032.Sand_carrier,0.989473
/mnt/e/aircas/dht/graduation/dataset/ship_fine/test/032.Sand_carrier/P2493.bmp,26,032.Sand_carrier,26,032.Sand_carrier,0.999450
/mnt/e/aircas/dht/graduation/dataset/ship_fine/test/032.Sand_carrier/P2663.bmp,26,032.Sand_carrier,26,032.Sand_carrier,0.999577
/mnt/e/aircas/dht/graduation/dataset/ship_fine/test/032.Sand_carrier/P2701.bmp,26,032.Sand_carrier,26,032.Sand_carrier,0.997743
/mnt/e/aircas/dht/graduation/dataset/ship_fine/test/032.Sand_carrier/P3001.bmp,26,032.Sand_carrier,26,032.Sand_carrier,0.999990
/mnt/e/aircas/dht/graduation/dataset/ship_fine/test/032.Sand_carrier/P3413.bmp,26,032.Sand_carrier,26,032.Sand_carrier,0.999979
/mnt/e/aircas/dht/graduation/dataset/ship_fine/test/032.Sand_carrier/P4333.bmp,26,032.Sand_carrier,26,032.Sand_carrier,0.999718
/mnt/e/aircas/dht/graduation/dataset/ship_fine/test/032.Sand_carrier/P5642.bmp,26,032.Sand_carrier,26,032.Sand_carrier,0.999989
/mnt/e/aircas/dht/graduation/dataset/ship_fine/test/032.Sand_carrier/P6072.bmp,26,032.Sand_carrier,26,032.Sand_carrier,0.999871
/mnt/e/aircas/dht/graduation/dataset/ship_fine/test/032.Sand_carrier/P7152.bmp,26,032.Sand_carrier,26,032.Sand_carrier,0.999987
/mnt/e/aircas/dht/graduation/dataset/ship_fine/test/032.Sand_carrier/P7383.bmp,26,032.Sand_carrier,26,032.Sand_carrier,0.999997
/mnt/e/aircas/dht/graduation/dataset/ship_fine/test/032.Sand_carrier/P7950.bmp,26,032.Sand_carrier,27,033.Tank_ship,0.732800
/mnt/e/aircas/dht/graduation/dataset/ship_fine/test/032.Sand_carrier/P8071.bmp,26,032.Sand_carrier,26,032.Sand_carrier,1.000000
/mnt/e/aircas/dht/graduation/dataset/ship_fine/test/032.Sand_carrier/P8225.bmp,26,032.Sand_carrier,26,032.Sand_carrier,0.998919
/mnt/e/aircas/dht/graduation/dataset/ship_fine/test/032.Sand_carrier/P8270.bmp,26,032.Sand_carrier,26,032.Sand_carrier,0.999999
/mnt/e/aircas/dht/graduation/dataset/ship_fine/test/032.Sand_carrier/P8382.bmp,26,032.Sand_carrier,26,032.Sand_carrier,0.999999
/mnt/e/aircas/dht/graduation/dataset/ship_fine/test/032.Sand_carrier/P9276.bmp,26,032.Sand_carrier,26,032.Sand_carrier,0.999680
/mnt/e/aircas/dht/graduation/dataset/ship_fine/test/032.Sand_carrier/P9523.bmp,26,032.Sand_carrier,26,032.Sand_carrier,0.969307
/mnt/e/aircas/dht/graduation/dataset/ship_fine/test/033.Tank_ship/P0508.bmp,27,033.Tank_ship,27,033.Tank_ship,0.999071
/mnt/e/aircas/dht/graduation/dataset/ship_fine/test/033.Tank_ship/P0783.bmp,27,033.Tank_ship,27,033.Tank_ship,0.998492
/mnt/e/aircas/dht/graduation/dataset/ship_fine/test/033.Tank_ship/P1228.bmp,27,033.Tank_ship,27,033.Tank_ship,0.999300
/mnt/e/aircas/dht/graduation/dataset/ship_fine/test/033.Tank_ship/P1548.bmp,27,033.Tank_ship,27,033.Tank_ship,0.999537
/mnt/e/aircas/dht/graduation/dataset/ship_fine/test/033.Tank_ship/P2397.bmp,27,033.Tank_ship,27,033.Tank_ship,0.999998
/mnt/e/aircas/dht/graduation/dataset/ship_fine/test/033.Tank_ship/P2649.bmp,27,033.Tank_ship,27,033.Tank_ship,0.999761
/mnt/e/aircas/dht/graduation/dataset/ship_fine/test/033.Tank_ship/P2881.bmp,27,033.Tank_ship,27,033.Tank_ship,0.999934
/mnt/e/aircas/dht/graduation/dataset/ship_fine/test/033.Tank_ship/P3056.bmp,27,033.Tank_ship,27,033.Tank_ship,0.998982
/mnt/e/aircas/dht/graduation/dataset/ship_fine/test/033.Tank_ship/P3627.bmp,27,033.Tank_ship,18,024.Abukuma-class_frigate,0.954594
/mnt/e/aircas/dht/graduation/dataset/ship_fine/test/033.Tank_ship/P4009.bmp,27,033.Tank_ship,27,033.Tank_ship,0.404827
/mnt/e/aircas/dht/graduation/dataset/ship_fine/test/033.Tank_ship/P4464.bmp,27,033.Tank_ship,27,033.Tank_ship,0.999171
/mnt/e/aircas/dht/graduation/dataset/ship_fine/test/033.Tank_ship/P5803.bmp,27,033.Tank_ship,27,033.Tank_ship,0.506461
/mnt/e/aircas/dht/graduation/dataset/ship_fine/test/033.Tank_ship/P6016.bmp,27,033.Tank_ship,27,033.Tank_ship,0.997241
/mnt/e/aircas/dht/graduation/dataset/ship_fine/test/033.Tank_ship/P6358.bmp,27,033.Tank_ship,27,033.Tank_ship,0.968341
/mnt/e/aircas/dht/graduation/dataset/ship_fine/test/033.Tank_ship/P9073.bmp,27,033.Tank_ship,27,033.Tank_ship,0.999999
/mnt/e/aircas/dht/graduation/dataset/ship_fine/test/033.Tank_ship/P9750.bmp,27,033.Tank_ship,27,033.Tank_ship,0.951207
