filepath,true_idx,true_name,pred_idx,pred_name,prob
/mnt/e/aircas/dht/graduation/dataset/ship_fine/test/001.Nimitz-class_aircraft_carrier/P0031.bmp,0,001.Nimitz-class_aircraft_carrier,17,023.Crane_ship,0.766662
/mnt/e/aircas/dht/graduation/dataset/ship_fine/test/001.Nimitz-class_aircraft_carrier/P0145.bmp,0,001.Nimitz-class_aircraft_carrier,0,001.Nimitz-class_aircraft_carrier,0.625148
/mnt/e/aircas/dht/graduation/dataset/ship_fine/test/001.Nimitz-class_aircraft_carrier/P0212.bmp,0,001.Nimitz-class_aircraft_carrier,0,001.Nimitz-class_aircraft_carrier,0.998722
/mnt/e/aircas/dht/graduation/dataset/ship_fine/test/001.Nimitz-class_aircraft_carrier/P0267.bmp,0,001.Nimitz-class_aircraft_carrier,0,001.Nimitz-class_aircraft_carrier,0.985131
/mnt/e/aircas/dht/graduation/dataset/ship_fine/test/001.Nimitz-class_aircraft_carrier/P0418.bmp,0,001.Nimitz-class_aircraft_carrier,9,014.Wasp-class_assault_ship,0.902631
/mnt/e/aircas/dht/graduation/dataset/ship_fine/test/001.Nimitz-class_aircraft_carrier/P0696.bmp,0,001.Nimitz-class_aircraft_carrier,4,008.Ticonderoga-class_cruiser,0.703422
/mnt/e/aircas/dht/graduation/dataset/ship_fine/test/001.Nimitz-class_aircraft_carrier/P0835.bmp,0,001.Nimitz-class_aircraft_carrier,0,001.Nimitz-class_aircraft_carrier,0.999626
/mnt/e/aircas/dht/graduation/dataset/ship_fine/test/001.Nimitz-class_aircraft_carrier/P1140.bmp,0,001.Nimitz-class_aircraft_carrier,0,001.Nimitz-class_aircraft_carrier,0.968647
/mnt/e/aircas/dht/graduation/dataset/ship_fine/test/001.Nimitz-class_aircraft_carrier/P1223.bmp,0,001.Nimitz-class_aircraft_carrier,5,009.Arleigh_Burke-class_destroyer,0.983150
/mnt/e/aircas/dht/graduation/dataset/ship_fine/test/001.Nimitz-class_aircraft_carrier/P1252.bmp,0,001.Nimitz-class_aircraft_carrier,0,001.Nimitz-class_aircraft_carrier,0.997882
/mnt/e/aircas/dht/graduation/dataset/ship_fine/test/001.Nimitz-class_aircraft_carrier/P1435.bmp,0,001.Nimitz-class_aircraft_carrier,9,014.Wasp-class_assault_ship,0.766647
/mnt/e/aircas/dht/graduation/dataset/ship_fine/test/001.Nimitz-class_aircraft_carrier/P1596.bmp,0,001.Nimitz-class_aircraft_carrier,0,001.Nimitz-class_aircraft_carrier,0.998347
/mnt/e/aircas/dht/graduation/dataset/ship_fine/test/001.Nimitz-class_aircraft_carrier/P1651.bmp,0,001.Nimitz-class_aircraft_carrier,1,002.KittyHawk-class_aircraft_carrier,0.816730
/mnt/e/aircas/dht/graduation/dataset/ship_fine/test/001.Nimitz-class_aircraft_carrier/P1787.bmp,0,001.Nimitz-class_aircraft_carrier,0,001.Nimitz-class_aircraft_carrier,0.996380
/mnt/e/aircas/dht/graduation/dataset/ship_fine/test/001.Nimitz-class_aircraft_carrier/P2176.bmp,0,001.Nimitz-class_aircraft_carrier,4,008.Ticonderoga-class_cruiser,0.837871
/mnt/e/aircas/dht/graduation/dataset/ship_fine/test/001.Nimitz-class_aircraft_carrier/P2190.bmp,0,001.Nimitz-class_aircraft_carrier,0,001.Nimitz-class_aircraft_carrier,0.992982
/mnt/e/aircas/dht/graduation/dataset/ship_fine/test/001.Nimitz-class_aircraft_carrier/P2198.bmp,0,001.Nimitz-class_aircraft_carrier,0,001.Nimitz-class_aircraft_carrier,0.903181
/mnt/e/aircas/dht/graduation/dataset/ship_fine/test/001.Nimitz-class_aircraft_carrier/P2379.bmp,0,001.Nimitz-class_aircraft_carrier,5,009.Arleigh_Burke-class_destroyer,0.735760
/mnt/e/aircas/dht/graduation/dataset/ship_fine/test/001.Nimitz-class_aircraft_carrier/P2429.bmp,0,001.Nimitz-class_aircraft_carrier,9,014.Wasp-class_assault_ship,0.808040
/mnt/e/aircas/dht/graduation/dataset/ship_fine/test/001.Nimitz-class_aircraft_carrier/P2674.bmp,0,001.Nimitz-class_aircraft_carrier,0,001.Nimitz-class_aircraft_carrier,0.745838
/mnt/e/aircas/dht/graduation/dataset/ship_fine/test/001.Nimitz-class_aircraft_carrier/P2845.bmp,0,001.Nimitz-class_aircraft_carrier,9,014.Wasp-class_assault_ship,0.673856
/mnt/e/aircas/dht/graduation/dataset/ship_fine/test/001.Nimitz-class_aircraft_carrier/P2938.bmp,0,001.Nimitz-class_aircraft_carrier,0,001.Nimitz-class_aircraft_carrier,0.773037
/mnt/e/aircas/dht/graduation/dataset/ship_fine/test/001.Nimitz-class_aircraft_carrier/P3016.bmp,0,001.Nimitz-class_aircraft_carrier,0,001.Nimitz-class_aircraft_carrier,0.990082
/mnt/e/aircas/dht/graduation/dataset/ship_fine/test/001.Nimitz-class_aircraft_carrier/P3632.bmp,0,001.Nimitz-class_aircraft_carrier,0,001.Nimitz-class_aircraft_carrier,0.999645
/mnt/e/aircas/dht/graduation/dataset/ship_fine/test/001.Nimitz-class_aircraft_carrier/P3727.bmp,0,001.Nimitz-class_aircraft_carrier,5,009.Arleigh_Burke-class_destroyer,0.989489
/mnt/e/aircas/dht/graduation/dataset/ship_fine/test/001.Nimitz-class_aircraft_carrier/P3976.bmp,0,001.Nimitz-class_aircraft_carrier,0,001.Nimitz-class_aircraft_carrier,0.998635
/mnt/e/aircas/dht/graduation/dataset/ship_fine/test/001.Nimitz-class_aircraft_carrier/P4377.bmp,0,001.Nimitz-class_aircraft_carrier,0,001.Nimitz-class_aircraft_carrier,0.583747
/mnt/e/aircas/dht/graduation/dataset/ship_fine/test/001.Nimitz-class_aircraft_carrier/P4895.bmp,0,001.Nimitz-class_aircraft_carrier,25,031.Medical_ship,0.990005
/mnt/e/aircas/dht/graduation/dataset/ship_fine/test/001.Nimitz-class_aircraft_carrier/P4958.bmp,0,001.Nimitz-class_aircraft_carrier,0,001.Nimitz-class_aircraft_carrier,0.996763
/mnt/e/aircas/dht/graduation/dataset/ship_fine/test/001.Nimitz-class_aircraft_carrier/P5151.bmp,0,001.Nimitz-class_aircraft_carrier,0,001.Nimitz-class_aircraft_carrier,0.384256
/mnt/e/aircas/dht/graduation/dataset/ship_fine/test/001.Nimitz-class_aircraft_carrier/P5298.bmp,0,001.Nimitz-class_aircraft_carrier,0,001.Nimitz-class_aircraft_carrier,0.998939
/mnt/e/aircas/dht/graduation/dataset/ship_fine/test/001.Nimitz-class_aircraft_carrier/P5299.bmp,0,001.Nimitz-class_aircraft_carrier,0,001.Nimitz-class_aircraft_carrier,0.896264
/mnt/e/aircas/dht/graduation/dataset/ship_fine/test/001.Nimitz-class_aircraft_carrier/P5474.bmp,0,001.Nimitz-class_aircraft_carrier,0,001.Nimitz-class_aircraft_carrier,0.667614
/mnt/e/aircas/dht/graduation/dataset/ship_fine/test/001.Nimitz-class_aircraft_carrier/P5584.bmp,0,001.Nimitz-class_aircraft_carrier,17,023.Crane_ship,0.916810
/mnt/e/aircas/dht/graduation/dataset/ship_fine/test/001.Nimitz-class_aircraft_carrier/P5641.bmp,0,001.Nimitz-class_aircraft_carrier,0,001.Nimitz-class_aircraft_carrier,0.830836
/mnt/e/aircas/dht/graduation/dataset/ship_fine/test/001.Nimitz-class_aircraft_carrier/P5970.bmp,0,001.Nimitz-class_aircraft_carrier,5,009.Arleigh_Burke-class_destroyer,0.971731
/mnt/e/aircas/dht/graduation/dataset/ship_fine/test/001.Nimitz-class_aircraft_carrier/P6006.bmp,0,001.Nimitz-class_aircraft_carrier,0,001.Nimitz-class_aircraft_carrier,0.999395
/mnt/e/aircas/dht/graduation/dataset/ship_fine/test/001.Nimitz-class_aircraft_carrier/P6041.bmp,0,001.Nimitz-class_aircraft_carrier,0,001.Nimitz-class_aircraft_carrier,0.976793
/mnt/e/aircas/dht/graduation/dataset/ship_fine/test/001.Nimitz-class_aircraft_carrier/P6090.bmp,0,001.Nimitz-class_aircraft_carrier,0,001.Nimitz-class_aircraft_carrier,0.932454
/mnt/e/aircas/dht/graduation/dataset/ship_fine/test/001.Nimitz-class_aircraft_carrier/P6340.bmp,0,001.Nimitz-class_aircraft_carrier,12,018.Whitby_Island-class_dock_landing_ship,0.791159
/mnt/e/aircas/dht/graduation/dataset/ship_fine/test/001.Nimitz-class_aircraft_carrier/P6546.bmp,0,001.Nimitz-class_aircraft_carrier,0,001.Nimitz-class_aircraft_carrier,0.859623
/mnt/e/aircas/dht/graduation/dataset/ship_fine/test/001.Nimitz-class_aircraft_carrier/P6639.bmp,0,001.Nimitz-class_aircraft_carrier,0,001.Nimitz-class_aircraft_carrier,0.351379
/mnt/e/aircas/dht/graduation/dataset/ship_fine/test/001.Nimitz-class_aircraft_carrier/P6652.bmp,0,001.Nimitz-class_aircraft_carrier,0,001.Nimitz-class_aircraft_carrier,0.805597
/mnt/e/aircas/dht/graduation/dataset/ship_fine/test/001.Nimitz-class_aircraft_carrier/P7110.bmp,0,001.Nimitz-class_aircraft_carrier,0,001.Nimitz-class_aircraft_carrier,0.996187
/mnt/e/aircas/dht/graduation/dataset/ship_fine/test/001.Nimitz-class_aircraft_carrier/P7151.bmp,0,001.Nimitz-class_aircraft_carrier,0,001.Nimitz-class_aircraft_carrier,0.900170
/mnt/e/aircas/dht/graduation/dataset/ship_fine/test/001.Nimitz-class_aircraft_carrier/P7158.bmp,0,001.Nimitz-class_aircraft_carrier,9,014.Wasp-class_assault_ship,0.726463
/mnt/e/aircas/dht/graduation/dataset/ship_fine/test/001.Nimitz-class_aircraft_carrier/P7675.bmp,0,001.Nimitz-class_aircraft_carrier,0,001.Nimitz-class_aircraft_carrier,0.995360
/mnt/e/aircas/dht/graduation/dataset/ship_fine/test/001.Nimitz-class_aircraft_carrier/P7748.bmp,0,001.Nimitz-class_aircraft_carrier,0,001.Nimitz-class_aircraft_carrier,0.989223
/mnt/e/aircas/dht/graduation/dataset/ship_fine/test/001.Nimitz-class_aircraft_carrier/P7798.bmp,0,001.Nimitz-class_aircraft_carrier,0,001.Nimitz-class_aircraft_carrier,0.959746
/mnt/e/aircas/dht/graduation/dataset/ship_fine/test/001.Nimitz-class_aircraft_carrier/P7846.bmp,0,001.Nimitz-class_aircraft_carrier,0,001.Nimitz-class_aircraft_carrier,0.783223
/mnt/e/aircas/dht/graduation/dataset/ship_fine/test/001.Nimitz-class_aircraft_carrier/P7935.bmp,0,001.Nimitz-class_aircraft_carrier,9,014.Wasp-class_assault_ship,0.486425
/mnt/e/aircas/dht/graduation/dataset/ship_fine/test/001.Nimitz-class_aircraft_carrier/P8158.bmp,0,001.Nimitz-class_aircraft_carrier,0,001.Nimitz-class_aircraft_carrier,0.959159
/mnt/e/aircas/dht/graduation/dataset/ship_fine/test/001.Nimitz-class_aircraft_carrier/P8200.bmp,0,001.Nimitz-class_aircraft_carrier,0,001.Nimitz-class_aircraft_carrier,0.998514
/mnt/e/aircas/dht/graduation/dataset/ship_fine/test/001.Nimitz-class_aircraft_carrier/P9548.bmp,0,001.Nimitz-class_aircraft_carrier,4,008.Ticonderoga-class_cruiser,0.799683
/mnt/e/aircas/dht/graduation/dataset/ship_fine/test/001.Nimitz-class_aircraft_carrier/P9623.bmp,0,001.Nimitz-class_aircraft_carrier,0,001.Nimitz-class_aircraft_carrier,0.998750
/mnt/e/aircas/dht/graduation/dataset/ship_fine/test/002.KittyHawk-class_aircraft_carrier/P3209.bmp,1,002.KittyHawk-class_aircraft_carrier,1,002.KittyHawk-class_aircraft_carrier,0.512192
/mnt/e/aircas/dht/graduation/dataset/ship_fine/test/002.KittyHawk-class_aircraft_carrier/P5939.bmp,1,002.KittyHawk-class_aircraft_carrier,1,002.KittyHawk-class_aircraft_carrier,0.992796
/mnt/e/aircas/dht/graduation/dataset/ship_fine/test/002.KittyHawk-class_aircraft_carrier/P6447.bmp,1,002.KittyHawk-class_aircraft_carrier,1,002.KittyHawk-class_aircraft_carrier,0.896344
/mnt/e/aircas/dht/graduation/dataset/ship_fine/test/002.KittyHawk-class_aircraft_carrier/P7298.bmp,1,002.KittyHawk-class_aircraft_carrier,1,002.KittyHawk-class_aircraft_carrier,0.655162
/mnt/e/aircas/dht/graduation/dataset/ship_fine/test/002.KittyHawk-class_aircraft_carrier/P7353.bmp,1,002.KittyHawk-class_aircraft_carrier,5,009.Arleigh_Burke-class_destroyer,0.622236
/mnt/e/aircas/dht/graduation/dataset/ship_fine/test/002.KittyHawk-class_aircraft_carrier/P8918.bmp,1,002.KittyHawk-class_aircraft_carrier,1,002.KittyHawk-class_aircraft_carrier,0.995263
/mnt/e/aircas/dht/graduation/dataset/ship_fine/test/003.Midway-class_aircraft_carrier/P0024.bmp,2,003.Midway-class_aircraft_carrier,2,003.Midway-class_aircraft_carrier,0.979588
/mnt/e/aircas/dht/graduation/dataset/ship_fine/test/003.Midway-class_aircraft_carrier/P0116.bmp,2,003.Midway-class_aircraft_carrier,2,003.Midway-class_aircraft_carrier,0.999966
/mnt/e/aircas/dht/graduation/dataset/ship_fine/test/003.Midway-class_aircraft_carrier/P0690.bmp,2,003.Midway-class_aircraft_carrier,2,003.Midway-class_aircraft_carrier,0.999888
/mnt/e/aircas/dht/graduation/dataset/ship_fine/test/003.Midway-class_aircraft_carrier/P1267.bmp,2,003.Midway-class_aircraft_carrier,5,009.Arleigh_Burke-class_destroyer,0.835298
/mnt/e/aircas/dht/graduation/dataset/ship_fine/test/003.Midway-class_aircraft_carrier/P1450.bmp,2,003.Midway-class_aircraft_carrier,2,003.Midway-class_aircraft_carrier,0.369109
/mnt/e/aircas/dht/graduation/dataset/ship_fine/test/003.Midway-class_aircraft_carrier/P1538.bmp,2,003.Midway-class_aircraft_carrier,2,003.Midway-class_aircraft_carrier,0.986298
/mnt/e/aircas/dht/graduation/dataset/ship_fine/test/003.Midway-class_aircraft_carrier/P1812.bmp,2,003.Midway-class_aircraft_carrier,2,003.Midway-class_aircraft_carrier,0.988111
/mnt/e/aircas/dht/graduation/dataset/ship_fine/test/003.Midway-class_aircraft_carrier/P2395.bmp,2,003.Midway-class_aircraft_carrier,2,003.Midway-class_aircraft_carrier,0.999147
/mnt/e/aircas/dht/graduation/dataset/ship_fine/test/003.Midway-class_aircraft_carrier/P2536.bmp,2,003.Midway-class_aircraft_carrier,0,001.Nimitz-class_aircraft_carrier,0.983635
/mnt/e/aircas/dht/graduation/dataset/ship_fine/test/003.Midway-class_aircraft_carrier/P3257.bmp,2,003.Midway-class_aircraft_carrier,2,003.Midway-class_aircraft_carrier,0.937743
/mnt/e/aircas/dht/graduation/dataset/ship_fine/test/003.Midway-class_aircraft_carrier/P5317.bmp,2,003.Midway-class_aircraft_carrier,2,003.Midway-class_aircraft_carrier,0.998092
/mnt/e/aircas/dht/graduation/dataset/ship_fine/test/003.Midway-class_aircraft_carrier/P5482.bmp,2,003.Midway-class_aircraft_carrier,2,003.Midway-class_aircraft_carrier,0.948899
/mnt/e/aircas/dht/graduation/dataset/ship_fine/test/003.Midway-class_aircraft_carrier/P6646.bmp,2,003.Midway-class_aircraft_carrier,24,030.Civil_yacht,0.710385
/mnt/e/aircas/dht/graduation/dataset/ship_fine/test/003.Midway-class_aircraft_carrier/P7096.bmp,2,003.Midway-class_aircraft_carrier,2,003.Midway-class_aircraft_carrier,0.891559
/mnt/e/aircas/dht/graduation/dataset/ship_fine/test/003.Midway-class_aircraft_carrier/P7218.bmp,2,003.Midway-class_aircraft_carrier,2,003.Midway-class_aircraft_carrier,0.997104
/mnt/e/aircas/dht/graduation/dataset/ship_fine/test/003.Midway-class_aircraft_carrier/P7782.bmp,2,003.Midway-class_aircraft_carrier,2,003.Midway-class_aircraft_carrier,0.997753
/mnt/e/aircas/dht/graduation/dataset/ship_fine/test/003.Midway-class_aircraft_carrier/P7951.bmp,2,003.Midway-class_aircraft_carrier,2,003.Midway-class_aircraft_carrier,0.972146
/mnt/e/aircas/dht/graduation/dataset/ship_fine/test/003.Midway-class_aircraft_carrier/P8293.bmp,2,003.Midway-class_aircraft_carrier,2,003.Midway-class_aircraft_carrier,0.997850
/mnt/e/aircas/dht/graduation/dataset/ship_fine/test/003.Midway-class_aircraft_carrier/P9375.bmp,2,003.Midway-class_aircraft_carrier,2,003.Midway-class_aircraft_carrier,0.999201
/mnt/e/aircas/dht/graduation/dataset/ship_fine/test/003.Midway-class_aircraft_carrier/P9766.bmp,2,003.Midway-class_aircraft_carrier,2,003.Midway-class_aircraft_carrier,0.999662
/mnt/e/aircas/dht/graduation/dataset/ship_fine/test/004.Kuznetsov-class_aircraft_carrier/P0190.bmp,3,004.Kuznetsov-class_aircraft_carrier,3,004.Kuznetsov-class_aircraft_carrier,0.999177
/mnt/e/aircas/dht/graduation/dataset/ship_fine/test/004.Kuznetsov-class_aircraft_carrier/P4976.bmp,3,004.Kuznetsov-class_aircraft_carrier,3,004.Kuznetsov-class_aircraft_carrier,0.999432
/mnt/e/aircas/dht/graduation/dataset/ship_fine/test/004.Kuznetsov-class_aircraft_carrier/P6432.bmp,3,004.Kuznetsov-class_aircraft_carrier,3,004.Kuznetsov-class_aircraft_carrier,0.999926
/mnt/e/aircas/dht/graduation/dataset/ship_fine/test/004.Kuznetsov-class_aircraft_carrier/P6613.bmp,3,004.Kuznetsov-class_aircraft_carrier,3,004.Kuznetsov-class_aircraft_carrier,0.999916
/mnt/e/aircas/dht/graduation/dataset/ship_fine/test/004.Kuznetsov-class_aircraft_carrier/P6781.bmp,3,004.Kuznetsov-class_aircraft_carrier,20,026.Cargo_ship,0.845358
/mnt/e/aircas/dht/graduation/dataset/ship_fine/test/004.Kuznetsov-class_aircraft_carrier/P9448.bmp,3,004.Kuznetsov-class_aircraft_carrier,3,004.Kuznetsov-class_aircraft_carrier,0.999049
/mnt/e/aircas/dht/graduation/dataset/ship_fine/test/008.Ticonderoga-class_cruiser/P0074.bmp,4,008.Ticonderoga-class_cruiser,4,008.Ticonderoga-class_cruiser,0.994445
/mnt/e/aircas/dht/graduation/dataset/ship_fine/test/008.Ticonderoga-class_cruiser/P0111.bmp,4,008.Ticonderoga-class_cruiser,4,008.Ticonderoga-class_cruiser,0.819997
/mnt/e/aircas/dht/graduation/dataset/ship_fine/test/008.Ticonderoga-class_cruiser/P0181.bmp,4,008.Ticonderoga-class_cruiser,4,008.Ticonderoga-class_cruiser,0.640122
/mnt/e/aircas/dht/graduation/dataset/ship_fine/test/008.Ticonderoga-class_cruiser/P0192.bmp,4,008.Ticonderoga-class_cruiser,9,014.Wasp-class_assault_ship,0.746010
/mnt/e/aircas/dht/graduation/dataset/ship_fine/test/008.Ticonderoga-class_cruiser/P0197.bmp,4,008.Ticonderoga-class_cruiser,4,008.Ticonderoga-class_cruiser,0.630104
/mnt/e/aircas/dht/graduation/dataset/ship_fine/test/008.Ticonderoga-class_cruiser/P0263.bmp,4,008.Ticonderoga-class_cruiser,4,008.Ticonderoga-class_cruiser,0.957222
/mnt/e/aircas/dht/graduation/dataset/ship_fine/test/008.Ticonderoga-class_cruiser/P0363.bmp,4,008.Ticonderoga-class_cruiser,4,008.Ticonderoga-class_cruiser,0.886753
/mnt/e/aircas/dht/graduation/dataset/ship_fine/test/008.Ticonderoga-class_cruiser/P0367.bmp,4,008.Ticonderoga-class_cruiser,4,008.Ticonderoga-class_cruiser,0.832535
/mnt/e/aircas/dht/graduation/dataset/ship_fine/test/008.Ticonderoga-class_cruiser/P0404.bmp,4,008.Ticonderoga-class_cruiser,4,008.Ticonderoga-class_cruiser,0.996406
/mnt/e/aircas/dht/graduation/dataset/ship_fine/test/008.Ticonderoga-class_cruiser/P0463.bmp,4,008.Ticonderoga-class_cruiser,4,008.Ticonderoga-class_cruiser,0.998669
/mnt/e/aircas/dht/graduation/dataset/ship_fine/test/008.Ticonderoga-class_cruiser/P0516.bmp,4,008.Ticonderoga-class_cruiser,5,009.Arleigh_Burke-class_destroyer,0.977123
/mnt/e/aircas/dht/graduation/dataset/ship_fine/test/008.Ticonderoga-class_cruiser/P0619.bmp,4,008.Ticonderoga-class_cruiser,4,008.Ticonderoga-class_cruiser,0.673044
/mnt/e/aircas/dht/graduation/dataset/ship_fine/test/008.Ticonderoga-class_cruiser/P0853.bmp,4,008.Ticonderoga-class_cruiser,4,008.Ticonderoga-class_cruiser,0.990776
/mnt/e/aircas/dht/graduation/dataset/ship_fine/test/008.Ticonderoga-class_cruiser/P0915.bmp,4,008.Ticonderoga-class_cruiser,4,008.Ticonderoga-class_cruiser,0.565418
/mnt/e/aircas/dht/graduation/dataset/ship_fine/test/008.Ticonderoga-class_cruiser/P0926.bmp,4,008.Ticonderoga-class_cruiser,4,008.Ticonderoga-class_cruiser,0.811401
/mnt/e/aircas/dht/graduation/dataset/ship_fine/test/008.Ticonderoga-class_cruiser/P0997.bmp,4,008.Ticonderoga-class_cruiser,5,009.Arleigh_Burke-class_destroyer,0.855478
/mnt/e/aircas/dht/graduation/dataset/ship_fine/test/008.Ticonderoga-class_cruiser/P1050.bmp,4,008.Ticonderoga-class_cruiser,4,008.Ticonderoga-class_cruiser,0.601757
/mnt/e/aircas/dht/graduation/dataset/ship_fine/test/008.Ticonderoga-class_cruiser/P1143.bmp,4,008.Ticonderoga-class_cruiser,16,022.Sacramento-class_support_ship,0.647518
/mnt/e/aircas/dht/graduation/dataset/ship_fine/test/008.Ticonderoga-class_cruiser/P1456.bmp,4,008.Ticonderoga-class_cruiser,5,009.Arleigh_Burke-class_destroyer,0.985578
/mnt/e/aircas/dht/graduation/dataset/ship_fine/test/008.Ticonderoga-class_cruiser/P1881.bmp,4,008.Ticonderoga-class_cruiser,15,021.Independence-class_combat_ship,0.747542
/mnt/e/aircas/dht/graduation/dataset/ship_fine/test/008.Ticonderoga-class_cruiser/P1889.bmp,4,008.Ticonderoga-class_cruiser,22,028.Container_ship,0.871026
/mnt/e/aircas/dht/graduation/dataset/ship_fine/test/008.Ticonderoga-class_cruiser/P1936.bmp,4,008.Ticonderoga-class_cruiser,4,008.Ticonderoga-class_cruiser,0.595391
/mnt/e/aircas/dht/graduation/dataset/ship_fine/test/008.Ticonderoga-class_cruiser/P1991.bmp,4,008.Ticonderoga-class_cruiser,21,027.Murasame-class_destroyer,0.427103
/mnt/e/aircas/dht/graduation/dataset/ship_fine/test/008.Ticonderoga-class_cruiser/P2341.bmp,4,008.Ticonderoga-class_cruiser,4,008.Ticonderoga-class_cruiser,0.991263
/mnt/e/aircas/dht/graduation/dataset/ship_fine/test/008.Ticonderoga-class_cruiser/P2399.bmp,4,008.Ticonderoga-class_cruiser,4,008.Ticonderoga-class_cruiser,0.984501
/mnt/e/aircas/dht/graduation/dataset/ship_fine/test/008.Ticonderoga-class_cruiser/P2473.bmp,4,008.Ticonderoga-class_cruiser,4,008.Ticonderoga-class_cruiser,0.992774
/mnt/e/aircas/dht/graduation/dataset/ship_fine/test/008.Ticonderoga-class_cruiser/P2577.bmp,4,008.Ticonderoga-class_cruiser,4,008.Ticonderoga-class_cruiser,0.995293
/mnt/e/aircas/dht/graduation/dataset/ship_fine/test/008.Ticonderoga-class_cruiser/P2611.bmp,4,008.Ticonderoga-class_cruiser,24,030.Civil_yacht,0.987388
/mnt/e/aircas/dht/graduation/dataset/ship_fine/test/008.Ticonderoga-class_cruiser/P2653.bmp,4,008.Ticonderoga-class_cruiser,17,023.Crane_ship,0.715438
/mnt/e/aircas/dht/graduation/dataset/ship_fine/test/008.Ticonderoga-class_cruiser/P2656.bmp,4,008.Ticonderoga-class_cruiser,4,008.Ticonderoga-class_cruiser,0.543080
/mnt/e/aircas/dht/graduation/dataset/ship_fine/test/008.Ticonderoga-class_cruiser/P2679.bmp,4,008.Ticonderoga-class_cruiser,4,008.Ticonderoga-class_cruiser,0.501562
/mnt/e/aircas/dht/graduation/dataset/ship_fine/test/008.Ticonderoga-class_cruiser/P2687.bmp,4,008.Ticonderoga-class_cruiser,3,004.Kuznetsov-class_aircraft_carrier,0.670270
/mnt/e/aircas/dht/graduation/dataset/ship_fine/test/008.Ticonderoga-class_cruiser/P2738.bmp,4,008.Ticonderoga-class_cruiser,4,008.Ticonderoga-class_cruiser,0.667671
/mnt/e/aircas/dht/graduation/dataset/ship_fine/test/008.Ticonderoga-class_cruiser/P2828.bmp,4,008.Ticonderoga-class_cruiser,4,008.Ticonderoga-class_cruiser,0.852877
/mnt/e/aircas/dht/graduation/dataset/ship_fine/test/008.Ticonderoga-class_cruiser/P2839.bmp,4,008.Ticonderoga-class_cruiser,5,009.Arleigh_Burke-class_destroyer,0.945342
/mnt/e/aircas/dht/graduation/dataset/ship_fine/test/008.Ticonderoga-class_cruiser/P2879.bmp,4,008.Ticonderoga-class_cruiser,4,008.Ticonderoga-class_cruiser,0.995451
/mnt/e/aircas/dht/graduation/dataset/ship_fine/test/008.Ticonderoga-class_cruiser/P2897.bmp,4,008.Ticonderoga-class_cruiser,4,008.Ticonderoga-class_cruiser,0.977494
/mnt/e/aircas/dht/graduation/dataset/ship_fine/test/008.Ticonderoga-class_cruiser/P2942.bmp,4,008.Ticonderoga-class_cruiser,4,008.Ticonderoga-class_cruiser,0.991327
/mnt/e/aircas/dht/graduation/dataset/ship_fine/test/008.Ticonderoga-class_cruiser/P3134.bmp,4,008.Ticonderoga-class_cruiser,3,004.Kuznetsov-class_aircraft_carrier,0.533844
/mnt/e/aircas/dht/graduation/dataset/ship_fine/test/008.Ticonderoga-class_cruiser/P3405.bmp,4,008.Ticonderoga-class_cruiser,5,009.Arleigh_Burke-class_destroyer,0.346206
/mnt/e/aircas/dht/graduation/dataset/ship_fine/test/008.Ticonderoga-class_cruiser/P3435.bmp,4,008.Ticonderoga-class_cruiser,9,014.Wasp-class_assault_ship,0.962119
/mnt/e/aircas/dht/graduation/dataset/ship_fine/test/008.Ticonderoga-class_cruiser/P4194.bmp,4,008.Ticonderoga-class_cruiser,5,009.Arleigh_Burke-class_destroyer,0.971308
/mnt/e/aircas/dht/graduation/dataset/ship_fine/test/008.Ticonderoga-class_cruiser/P4248.bmp,4,008.Ticonderoga-class_cruiser,4,008.Ticonderoga-class_cruiser,0.957473
/mnt/e/aircas/dht/graduation/dataset/ship_fine/test/008.Ticonderoga-class_cruiser/P4336.bmp,4,008.Ticonderoga-class_cruiser,4,008.Ticonderoga-class_cruiser,0.966581
/mnt/e/aircas/dht/graduation/dataset/ship_fine/test/008.Ticonderoga-class_cruiser/P4363.bmp,4,008.Ticonderoga-class_cruiser,4,008.Ticonderoga-class_cruiser,0.905972
/mnt/e/aircas/dht/graduation/dataset/ship_fine/test/008.Ticonderoga-class_cruiser/P4391.bmp,4,008.Ticonderoga-class_cruiser,12,018.Whitby_Island-class_dock_landing_ship,0.856339
/mnt/e/aircas/dht/graduation/dataset/ship_fine/test/008.Ticonderoga-class_cruiser/P4717.bmp,4,008.Ticonderoga-class_cruiser,4,008.Ticonderoga-class_cruiser,0.997400
/mnt/e/aircas/dht/graduation/dataset/ship_fine/test/008.Ticonderoga-class_cruiser/P4719.bmp,4,008.Ticonderoga-class_cruiser,4,008.Ticonderoga-class_cruiser,0.969110
/mnt/e/aircas/dht/graduation/dataset/ship_fine/test/008.Ticonderoga-class_cruiser/P4939.bmp,4,008.Ticonderoga-class_cruiser,5,009.Arleigh_Burke-class_destroyer,0.976472
/mnt/e/aircas/dht/graduation/dataset/ship_fine/test/008.Ticonderoga-class_cruiser/P4974.bmp,4,008.Ticonderoga-class_cruiser,4,008.Ticonderoga-class_cruiser,0.963746
/mnt/e/aircas/dht/graduation/dataset/ship_fine/test/008.Ticonderoga-class_cruiser/P5943.bmp,4,008.Ticonderoga-class_cruiser,4,008.Ticonderoga-class_cruiser,0.545032
/mnt/e/aircas/dht/graduation/dataset/ship_fine/test/008.Ticonderoga-class_cruiser/P6386.bmp,4,008.Ticonderoga-class_cruiser,4,008.Ticonderoga-class_cruiser,0.984993
/mnt/e/aircas/dht/graduation/dataset/ship_fine/test/008.Ticonderoga-class_cruiser/P6395.bmp,4,008.Ticonderoga-class_cruiser,9,014.Wasp-class_assault_ship,0.999594
/mnt/e/aircas/dht/graduation/dataset/ship_fine/test/008.Ticonderoga-class_cruiser/P6455.bmp,4,008.Ticonderoga-class_cruiser,4,008.Ticonderoga-class_cruiser,0.986084
/mnt/e/aircas/dht/graduation/dataset/ship_fine/test/008.Ticonderoga-class_cruiser/P6875.bmp,4,008.Ticonderoga-class_cruiser,4,008.Ticonderoga-class_cruiser,0.977923
/mnt/e/aircas/dht/graduation/dataset/ship_fine/test/008.Ticonderoga-class_cruiser/P6961.bmp,4,008.Ticonderoga-class_cruiser,5,009.Arleigh_Burke-class_destroyer,0.527799
/mnt/e/aircas/dht/graduation/dataset/ship_fine/test/008.Ticonderoga-class_cruiser/P6983.bmp,4,008.Ticonderoga-class_cruiser,9,014.Wasp-class_assault_ship,0.528871
/mnt/e/aircas/dht/graduation/dataset/ship_fine/test/008.Ticonderoga-class_cruiser/P7048.bmp,4,008.Ticonderoga-class_cruiser,5,009.Arleigh_Burke-class_destroyer,0.868660
/mnt/e/aircas/dht/graduation/dataset/ship_fine/test/008.Ticonderoga-class_cruiser/P7116.bmp,4,008.Ticonderoga-class_cruiser,4,008.Ticonderoga-class_cruiser,0.997274
/mnt/e/aircas/dht/graduation/dataset/ship_fine/test/008.Ticonderoga-class_cruiser/P7175.bmp,4,008.Ticonderoga-class_cruiser,5,009.Arleigh_Burke-class_destroyer,0.951836
/mnt/e/aircas/dht/graduation/dataset/ship_fine/test/009.Arleigh_Burke-class_destroyer/P0000.bmp,5,009.Arleigh_Burke-class_destroyer,5,009.Arleigh_Burke-class_destroyer,0.979838
/mnt/e/aircas/dht/graduation/dataset/ship_fine/test/009.Arleigh_Burke-class_destroyer/P0026.bmp,5,009.Arleigh_Burke-class_destroyer,5,009.Arleigh_Burke-class_destroyer,0.865664
/mnt/e/aircas/dht/graduation/dataset/ship_fine/test/009.Arleigh_Burke-class_destroyer/P0038.bmp,5,009.Arleigh_Burke-class_destroyer,5,009.Arleigh_Burke-class_destroyer,0.968895
/mnt/e/aircas/dht/graduation/dataset/ship_fine/test/009.Arleigh_Burke-class_destroyer/P0064.bmp,5,009.Arleigh_Burke-class_destroyer,5,009.Arleigh_Burke-class_destroyer,0.998282
/mnt/e/aircas/dht/graduation/dataset/ship_fine/test/009.Arleigh_Burke-class_destroyer/P0070.bmp,5,009.Arleigh_Burke-class_destroyer,5,009.Arleigh_Burke-class_destroyer,0.978172
/mnt/e/aircas/dht/graduation/dataset/ship_fine/test/009.Arleigh_Burke-class_destroyer/P0084.bmp,5,009.Arleigh_Burke-class_destroyer,5,009.Arleigh_Burke-class_destroyer,0.958658
/mnt/e/aircas/dht/graduation/dataset/ship_fine/test/009.Arleigh_Burke-class_destroyer/P0092.bmp,5,009.Arleigh_Burke-class_destroyer,5,009.Arleigh_Burke-class_destroyer,0.978876
/mnt/e/aircas/dht/graduation/dataset/ship_fine/test/009.Arleigh_Burke-class_destroyer/P0216.bmp,5,009.Arleigh_Burke-class_destroyer,5,009.Arleigh_Burke-class_destroyer,0.946601
/mnt/e/aircas/dht/graduation/dataset/ship_fine/test/009.Arleigh_Burke-class_destroyer/P0283.bmp,5,009.Arleigh_Burke-class_destroyer,5,009.Arleigh_Burke-class_destroyer,0.697675
/mnt/e/aircas/dht/graduation/dataset/ship_fine/test/009.Arleigh_Burke-class_destroyer/P0508.bmp,5,009.Arleigh_Burke-class_destroyer,4,008.Ticonderoga-class_cruiser,0.841109
/mnt/e/aircas/dht/graduation/dataset/ship_fine/test/009.Arleigh_Burke-class_destroyer/P0653.bmp,5,009.Arleigh_Burke-class_destroyer,5,009.Arleigh_Burke-class_destroyer,0.895549
/mnt/e/aircas/dht/graduation/dataset/ship_fine/test/009.Arleigh_Burke-class_destroyer/P0876.bmp,5,009.Arleigh_Burke-class_destroyer,12,018.Whitby_Island-class_dock_landing_ship,0.909559
/mnt/e/aircas/dht/graduation/dataset/ship_fine/test/009.Arleigh_Burke-class_destroyer/P0919.bmp,5,009.Arleigh_Burke-class_destroyer,5,009.Arleigh_Burke-class_destroyer,0.983505
/mnt/e/aircas/dht/graduation/dataset/ship_fine/test/009.Arleigh_Burke-class_destroyer/P0922.bmp,5,009.Arleigh_Burke-class_destroyer,5,009.Arleigh_Burke-class_destroyer,0.984940
/mnt/e/aircas/dht/graduation/dataset/ship_fine/test/009.Arleigh_Burke-class_destroyer/P0925.bmp,5,009.Arleigh_Burke-class_destroyer,5,009.Arleigh_Burke-class_destroyer,0.990559
/mnt/e/aircas/dht/graduation/dataset/ship_fine/test/009.Arleigh_Burke-class_destroyer/P0939.bmp,5,009.Arleigh_Burke-class_destroyer,5,009.Arleigh_Burke-class_destroyer,0.988242
/mnt/e/aircas/dht/graduation/dataset/ship_fine/test/009.Arleigh_Burke-class_destroyer/P1010.bmp,5,009.Arleigh_Burke-class_destroyer,5,009.Arleigh_Burke-class_destroyer,0.995017
/mnt/e/aircas/dht/graduation/dataset/ship_fine/test/009.Arleigh_Burke-class_destroyer/P1027.bmp,5,009.Arleigh_Burke-class_destroyer,4,008.Ticonderoga-class_cruiser,0.931671
/mnt/e/aircas/dht/graduation/dataset/ship_fine/test/009.Arleigh_Burke-class_destroyer/P1034.bmp,5,009.Arleigh_Burke-class_destroyer,24,030.Civil_yacht,0.611110
/mnt/e/aircas/dht/graduation/dataset/ship_fine/test/009.Arleigh_Burke-class_destroyer/P1046.bmp,5,009.Arleigh_Burke-class_destroyer,16,022.Sacramento-class_support_ship,0.580947
/mnt/e/aircas/dht/graduation/dataset/ship_fine/test/009.Arleigh_Burke-class_destroyer/P1098.bmp,5,009.Arleigh_Burke-class_destroyer,5,009.Arleigh_Burke-class_destroyer,0.985034
/mnt/e/aircas/dht/graduation/dataset/ship_fine/test/009.Arleigh_Burke-class_destroyer/P1185.bmp,5,009.Arleigh_Burke-class_destroyer,5,009.Arleigh_Burke-class_destroyer,0.998252
/mnt/e/aircas/dht/graduation/dataset/ship_fine/test/009.Arleigh_Burke-class_destroyer/P1377.bmp,5,009.Arleigh_Burke-class_destroyer,5,009.Arleigh_Burke-class_destroyer,0.966523
/mnt/e/aircas/dht/graduation/dataset/ship_fine/test/009.Arleigh_Burke-class_destroyer/P1445.bmp,5,009.Arleigh_Burke-class_destroyer,5,009.Arleigh_Burke-class_destroyer,0.918398
/mnt/e/aircas/dht/graduation/dataset/ship_fine/test/009.Arleigh_Burke-class_destroyer/P1577.bmp,5,009.Arleigh_Burke-class_destroyer,5,009.Arleigh_Burke-class_destroyer,0.996004
/mnt/e/aircas/dht/graduation/dataset/ship_fine/test/009.Arleigh_Burke-class_destroyer/P1651.bmp,5,009.Arleigh_Burke-class_destroyer,4,008.Ticonderoga-class_cruiser,0.627104
/mnt/e/aircas/dht/graduation/dataset/ship_fine/test/009.Arleigh_Burke-class_destroyer/P1710.bmp,5,009.Arleigh_Burke-class_destroyer,5,009.Arleigh_Burke-class_destroyer,0.964951
/mnt/e/aircas/dht/graduation/dataset/ship_fine/test/009.Arleigh_Burke-class_destroyer/P1767.bmp,5,009.Arleigh_Burke-class_destroyer,4,008.Ticonderoga-class_cruiser,0.507550
/mnt/e/aircas/dht/graduation/dataset/ship_fine/test/009.Arleigh_Burke-class_destroyer/P1844.bmp,5,009.Arleigh_Burke-class_destroyer,12,018.Whitby_Island-class_dock_landing_ship,0.999189
/mnt/e/aircas/dht/graduation/dataset/ship_fine/test/009.Arleigh_Burke-class_destroyer/P1868.bmp,5,009.Arleigh_Burke-class_destroyer,5,009.Arleigh_Burke-class_destroyer,0.725728
/mnt/e/aircas/dht/graduation/dataset/ship_fine/test/009.Arleigh_Burke-class_destroyer/P1932.bmp,5,009.Arleigh_Burke-class_destroyer,5,009.Arleigh_Burke-class_destroyer,0.737236
/mnt/e/aircas/dht/graduation/dataset/ship_fine/test/009.Arleigh_Burke-class_destroyer/P1949.bmp,5,009.Arleigh_Burke-class_destroyer,5,009.Arleigh_Burke-class_destroyer,0.592896
/mnt/e/aircas/dht/graduation/dataset/ship_fine/test/009.Arleigh_Burke-class_destroyer/P2056.bmp,5,009.Arleigh_Burke-class_destroyer,5,009.Arleigh_Burke-class_destroyer,0.934990
/mnt/e/aircas/dht/graduation/dataset/ship_fine/test/009.Arleigh_Burke-class_destroyer/P2095.bmp,5,009.Arleigh_Burke-class_destroyer,5,009.Arleigh_Burke-class_destroyer,0.868082
/mnt/e/aircas/dht/graduation/dataset/ship_fine/test/009.Arleigh_Burke-class_destroyer/P2384.bmp,5,009.Arleigh_Burke-class_destroyer,5,009.Arleigh_Burke-class_destroyer,0.996123
/mnt/e/aircas/dht/graduation/dataset/ship_fine/test/009.Arleigh_Burke-class_destroyer/P2426.bmp,5,009.Arleigh_Burke-class_destroyer,5,009.Arleigh_Burke-class_destroyer,0.998205
/mnt/e/aircas/dht/graduation/dataset/ship_fine/test/009.Arleigh_Burke-class_destroyer/P2682.bmp,5,009.Arleigh_Burke-class_destroyer,5,009.Arleigh_Burke-class_destroyer,0.965889
/mnt/e/aircas/dht/graduation/dataset/ship_fine/test/009.Arleigh_Burke-class_destroyer/P2739.bmp,5,009.Arleigh_Burke-class_destroyer,5,009.Arleigh_Burke-class_destroyer,0.998978
/mnt/e/aircas/dht/graduation/dataset/ship_fine/test/009.Arleigh_Burke-class_destroyer/P2747.bmp,5,009.Arleigh_Burke-class_destroyer,5,009.Arleigh_Burke-class_destroyer,0.975673
/mnt/e/aircas/dht/graduation/dataset/ship_fine/test/009.Arleigh_Burke-class_destroyer/P2759.bmp,5,009.Arleigh_Burke-class_destroyer,5,009.Arleigh_Burke-class_destroyer,0.900122
/mnt/e/aircas/dht/graduation/dataset/ship_fine/test/009.Arleigh_Burke-class_destroyer/P2770.bmp,5,009.Arleigh_Burke-class_destroyer,5,009.Arleigh_Burke-class_destroyer,0.983164
/mnt/e/aircas/dht/graduation/dataset/ship_fine/test/009.Arleigh_Burke-class_destroyer/P2867.bmp,5,009.Arleigh_Burke-class_destroyer,4,008.Ticonderoga-class_cruiser,0.935212
/mnt/e/aircas/dht/graduation/dataset/ship_fine/test/009.Arleigh_Burke-class_destroyer/P2946.bmp,5,009.Arleigh_Burke-class_destroyer,4,008.Ticonderoga-class_cruiser,0.559282
/mnt/e/aircas/dht/graduation/dataset/ship_fine/test/009.Arleigh_Burke-class_destroyer/P3123.bmp,5,009.Arleigh_Burke-class_destroyer,5,009.Arleigh_Burke-class_destroyer,0.877831
/mnt/e/aircas/dht/graduation/dataset/ship_fine/test/009.Arleigh_Burke-class_destroyer/P3183.bmp,5,009.Arleigh_Burke-class_destroyer,5,009.Arleigh_Burke-class_destroyer,0.999348
/mnt/e/aircas/dht/graduation/dataset/ship_fine/test/009.Arleigh_Burke-class_destroyer/P3664.bmp,5,009.Arleigh_Burke-class_destroyer,5,009.Arleigh_Burke-class_destroyer,0.987650
/mnt/e/aircas/dht/graduation/dataset/ship_fine/test/009.Arleigh_Burke-class_destroyer/P3680.bmp,5,009.Arleigh_Burke-class_destroyer,5,009.Arleigh_Burke-class_destroyer,0.980985
/mnt/e/aircas/dht/graduation/dataset/ship_fine/test/009.Arleigh_Burke-class_destroyer/P3703.bmp,5,009.Arleigh_Burke-class_destroyer,5,009.Arleigh_Burke-class_destroyer,0.982721
/mnt/e/aircas/dht/graduation/dataset/ship_fine/test/009.Arleigh_Burke-class_destroyer/P3731.bmp,5,009.Arleigh_Burke-class_destroyer,9,014.Wasp-class_assault_ship,0.568329
/mnt/e/aircas/dht/graduation/dataset/ship_fine/test/009.Arleigh_Burke-class_destroyer/P3772.bmp,5,009.Arleigh_Burke-class_destroyer,17,023.Crane_ship,0.739054
/mnt/e/aircas/dht/graduation/dataset/ship_fine/test/009.Arleigh_Burke-class_destroyer/P3809.bmp,5,009.Arleigh_Burke-class_destroyer,5,009.Arleigh_Burke-class_destroyer,0.893161
/mnt/e/aircas/dht/graduation/dataset/ship_fine/test/009.Arleigh_Burke-class_destroyer/P3850.bmp,5,009.Arleigh_Burke-class_destroyer,5,009.Arleigh_Burke-class_destroyer,0.999098
/mnt/e/aircas/dht/graduation/dataset/ship_fine/test/009.Arleigh_Burke-class_destroyer/P4063.bmp,5,009.Arleigh_Burke-class_destroyer,5,009.Arleigh_Burke-class_destroyer,0.963122
/mnt/e/aircas/dht/graduation/dataset/ship_fine/test/009.Arleigh_Burke-class_destroyer/P4122.bmp,5,009.Arleigh_Burke-class_destroyer,5,009.Arleigh_Burke-class_destroyer,0.980332
/mnt/e/aircas/dht/graduation/dataset/ship_fine/test/009.Arleigh_Burke-class_destroyer/P4141.bmp,5,009.Arleigh_Burke-class_destroyer,12,018.Whitby_Island-class_dock_landing_ship,0.994709
/mnt/e/aircas/dht/graduation/dataset/ship_fine/test/009.Arleigh_Burke-class_destroyer/P4205.bmp,5,009.Arleigh_Burke-class_destroyer,4,008.Ticonderoga-class_cruiser,0.523703
/mnt/e/aircas/dht/graduation/dataset/ship_fine/test/009.Arleigh_Burke-class_destroyer/P4335.bmp,5,009.Arleigh_Burke-class_destroyer,5,009.Arleigh_Burke-class_destroyer,0.980474
/mnt/e/aircas/dht/graduation/dataset/ship_fine/test/009.Arleigh_Burke-class_destroyer/P4448.bmp,5,009.Arleigh_Burke-class_destroyer,5,009.Arleigh_Burke-class_destroyer,0.889057
/mnt/e/aircas/dht/graduation/dataset/ship_fine/test/011.Asagiri-class_destroyer/P0231.bmp,6,011.Asagiri-class_destroyer,6,011.Asagiri-class_destroyer,0.850324
/mnt/e/aircas/dht/graduation/dataset/ship_fine/test/011.Asagiri-class_destroyer/P0339.bmp,6,011.Asagiri-class_destroyer,21,027.Murasame-class_destroyer,0.892891
/mnt/e/aircas/dht/graduation/dataset/ship_fine/test/011.Asagiri-class_destroyer/P2298.bmp,6,011.Asagiri-class_destroyer,6,011.Asagiri-class_destroyer,0.975309
/mnt/e/aircas/dht/graduation/dataset/ship_fine/test/011.Asagiri-class_destroyer/P4082.bmp,6,011.Asagiri-class_destroyer,6,011.Asagiri-class_destroyer,0.966073
/mnt/e/aircas/dht/graduation/dataset/ship_fine/test/011.Asagiri-class_destroyer/P6088.bmp,6,011.Asagiri-class_destroyer,6,011.Asagiri-class_destroyer,0.889922
/mnt/e/aircas/dht/graduation/dataset/ship_fine/test/011.Asagiri-class_destroyer/P6146.bmp,6,011.Asagiri-class_destroyer,6,011.Asagiri-class_destroyer,0.996914
/mnt/e/aircas/dht/graduation/dataset/ship_fine/test/011.Asagiri-class_destroyer/P9283.bmp,6,011.Asagiri-class_destroyer,6,011.Asagiri-class_destroyer,0.614777
/mnt/e/aircas/dht/graduation/dataset/ship_fine/test/012.Kidd-class_destroyer/P2959.bmp,7,012.Kidd-class_destroyer,7,012.Kidd-class_destroyer,0.975833
/mnt/e/aircas/dht/graduation/dataset/ship_fine/test/012.Kidd-class_destroyer/P3919.bmp,7,012.Kidd-class_destroyer,5,009.Arleigh_Burke-class_destroyer,0.629297
/mnt/e/aircas/dht/graduation/dataset/ship_fine/test/012.Kidd-class_destroyer/P4132.bmp,7,012.Kidd-class_destroyer,7,012.Kidd-class_destroyer,0.996831
/mnt/e/aircas/dht/graduation/dataset/ship_fine/test/012.Kidd-class_destroyer/P4203.bmp,7,012.Kidd-class_destroyer,7,012.Kidd-class_destroyer,0.998212
/mnt/e/aircas/dht/graduation/dataset/ship_fine/test/012.Kidd-class_destroyer/P4750.bmp,7,012.Kidd-class_destroyer,7,012.Kidd-class_destroyer,0.976706
/mnt/e/aircas/dht/graduation/dataset/ship_fine/test/012.Kidd-class_destroyer/P5322.bmp,7,012.Kidd-class_destroyer,7,012.Kidd-class_destroyer,0.961000
/mnt/e/aircas/dht/graduation/dataset/ship_fine/test/013.Type_45_destroyer/P1911.bmp,8,013.Type_45_destroyer,9,014.Wasp-class_assault_ship,0.636457
/mnt/e/aircas/dht/graduation/dataset/ship_fine/test/013.Type_45_destroyer/P2066.bmp,8,013.Type_45_destroyer,8,013.Type_45_destroyer,0.995121
/mnt/e/aircas/dht/graduation/dataset/ship_fine/test/013.Type_45_destroyer/P2887.bmp,8,013.Type_45_destroyer,8,013.Type_45_destroyer,0.908923
/mnt/e/aircas/dht/graduation/dataset/ship_fine/test/013.Type_45_destroyer/P4157.bmp,8,013.Type_45_destroyer,8,013.Type_45_destroyer,0.988711
/mnt/e/aircas/dht/graduation/dataset/ship_fine/test/013.Type_45_destroyer/P5831.bmp,8,013.Type_45_destroyer,5,009.Arleigh_Burke-class_destroyer,0.333412
/mnt/e/aircas/dht/graduation/dataset/ship_fine/test/013.Type_45_destroyer/P6278.bmp,8,013.Type_45_destroyer,8,013.Type_45_destroyer,0.999901
/mnt/e/aircas/dht/graduation/dataset/ship_fine/test/013.Type_45_destroyer/P6745.bmp,8,013.Type_45_destroyer,8,013.Type_45_destroyer,0.999931
/mnt/e/aircas/dht/graduation/dataset/ship_fine/test/013.Type_45_destroyer/P7095.bmp,8,013.Type_45_destroyer,8,013.Type_45_destroyer,0.997361
/mnt/e/aircas/dht/graduation/dataset/ship_fine/test/013.Type_45_destroyer/P7167.bmp,8,013.Type_45_destroyer,8,013.Type_45_destroyer,0.999196
/mnt/e/aircas/dht/graduation/dataset/ship_fine/test/013.Type_45_destroyer/P7467.bmp,8,013.Type_45_destroyer,5,009.Arleigh_Burke-class_destroyer,0.907553
/mnt/e/aircas/dht/graduation/dataset/ship_fine/test/013.Type_45_destroyer/P7495.bmp,8,013.Type_45_destroyer,8,013.Type_45_destroyer,0.863895
/mnt/e/aircas/dht/graduation/dataset/ship_fine/test/013.Type_45_destroyer/P7537.bmp,8,013.Type_45_destroyer,8,013.Type_45_destroyer,0.991275
/mnt/e/aircas/dht/graduation/dataset/ship_fine/test/013.Type_45_destroyer/P7940.bmp,8,013.Type_45_destroyer,8,013.Type_45_destroyer,0.995897
/mnt/e/aircas/dht/graduation/dataset/ship_fine/test/013.Type_45_destroyer/P9202.bmp,8,013.Type_45_destroyer,8,013.Type_45_destroyer,0.998635
/mnt/e/aircas/dht/graduation/dataset/ship_fine/test/013.Type_45_destroyer/P9815.bmp,8,013.Type_45_destroyer,8,013.Type_45_destroyer,0.996246
/mnt/e/aircas/dht/graduation/dataset/ship_fine/test/014.Wasp-class_assault_ship/P0129.bmp,9,014.Wasp-class_assault_ship,9,014.Wasp-class_assault_ship,0.999929
/mnt/e/aircas/dht/graduation/dataset/ship_fine/test/014.Wasp-class_assault_ship/P0242.bmp,9,014.Wasp-class_assault_ship,9,014.Wasp-class_assault_ship,0.998341
/mnt/e/aircas/dht/graduation/dataset/ship_fine/test/014.Wasp-class_assault_ship/P0462.bmp,9,014.Wasp-class_assault_ship,9,014.Wasp-class_assault_ship,0.994052
/mnt/e/aircas/dht/graduation/dataset/ship_fine/test/014.Wasp-class_assault_ship/P0594.bmp,9,014.Wasp-class_assault_ship,9,014.Wasp-class_assault_ship,0.934189
/mnt/e/aircas/dht/graduation/dataset/ship_fine/test/014.Wasp-class_assault_ship/P0658.bmp,9,014.Wasp-class_assault_ship,22,028.Container_ship,0.941056
/mnt/e/aircas/dht/graduation/dataset/ship_fine/test/014.Wasp-class_assault_ship/P0969.bmp,9,014.Wasp-class_assault_ship,9,014.Wasp-class_assault_ship,0.985683
/mnt/e/aircas/dht/graduation/dataset/ship_fine/test/014.Wasp-class_assault_ship/P1080.bmp,9,014.Wasp-class_assault_ship,9,014.Wasp-class_assault_ship,0.974797
/mnt/e/aircas/dht/graduation/dataset/ship_fine/test/014.Wasp-class_assault_ship/P1529.bmp,9,014.Wasp-class_assault_ship,9,014.Wasp-class_assault_ship,0.999883
/mnt/e/aircas/dht/graduation/dataset/ship_fine/test/014.Wasp-class_assault_ship/P1740.bmp,9,014.Wasp-class_assault_ship,9,014.Wasp-class_assault_ship,0.998717
/mnt/e/aircas/dht/graduation/dataset/ship_fine/test/014.Wasp-class_assault_ship/P1773.bmp,9,014.Wasp-class_assault_ship,9,014.Wasp-class_assault_ship,0.999875
/mnt/e/aircas/dht/graduation/dataset/ship_fine/test/014.Wasp-class_assault_ship/P2330.bmp,9,014.Wasp-class_assault_ship,9,014.Wasp-class_assault_ship,0.999164
/mnt/e/aircas/dht/graduation/dataset/ship_fine/test/014.Wasp-class_assault_ship/P2366.bmp,9,014.Wasp-class_assault_ship,9,014.Wasp-class_assault_ship,0.872775
/mnt/e/aircas/dht/graduation/dataset/ship_fine/test/014.Wasp-class_assault_ship/P2457.bmp,9,014.Wasp-class_assault_ship,9,014.Wasp-class_assault_ship,0.937300
/mnt/e/aircas/dht/graduation/dataset/ship_fine/test/014.Wasp-class_assault_ship/P2676.bmp,9,014.Wasp-class_assault_ship,9,014.Wasp-class_assault_ship,0.999292
/mnt/e/aircas/dht/graduation/dataset/ship_fine/test/014.Wasp-class_assault_ship/P2874.bmp,9,014.Wasp-class_assault_ship,9,014.Wasp-class_assault_ship,0.998560
/mnt/e/aircas/dht/graduation/dataset/ship_fine/test/014.Wasp-class_assault_ship/P3485.bmp,9,014.Wasp-class_assault_ship,9,014.Wasp-class_assault_ship,0.881108
/mnt/e/aircas/dht/graduation/dataset/ship_fine/test/014.Wasp-class_assault_ship/P4057.bmp,9,014.Wasp-class_assault_ship,9,014.Wasp-class_assault_ship,0.999897
/mnt/e/aircas/dht/graduation/dataset/ship_fine/test/014.Wasp-class_assault_ship/P4358.bmp,9,014.Wasp-class_assault_ship,9,014.Wasp-class_assault_ship,0.996075
/mnt/e/aircas/dht/graduation/dataset/ship_fine/test/014.Wasp-class_assault_ship/P4371.bmp,9,014.Wasp-class_assault_ship,9,014.Wasp-class_assault_ship,0.997475
/mnt/e/aircas/dht/graduation/dataset/ship_fine/test/014.Wasp-class_assault_ship/P4735.bmp,9,014.Wasp-class_assault_ship,9,014.Wasp-class_assault_ship,0.998477
/mnt/e/aircas/dht/graduation/dataset/ship_fine/test/014.Wasp-class_assault_ship/P5274.bmp,9,014.Wasp-class_assault_ship,9,014.Wasp-class_assault_ship,0.991736
/mnt/e/aircas/dht/graduation/dataset/ship_fine/test/014.Wasp-class_assault_ship/P5350.bmp,9,014.Wasp-class_assault_ship,9,014.Wasp-class_assault_ship,0.971896
/mnt/e/aircas/dht/graduation/dataset/ship_fine/test/014.Wasp-class_assault_ship/P5602.bmp,9,014.Wasp-class_assault_ship,5,009.Arleigh_Burke-class_destroyer,0.826278
/mnt/e/aircas/dht/graduation/dataset/ship_fine/test/014.Wasp-class_assault_ship/P5605.bmp,9,014.Wasp-class_assault_ship,9,014.Wasp-class_assault_ship,0.984996
/mnt/e/aircas/dht/graduation/dataset/ship_fine/test/014.Wasp-class_assault_ship/P5727.bmp,9,014.Wasp-class_assault_ship,9,014.Wasp-class_assault_ship,0.998727
/mnt/e/aircas/dht/graduation/dataset/ship_fine/test/014.Wasp-class_assault_ship/P5871.bmp,9,014.Wasp-class_assault_ship,9,014.Wasp-class_assault_ship,0.999019
/mnt/e/aircas/dht/graduation/dataset/ship_fine/test/014.Wasp-class_assault_ship/P6111.bmp,9,014.Wasp-class_assault_ship,9,014.Wasp-class_assault_ship,0.999969
/mnt/e/aircas/dht/graduation/dataset/ship_fine/test/014.Wasp-class_assault_ship/P6361.bmp,9,014.Wasp-class_assault_ship,9,014.Wasp-class_assault_ship,0.999335
/mnt/e/aircas/dht/graduation/dataset/ship_fine/test/014.Wasp-class_assault_ship/P6580.bmp,9,014.Wasp-class_assault_ship,9,014.Wasp-class_assault_ship,0.999889
/mnt/e/aircas/dht/graduation/dataset/ship_fine/test/014.Wasp-class_assault_ship/P6636.bmp,9,014.Wasp-class_assault_ship,9,014.Wasp-class_assault_ship,0.998869
/mnt/e/aircas/dht/graduation/dataset/ship_fine/test/014.Wasp-class_assault_ship/P6809.bmp,9,014.Wasp-class_assault_ship,9,014.Wasp-class_assault_ship,0.985847
/mnt/e/aircas/dht/graduation/dataset/ship_fine/test/014.Wasp-class_assault_ship/P6974.bmp,9,014.Wasp-class_assault_ship,1,002.KittyHawk-class_aircraft_carrier,0.976407
/mnt/e/aircas/dht/graduation/dataset/ship_fine/test/014.Wasp-class_assault_ship/P6999.bmp,9,014.Wasp-class_assault_ship,4,008.Ticonderoga-class_cruiser,0.473571
/mnt/e/aircas/dht/graduation/dataset/ship_fine/test/014.Wasp-class_assault_ship/P7229.bmp,9,014.Wasp-class_assault_ship,9,014.Wasp-class_assault_ship,0.952853
/mnt/e/aircas/dht/graduation/dataset/ship_fine/test/014.Wasp-class_assault_ship/P7377.bmp,9,014.Wasp-class_assault_ship,9,014.Wasp-class_assault_ship,0.998623
/mnt/e/aircas/dht/graduation/dataset/ship_fine/test/014.Wasp-class_assault_ship/P7394.bmp,9,014.Wasp-class_assault_ship,9,014.Wasp-class_assault_ship,0.999183
/mnt/e/aircas/dht/graduation/dataset/ship_fine/test/014.Wasp-class_assault_ship/P7426.bmp,9,014.Wasp-class_assault_ship,9,014.Wasp-class_assault_ship,0.999812
/mnt/e/aircas/dht/graduation/dataset/ship_fine/test/014.Wasp-class_assault_ship/P7959.bmp,9,014.Wasp-class_assault_ship,9,014.Wasp-class_assault_ship,0.998981
/mnt/e/aircas/dht/graduation/dataset/ship_fine/test/014.Wasp-class_assault_ship/P8104.bmp,9,014.Wasp-class_assault_ship,9,014.Wasp-class_assault_ship,0.962256
/mnt/e/aircas/dht/graduation/dataset/ship_fine/test/014.Wasp-class_assault_ship/P8835.bmp,9,014.Wasp-class_assault_ship,9,014.Wasp-class_assault_ship,0.999977
/mnt/e/aircas/dht/graduation/dataset/ship_fine/test/014.Wasp-class_assault_ship/P8933.bmp,9,014.Wasp-class_assault_ship,9,014.Wasp-class_assault_ship,0.980321
/mnt/e/aircas/dht/graduation/dataset/ship_fine/test/014.Wasp-class_assault_ship/P9115.bmp,9,014.Wasp-class_assault_ship,9,014.Wasp-class_assault_ship,0.902862
/mnt/e/aircas/dht/graduation/dataset/ship_fine/test/014.Wasp-class_assault_ship/P9143.bmp,9,014.Wasp-class_assault_ship,9,014.Wasp-class_assault_ship,0.999224
/mnt/e/aircas/dht/graduation/dataset/ship_fine/test/014.Wasp-class_assault_ship/P9294.bmp,9,014.Wasp-class_assault_ship,9,014.Wasp-class_assault_ship,0.999017
/mnt/e/aircas/dht/graduation/dataset/ship_fine/test/014.Wasp-class_assault_ship/P9532.bmp,9,014.Wasp-class_assault_ship,9,014.Wasp-class_assault_ship,0.997052
/mnt/e/aircas/dht/graduation/dataset/ship_fine/test/015.Osumi-class_landing_ship/P0141.bmp,10,015.Osumi-class_landing_ship,10,015.Osumi-class_landing_ship,0.999839
/mnt/e/aircas/dht/graduation/dataset/ship_fine/test/015.Osumi-class_landing_ship/P1177.bmp,10,015.Osumi-class_landing_ship,10,015.Osumi-class_landing_ship,0.999961
/mnt/e/aircas/dht/graduation/dataset/ship_fine/test/015.Osumi-class_landing_ship/P2488.bmp,10,015.Osumi-class_landing_ship,10,015.Osumi-class_landing_ship,0.978478
/mnt/e/aircas/dht/graduation/dataset/ship_fine/test/015.Osumi-class_landing_ship/P3875.bmp,10,015.Osumi-class_landing_ship,10,015.Osumi-class_landing_ship,0.999397
/mnt/e/aircas/dht/graduation/dataset/ship_fine/test/015.Osumi-class_landing_ship/P4930.bmp,10,015.Osumi-class_landing_ship,10,015.Osumi-class_landing_ship,0.979796
/mnt/e/aircas/dht/graduation/dataset/ship_fine/test/015.Osumi-class_landing_ship/P6157.bmp,10,015.Osumi-class_landing_ship,10,015.Osumi-class_landing_ship,0.999401
/mnt/e/aircas/dht/graduation/dataset/ship_fine/test/015.Osumi-class_landing_ship/P6838.bmp,10,015.Osumi-class_landing_ship,10,015.Osumi-class_landing_ship,0.510065
/mnt/e/aircas/dht/graduation/dataset/ship_fine/test/015.Osumi-class_landing_ship/P8869.bmp,10,015.Osumi-class_landing_ship,10,015.Osumi-class_landing_ship,0.891205
/mnt/e/aircas/dht/graduation/dataset/ship_fine/test/015.Osumi-class_landing_ship/P9218.bmp,10,015.Osumi-class_landing_ship,10,015.Osumi-class_landing_ship,0.913050
/mnt/e/aircas/dht/graduation/dataset/ship_fine/test/015.Osumi-class_landing_ship/P9583.bmp,10,015.Osumi-class_landing_ship,10,015.Osumi-class_landing_ship,0.995822
/mnt/e/aircas/dht/graduation/dataset/ship_fine/test/015.Osumi-class_landing_ship/P9797.bmp,10,015.Osumi-class_landing_ship,10,015.Osumi-class_landing_ship,0.999765
/mnt/e/aircas/dht/graduation/dataset/ship_fine/test/017.Lzumo-class_helicopter_destroyer/P1737.bmp,11,017.Lzumo-class_helicopter_destroyer,11,017.Lzumo-class_helicopter_destroyer,0.996929
/mnt/e/aircas/dht/graduation/dataset/ship_fine/test/017.Lzumo-class_helicopter_destroyer/P4147.bmp,11,017.Lzumo-class_helicopter_destroyer,5,009.Arleigh_Burke-class_destroyer,0.838648
/mnt/e/aircas/dht/graduation/dataset/ship_fine/test/017.Lzumo-class_helicopter_destroyer/P6956.bmp,11,017.Lzumo-class_helicopter_destroyer,11,017.Lzumo-class_helicopter_destroyer,0.822422
/mnt/e/aircas/dht/graduation/dataset/ship_fine/test/017.Lzumo-class_helicopter_destroyer/P7519.bmp,11,017.Lzumo-class_helicopter_destroyer,11,017.Lzumo-class_helicopter_destroyer,0.998611
/mnt/e/aircas/dht/graduation/dataset/ship_fine/test/017.Lzumo-class_helicopter_destroyer/P9101.bmp,11,017.Lzumo-class_helicopter_destroyer,11,017.Lzumo-class_helicopter_destroyer,0.993793
/mnt/e/aircas/dht/graduation/dataset/ship_fine/test/017.Lzumo-class_helicopter_destroyer/P9123.bmp,11,017.Lzumo-class_helicopter_destroyer,11,017.Lzumo-class_helicopter_destroyer,0.997836
/mnt/e/aircas/dht/graduation/dataset/ship_fine/test/018.Whitby_Island-class_dock_landing_ship/P0355.bmp,12,018.Whitby_Island-class_dock_landing_ship,12,018.Whitby_Island-class_dock_landing_ship,0.988133
/mnt/e/aircas/dht/graduation/dataset/ship_fine/test/018.Whitby_Island-class_dock_landing_ship/P0540.bmp,12,018.Whitby_Island-class_dock_landing_ship,3,004.Kuznetsov-class_aircraft_carrier,0.979583
/mnt/e/aircas/dht/graduation/dataset/ship_fine/test/018.Whitby_Island-class_dock_landing_ship/P1034.bmp,12,018.Whitby_Island-class_dock_landing_ship,12,018.Whitby_Island-class_dock_landing_ship,0.865898
/mnt/e/aircas/dht/graduation/dataset/ship_fine/test/018.Whitby_Island-class_dock_landing_ship/P1599.bmp,12,018.Whitby_Island-class_dock_landing_ship,12,018.Whitby_Island-class_dock_landing_ship,0.981227
/mnt/e/aircas/dht/graduation/dataset/ship_fine/test/018.Whitby_Island-class_dock_landing_ship/P2090.bmp,12,018.Whitby_Island-class_dock_landing_ship,9,014.Wasp-class_assault_ship,0.868264
/mnt/e/aircas/dht/graduation/dataset/ship_fine/test/018.Whitby_Island-class_dock_landing_ship/P2120.bmp,12,018.Whitby_Island-class_dock_landing_ship,12,018.Whitby_Island-class_dock_landing_ship,0.999506
/mnt/e/aircas/dht/graduation/dataset/ship_fine/test/018.Whitby_Island-class_dock_landing_ship/P2274.bmp,12,018.Whitby_Island-class_dock_landing_ship,12,018.Whitby_Island-class_dock_landing_ship,0.994981
/mnt/e/aircas/dht/graduation/dataset/ship_fine/test/018.Whitby_Island-class_dock_landing_ship/P2301.bmp,12,018.Whitby_Island-class_dock_landing_ship,4,008.Ticonderoga-class_cruiser,0.959759
/mnt/e/aircas/dht/graduation/dataset/ship_fine/test/018.Whitby_Island-class_dock_landing_ship/P2625.bmp,12,018.Whitby_Island-class_dock_landing_ship,12,018.Whitby_Island-class_dock_landing_ship,0.988195
/mnt/e/aircas/dht/graduation/dataset/ship_fine/test/018.Whitby_Island-class_dock_landing_ship/P3382.bmp,12,018.Whitby_Island-class_dock_landing_ship,12,018.Whitby_Island-class_dock_landing_ship,0.992699
/mnt/e/aircas/dht/graduation/dataset/ship_fine/test/018.Whitby_Island-class_dock_landing_ship/P3533.bmp,12,018.Whitby_Island-class_dock_landing_ship,9,014.Wasp-class_assault_ship,0.815246
/mnt/e/aircas/dht/graduation/dataset/ship_fine/test/018.Whitby_Island-class_dock_landing_ship/P3571.bmp,12,018.Whitby_Island-class_dock_landing_ship,5,009.Arleigh_Burke-class_destroyer,0.903302
/mnt/e/aircas/dht/graduation/dataset/ship_fine/test/018.Whitby_Island-class_dock_landing_ship/P4049.bmp,12,018.Whitby_Island-class_dock_landing_ship,12,018.Whitby_Island-class_dock_landing_ship,0.750043
/mnt/e/aircas/dht/graduation/dataset/ship_fine/test/018.Whitby_Island-class_dock_landing_ship/P4562.bmp,12,018.Whitby_Island-class_dock_landing_ship,9,014.Wasp-class_assault_ship,0.953836
/mnt/e/aircas/dht/graduation/dataset/ship_fine/test/018.Whitby_Island-class_dock_landing_ship/P4759.bmp,12,018.Whitby_Island-class_dock_landing_ship,24,030.Civil_yacht,0.978656
/mnt/e/aircas/dht/graduation/dataset/ship_fine/test/018.Whitby_Island-class_dock_landing_ship/P5530.bmp,12,018.Whitby_Island-class_dock_landing_ship,12,018.Whitby_Island-class_dock_landing_ship,0.465682
/mnt/e/aircas/dht/graduation/dataset/ship_fine/test/018.Whitby_Island-class_dock_landing_ship/P5565.bmp,12,018.Whitby_Island-class_dock_landing_ship,12,018.Whitby_Island-class_dock_landing_ship,0.919518
/mnt/e/aircas/dht/graduation/dataset/ship_fine/test/018.Whitby_Island-class_dock_landing_ship/P5847.bmp,12,018.Whitby_Island-class_dock_landing_ship,9,014.Wasp-class_assault_ship,0.482544
/mnt/e/aircas/dht/graduation/dataset/ship_fine/test/018.Whitby_Island-class_dock_landing_ship/P6027.bmp,12,018.Whitby_Island-class_dock_landing_ship,12,018.Whitby_Island-class_dock_landing_ship,0.984773
/mnt/e/aircas/dht/graduation/dataset/ship_fine/test/018.Whitby_Island-class_dock_landing_ship/P6885.bmp,12,018.Whitby_Island-class_dock_landing_ship,12,018.Whitby_Island-class_dock_landing_ship,0.994296
/mnt/e/aircas/dht/graduation/dataset/ship_fine/test/018.Whitby_Island-class_dock_landing_ship/P7152.bmp,12,018.Whitby_Island-class_dock_landing_ship,12,018.Whitby_Island-class_dock_landing_ship,0.975524
/mnt/e/aircas/dht/graduation/dataset/ship_fine/test/018.Whitby_Island-class_dock_landing_ship/P7258.bmp,12,018.Whitby_Island-class_dock_landing_ship,9,014.Wasp-class_assault_ship,0.731944
/mnt/e/aircas/dht/graduation/dataset/ship_fine/test/018.Whitby_Island-class_dock_landing_ship/P7273.bmp,12,018.Whitby_Island-class_dock_landing_ship,12,018.Whitby_Island-class_dock_landing_ship,0.998292
/mnt/e/aircas/dht/graduation/dataset/ship_fine/test/018.Whitby_Island-class_dock_landing_ship/P7415.bmp,12,018.Whitby_Island-class_dock_landing_ship,9,014.Wasp-class_assault_ship,0.971871
/mnt/e/aircas/dht/graduation/dataset/ship_fine/test/018.Whitby_Island-class_dock_landing_ship/P8011.bmp,12,018.Whitby_Island-class_dock_landing_ship,12,018.Whitby_Island-class_dock_landing_ship,0.877456
/mnt/e/aircas/dht/graduation/dataset/ship_fine/test/018.Whitby_Island-class_dock_landing_ship/P8923.bmp,12,018.Whitby_Island-class_dock_landing_ship,12,018.Whitby_Island-class_dock_landing_ship,0.909997
/mnt/e/aircas/dht/graduation/dataset/ship_fine/test/018.Whitby_Island-class_dock_landing_ship/P9742.bmp,12,018.Whitby_Island-class_dock_landing_ship,4,008.Ticonderoga-class_cruiser,0.781671
/mnt/e/aircas/dht/graduation/dataset/ship_fine/test/019.San_Antonio-class_transport_dock/P0081.bmp,13,019.San_Antonio-class_transport_dock,13,019.San_Antonio-class_transport_dock,0.989987
/mnt/e/aircas/dht/graduation/dataset/ship_fine/test/019.San_Antonio-class_transport_dock/P0357.bmp,13,019.San_Antonio-class_transport_dock,13,019.San_Antonio-class_transport_dock,0.776279
/mnt/e/aircas/dht/graduation/dataset/ship_fine/test/019.San_Antonio-class_transport_dock/P0450.bmp,13,019.San_Antonio-class_transport_dock,13,019.San_Antonio-class_transport_dock,0.700815
/mnt/e/aircas/dht/graduation/dataset/ship_fine/test/019.San_Antonio-class_transport_dock/P1049.bmp,13,019.San_Antonio-class_transport_dock,13,019.San_Antonio-class_transport_dock,0.614719
/mnt/e/aircas/dht/graduation/dataset/ship_fine/test/019.San_Antonio-class_transport_dock/P1053.bmp,13,019.San_Antonio-class_transport_dock,13,019.San_Antonio-class_transport_dock,0.991013
/mnt/e/aircas/dht/graduation/dataset/ship_fine/test/019.San_Antonio-class_transport_dock/P1437.bmp,13,019.San_Antonio-class_transport_dock,9,014.Wasp-class_assault_ship,0.814456
/mnt/e/aircas/dht/graduation/dataset/ship_fine/test/019.San_Antonio-class_transport_dock/P1624.bmp,13,019.San_Antonio-class_transport_dock,9,014.Wasp-class_assault_ship,0.909373
/mnt/e/aircas/dht/graduation/dataset/ship_fine/test/019.San_Antonio-class_transport_dock/P1760.bmp,13,019.San_Antonio-class_transport_dock,5,009.Arleigh_Burke-class_destroyer,0.407257
/mnt/e/aircas/dht/graduation/dataset/ship_fine/test/019.San_Antonio-class_transport_dock/P1814.bmp,13,019.San_Antonio-class_transport_dock,13,019.San_Antonio-class_transport_dock,0.830052
/mnt/e/aircas/dht/graduation/dataset/ship_fine/test/019.San_Antonio-class_transport_dock/P2131.bmp,13,019.San_Antonio-class_transport_dock,13,019.San_Antonio-class_transport_dock,0.989617
/mnt/e/aircas/dht/graduation/dataset/ship_fine/test/019.San_Antonio-class_transport_dock/P2362.bmp,13,019.San_Antonio-class_transport_dock,13,019.San_Antonio-class_transport_dock,0.998764
/mnt/e/aircas/dht/graduation/dataset/ship_fine/test/019.San_Antonio-class_transport_dock/P2705.bmp,13,019.San_Antonio-class_transport_dock,13,019.San_Antonio-class_transport_dock,0.999910
/mnt/e/aircas/dht/graduation/dataset/ship_fine/test/019.San_Antonio-class_transport_dock/P2719.bmp,13,019.San_Antonio-class_transport_dock,9,014.Wasp-class_assault_ship,0.951108
/mnt/e/aircas/dht/graduation/dataset/ship_fine/test/019.San_Antonio-class_transport_dock/P2962.bmp,13,019.San_Antonio-class_transport_dock,13,019.San_Antonio-class_transport_dock,0.994476
/mnt/e/aircas/dht/graduation/dataset/ship_fine/test/019.San_Antonio-class_transport_dock/P3289.bmp,13,019.San_Antonio-class_transport_dock,5,009.Arleigh_Burke-class_destroyer,0.607896
/mnt/e/aircas/dht/graduation/dataset/ship_fine/test/019.San_Antonio-class_transport_dock/P3357.bmp,13,019.San_Antonio-class_transport_dock,5,009.Arleigh_Burke-class_destroyer,0.662976
/mnt/e/aircas/dht/graduation/dataset/ship_fine/test/019.San_Antonio-class_transport_dock/P3503.bmp,13,019.San_Antonio-class_transport_dock,13,019.San_Antonio-class_transport_dock,0.946673
/mnt/e/aircas/dht/graduation/dataset/ship_fine/test/019.San_Antonio-class_transport_dock/P3521.bmp,13,019.San_Antonio-class_transport_dock,13,019.San_Antonio-class_transport_dock,0.964211
/mnt/e/aircas/dht/graduation/dataset/ship_fine/test/019.San_Antonio-class_transport_dock/P3602.bmp,13,019.San_Antonio-class_transport_dock,13,019.San_Antonio-class_transport_dock,0.717836
/mnt/e/aircas/dht/graduation/dataset/ship_fine/test/019.San_Antonio-class_transport_dock/P3850.bmp,13,019.San_Antonio-class_transport_dock,9,014.Wasp-class_assault_ship,0.887680
/mnt/e/aircas/dht/graduation/dataset/ship_fine/test/019.San_Antonio-class_transport_dock/P4188.bmp,13,019.San_Antonio-class_transport_dock,13,019.San_Antonio-class_transport_dock,0.993398
/mnt/e/aircas/dht/graduation/dataset/ship_fine/test/019.San_Antonio-class_transport_dock/P4258.bmp,13,019.San_Antonio-class_transport_dock,4,008.Ticonderoga-class_cruiser,0.566096
/mnt/e/aircas/dht/graduation/dataset/ship_fine/test/019.San_Antonio-class_transport_dock/P5576.bmp,13,019.San_Antonio-class_transport_dock,4,008.Ticonderoga-class_cruiser,0.795550
/mnt/e/aircas/dht/graduation/dataset/ship_fine/test/019.San_Antonio-class_transport_dock/P6037.bmp,13,019.San_Antonio-class_transport_dock,13,019.San_Antonio-class_transport_dock,0.615972
/mnt/e/aircas/dht/graduation/dataset/ship_fine/test/019.San_Antonio-class_transport_dock/P7144.bmp,13,019.San_Antonio-class_transport_dock,5,009.Arleigh_Burke-class_destroyer,0.717731
/mnt/e/aircas/dht/graduation/dataset/ship_fine/test/019.San_Antonio-class_transport_dock/P7190.bmp,13,019.San_Antonio-class_transport_dock,14,020.Freedom-class_combat_ship,0.387321
/mnt/e/aircas/dht/graduation/dataset/ship_fine/test/019.San_Antonio-class_transport_dock/P7721.bmp,13,019.San_Antonio-class_transport_dock,13,019.San_Antonio-class_transport_dock,0.996373
/mnt/e/aircas/dht/graduation/dataset/ship_fine/test/019.San_Antonio-class_transport_dock/P7867.bmp,13,019.San_Antonio-class_transport_dock,13,019.San_Antonio-class_transport_dock,0.998318
/mnt/e/aircas/dht/graduation/dataset/ship_fine/test/019.San_Antonio-class_transport_dock/P8277.bmp,13,019.San_Antonio-class_transport_dock,13,019.San_Antonio-class_transport_dock,0.597383
/mnt/e/aircas/dht/graduation/dataset/ship_fine/test/019.San_Antonio-class_transport_dock/P8928.bmp,13,019.San_Antonio-class_transport_dock,9,014.Wasp-class_assault_ship,0.334336
/mnt/e/aircas/dht/graduation/dataset/ship_fine/test/019.San_Antonio-class_transport_dock/P9862.bmp,13,019.San_Antonio-class_transport_dock,5,009.Arleigh_Burke-class_destroyer,0.425985
/mnt/e/aircas/dht/graduation/dataset/ship_fine/test/020.Freedom-class_combat_ship/P1294.bmp,14,020.Freedom-class_combat_ship,14,020.Freedom-class_combat_ship,0.999571
/mnt/e/aircas/dht/graduation/dataset/ship_fine/test/020.Freedom-class_combat_ship/P1475.bmp,14,020.Freedom-class_combat_ship,4,008.Ticonderoga-class_cruiser,0.816544
/mnt/e/aircas/dht/graduation/dataset/ship_fine/test/020.Freedom-class_combat_ship/P1914.bmp,14,020.Freedom-class_combat_ship,14,020.Freedom-class_combat_ship,0.999875
/mnt/e/aircas/dht/graduation/dataset/ship_fine/test/020.Freedom-class_combat_ship/P2673.bmp,14,020.Freedom-class_combat_ship,14,020.Freedom-class_combat_ship,0.994894
/mnt/e/aircas/dht/graduation/dataset/ship_fine/test/020.Freedom-class_combat_ship/P2714.bmp,14,020.Freedom-class_combat_ship,4,008.Ticonderoga-class_cruiser,0.529176
/mnt/e/aircas/dht/graduation/dataset/ship_fine/test/020.Freedom-class_combat_ship/P3245.bmp,14,020.Freedom-class_combat_ship,14,020.Freedom-class_combat_ship,0.999117
/mnt/e/aircas/dht/graduation/dataset/ship_fine/test/020.Freedom-class_combat_ship/P4264.bmp,14,020.Freedom-class_combat_ship,14,020.Freedom-class_combat_ship,0.999624
/mnt/e/aircas/dht/graduation/dataset/ship_fine/test/020.Freedom-class_combat_ship/P4485.bmp,14,020.Freedom-class_combat_ship,14,020.Freedom-class_combat_ship,0.998883
/mnt/e/aircas/dht/graduation/dataset/ship_fine/test/020.Freedom-class_combat_ship/P5203.bmp,14,020.Freedom-class_combat_ship,14,020.Freedom-class_combat_ship,0.978409
/mnt/e/aircas/dht/graduation/dataset/ship_fine/test/020.Freedom-class_combat_ship/P5338.bmp,14,020.Freedom-class_combat_ship,14,020.Freedom-class_combat_ship,0.550827
/mnt/e/aircas/dht/graduation/dataset/ship_fine/test/020.Freedom-class_combat_ship/P5825.bmp,14,020.Freedom-class_combat_ship,14,020.Freedom-class_combat_ship,0.999777
/mnt/e/aircas/dht/graduation/dataset/ship_fine/test/020.Freedom-class_combat_ship/P6534.bmp,14,020.Freedom-class_combat_ship,14,020.Freedom-class_combat_ship,0.999625
/mnt/e/aircas/dht/graduation/dataset/ship_fine/test/020.Freedom-class_combat_ship/P6707.bmp,14,020.Freedom-class_combat_ship,14,020.Freedom-class_combat_ship,0.999912
/mnt/e/aircas/dht/graduation/dataset/ship_fine/test/020.Freedom-class_combat_ship/P7070.bmp,14,020.Freedom-class_combat_ship,4,008.Ticonderoga-class_cruiser,0.678823
/mnt/e/aircas/dht/graduation/dataset/ship_fine/test/020.Freedom-class_combat_ship/P7429.bmp,14,020.Freedom-class_combat_ship,14,020.Freedom-class_combat_ship,0.987060
/mnt/e/aircas/dht/graduation/dataset/ship_fine/test/020.Freedom-class_combat_ship/P9066.bmp,14,020.Freedom-class_combat_ship,14,020.Freedom-class_combat_ship,0.999956
/mnt/e/aircas/dht/graduation/dataset/ship_fine/test/020.Freedom-class_combat_ship/P9283.bmp,14,020.Freedom-class_combat_ship,4,008.Ticonderoga-class_cruiser,0.855450
/mnt/e/aircas/dht/graduation/dataset/ship_fine/test/021.Independence-class_combat_ship/P0627.bmp,15,021.Independence-class_combat_ship,15,021.Independence-class_combat_ship,0.987665
/mnt/e/aircas/dht/graduation/dataset/ship_fine/test/021.Independence-class_combat_ship/P1781.bmp,15,021.Independence-class_combat_ship,15,021.Independence-class_combat_ship,0.983081
/mnt/e/aircas/dht/graduation/dataset/ship_fine/test/021.Independence-class_combat_ship/P2691.bmp,15,021.Independence-class_combat_ship,15,021.Independence-class_combat_ship,0.996316
/mnt/e/aircas/dht/graduation/dataset/ship_fine/test/021.Independence-class_combat_ship/P3052.bmp,15,021.Independence-class_combat_ship,15,021.Independence-class_combat_ship,0.842936
/mnt/e/aircas/dht/graduation/dataset/ship_fine/test/021.Independence-class_combat_ship/P3232.bmp,15,021.Independence-class_combat_ship,14,020.Freedom-class_combat_ship,0.814336
/mnt/e/aircas/dht/graduation/dataset/ship_fine/test/021.Independence-class_combat_ship/P3296.bmp,15,021.Independence-class_combat_ship,15,021.Independence-class_combat_ship,0.999813
/mnt/e/aircas/dht/graduation/dataset/ship_fine/test/021.Independence-class_combat_ship/P4230.bmp,15,021.Independence-class_combat_ship,9,014.Wasp-class_assault_ship,0.569926
/mnt/e/aircas/dht/graduation/dataset/ship_fine/test/021.Independence-class_combat_ship/P4238.bmp,15,021.Independence-class_combat_ship,15,021.Independence-class_combat_ship,0.989963
/mnt/e/aircas/dht/graduation/dataset/ship_fine/test/021.Independence-class_combat_ship/P4301.bmp,15,021.Independence-class_combat_ship,15,021.Independence-class_combat_ship,0.974579
/mnt/e/aircas/dht/graduation/dataset/ship_fine/test/021.Independence-class_combat_ship/P4572.bmp,15,021.Independence-class_combat_ship,4,008.Ticonderoga-class_cruiser,0.983720
/mnt/e/aircas/dht/graduation/dataset/ship_fine/test/021.Independence-class_combat_ship/P4904.bmp,15,021.Independence-class_combat_ship,15,021.Independence-class_combat_ship,0.999667
/mnt/e/aircas/dht/graduation/dataset/ship_fine/test/021.Independence-class_combat_ship/P5071.bmp,15,021.Independence-class_combat_ship,14,020.Freedom-class_combat_ship,0.472586
/mnt/e/aircas/dht/graduation/dataset/ship_fine/test/021.Independence-class_combat_ship/P5073.bmp,15,021.Independence-class_combat_ship,15,021.Independence-class_combat_ship,0.991819
/mnt/e/aircas/dht/graduation/dataset/ship_fine/test/021.Independence-class_combat_ship/P6153.bmp,15,021.Independence-class_combat_ship,15,021.Independence-class_combat_ship,0.999327
/mnt/e/aircas/dht/graduation/dataset/ship_fine/test/021.Independence-class_combat_ship/P6277.bmp,15,021.Independence-class_combat_ship,15,021.Independence-class_combat_ship,0.506782
/mnt/e/aircas/dht/graduation/dataset/ship_fine/test/021.Independence-class_combat_ship/P7533.bmp,15,021.Independence-class_combat_ship,15,021.Independence-class_combat_ship,0.987304
/mnt/e/aircas/dht/graduation/dataset/ship_fine/test/021.Independence-class_combat_ship/P8073.bmp,15,021.Independence-class_combat_ship,22,028.Container_ship,0.730639
/mnt/e/aircas/dht/graduation/dataset/ship_fine/test/021.Independence-class_combat_ship/P8460.bmp,15,021.Independence-class_combat_ship,12,018.Whitby_Island-class_dock_landing_ship,0.355376
/mnt/e/aircas/dht/graduation/dataset/ship_fine/test/021.Independence-class_combat_ship/P8530.bmp,15,021.Independence-class_combat_ship,15,021.Independence-class_combat_ship,0.454998
/mnt/e/aircas/dht/graduation/dataset/ship_fine/test/021.Independence-class_combat_ship/P8719.bmp,15,021.Independence-class_combat_ship,15,021.Independence-class_combat_ship,0.820002
/mnt/e/aircas/dht/graduation/dataset/ship_fine/test/021.Independence-class_combat_ship/P9656.bmp,15,021.Independence-class_combat_ship,15,021.Independence-class_combat_ship,0.999655
/mnt/e/aircas/dht/graduation/dataset/ship_fine/test/022.Sacramento-class_support_ship/P2518.bmp,16,022.Sacramento-class_support_ship,16,022.Sacramento-class_support_ship,0.993901
/mnt/e/aircas/dht/graduation/dataset/ship_fine/test/022.Sacramento-class_support_ship/P4934.bmp,16,022.Sacramento-class_support_ship,16,022.Sacramento-class_support_ship,0.965913
/mnt/e/aircas/dht/graduation/dataset/ship_fine/test/022.Sacramento-class_support_ship/P6771.bmp,16,022.Sacramento-class_support_ship,16,022.Sacramento-class_support_ship,0.999013
/mnt/e/aircas/dht/graduation/dataset/ship_fine/test/022.Sacramento-class_support_ship/P8310.bmp,16,022.Sacramento-class_support_ship,16,022.Sacramento-class_support_ship,0.999637
/mnt/e/aircas/dht/graduation/dataset/ship_fine/test/022.Sacramento-class_support_ship/P8343.bmp,16,022.Sacramento-class_support_ship,16,022.Sacramento-class_support_ship,0.997491
/mnt/e/aircas/dht/graduation/dataset/ship_fine/test/023.Crane_ship/P0238.bmp,17,023.Crane_ship,17,023.Crane_ship,0.997096
/mnt/e/aircas/dht/graduation/dataset/ship_fine/test/023.Crane_ship/P1862.bmp,17,023.Crane_ship,17,023.Crane_ship,0.999607
/mnt/e/aircas/dht/graduation/dataset/ship_fine/test/023.Crane_ship/P2591.bmp,17,023.Crane_ship,17,023.Crane_ship,0.972414
/mnt/e/aircas/dht/graduation/dataset/ship_fine/test/023.Crane_ship/P2992.bmp,17,023.Crane_ship,17,023.Crane_ship,0.998152
/mnt/e/aircas/dht/graduation/dataset/ship_fine/test/023.Crane_ship/P3170.bmp,17,023.Crane_ship,17,023.Crane_ship,0.979187
/mnt/e/aircas/dht/graduation/dataset/ship_fine/test/023.Crane_ship/P3397.bmp,17,023.Crane_ship,17,023.Crane_ship,0.762864
/mnt/e/aircas/dht/graduation/dataset/ship_fine/test/023.Crane_ship/P3433.bmp,17,023.Crane_ship,17,023.Crane_ship,0.956891
/mnt/e/aircas/dht/graduation/dataset/ship_fine/test/023.Crane_ship/P3665.bmp,17,023.Crane_ship,17,023.Crane_ship,0.994954
/mnt/e/aircas/dht/graduation/dataset/ship_fine/test/023.Crane_ship/P4147.bmp,17,023.Crane_ship,17,023.Crane_ship,0.999502
/mnt/e/aircas/dht/graduation/dataset/ship_fine/test/023.Crane_ship/P4208.bmp,17,023.Crane_ship,17,023.Crane_ship,0.999206
/mnt/e/aircas/dht/graduation/dataset/ship_fine/test/023.Crane_ship/P4882.bmp,17,023.Crane_ship,4,008.Ticonderoga-class_cruiser,0.853516
/mnt/e/aircas/dht/graduation/dataset/ship_fine/test/023.Crane_ship/P5191.bmp,17,023.Crane_ship,17,023.Crane_ship,0.994893
/mnt/e/aircas/dht/graduation/dataset/ship_fine/test/023.Crane_ship/P5584.bmp,17,023.Crane_ship,17,023.Crane_ship,0.399066
/mnt/e/aircas/dht/graduation/dataset/ship_fine/test/023.Crane_ship/P5873.bmp,17,023.Crane_ship,17,023.Crane_ship,0.998718
/mnt/e/aircas/dht/graduation/dataset/ship_fine/test/024.Abukuma-class_frigate/P0268.bmp,18,024.Abukuma-class_frigate,6,011.Asagiri-class_destroyer,0.371192
/mnt/e/aircas/dht/graduation/dataset/ship_fine/test/024.Abukuma-class_frigate/P1940.bmp,18,024.Abukuma-class_frigate,18,024.Abukuma-class_frigate,0.991262
/mnt/e/aircas/dht/graduation/dataset/ship_fine/test/024.Abukuma-class_frigate/P3665.bmp,18,024.Abukuma-class_frigate,18,024.Abukuma-class_frigate,0.999461
/mnt/e/aircas/dht/graduation/dataset/ship_fine/test/024.Abukuma-class_frigate/P3717.bmp,18,024.Abukuma-class_frigate,18,024.Abukuma-class_frigate,0.999564
/mnt/e/aircas/dht/graduation/dataset/ship_fine/test/024.Abukuma-class_frigate/P4443.bmp,18,024.Abukuma-class_frigate,18,024.Abukuma-class_frigate,0.999700
/mnt/e/aircas/dht/graduation/dataset/ship_fine/test/024.Abukuma-class_frigate/P7844.bmp,18,024.Abukuma-class_frigate,18,024.Abukuma-class_frigate,0.998734
/mnt/e/aircas/dht/graduation/dataset/ship_fine/test/024.Abukuma-class_frigate/P8029.bmp,18,024.Abukuma-class_frigate,18,024.Abukuma-class_frigate,0.998036
/mnt/e/aircas/dht/graduation/dataset/ship_fine/test/025.Megayacht/P0241.bmp,19,025.Megayacht,19,025.Megayacht,0.943455
/mnt/e/aircas/dht/graduation/dataset/ship_fine/test/025.Megayacht/P0294.bmp,19,025.Megayacht,19,025.Megayacht,0.522831
/mnt/e/aircas/dht/graduation/dataset/ship_fine/test/025.Megayacht/P1071.bmp,19,025.Megayacht,9,014.Wasp-class_assault_ship,0.569234
/mnt/e/aircas/dht/graduation/dataset/ship_fine/test/025.Megayacht/P1654.bmp,19,025.Megayacht,25,031.Medical_ship,0.258784
/mnt/e/aircas/dht/graduation/dataset/ship_fine/test/025.Megayacht/P2011.bmp,19,025.Megayacht,19,025.Megayacht,0.999337
/mnt/e/aircas/dht/graduation/dataset/ship_fine/test/025.Megayacht/P2473.bmp,19,025.Megayacht,12,018.Whitby_Island-class_dock_landing_ship,0.530517
/mnt/e/aircas/dht/graduation/dataset/ship_fine/test/025.Megayacht/P3240.bmp,19,025.Megayacht,19,025.Megayacht,0.999849
/mnt/e/aircas/dht/graduation/dataset/ship_fine/test/025.Megayacht/P6219.bmp,19,025.Megayacht,19,025.Megayacht,0.997987
/mnt/e/aircas/dht/graduation/dataset/ship_fine/test/025.Megayacht/P6492.bmp,19,025.Megayacht,19,025.Megayacht,0.945485
/mnt/e/aircas/dht/graduation/dataset/ship_fine/test/025.Megayacht/P6928.bmp,19,025.Megayacht,19,025.Megayacht,0.999961
/mnt/e/aircas/dht/graduation/dataset/ship_fine/test/025.Megayacht/P6970.bmp,19,025.Megayacht,19,025.Megayacht,0.999652
/mnt/e/aircas/dht/graduation/dataset/ship_fine/test/025.Megayacht/P7640.bmp,19,025.Megayacht,20,026.Cargo_ship,0.670989
/mnt/e/aircas/dht/graduation/dataset/ship_fine/test/025.Megayacht/P7747.bmp,19,025.Megayacht,19,025.Megayacht,0.952241
/mnt/e/aircas/dht/graduation/dataset/ship_fine/test/025.Megayacht/P8618.bmp,19,025.Megayacht,25,031.Medical_ship,0.466194
/mnt/e/aircas/dht/graduation/dataset/ship_fine/test/025.Megayacht/P8624.bmp,19,025.Megayacht,19,025.Megayacht,0.998883
/mnt/e/aircas/dht/graduation/dataset/ship_fine/test/025.Megayacht/P8792.bmp,19,025.Megayacht,19,025.Megayacht,0.982611
/mnt/e/aircas/dht/graduation/dataset/ship_fine/test/025.Megayacht/P9398.bmp,19,025.Megayacht,19,025.Megayacht,0.999656
/mnt/e/aircas/dht/graduation/dataset/ship_fine/test/025.Megayacht/P9497.bmp,19,025.Megayacht,19,025.Megayacht,0.999702
/mnt/e/aircas/dht/graduation/dataset/ship_fine/test/026.Cargo_ship/P0313.bmp,20,026.Cargo_ship,9,014.Wasp-class_assault_ship,0.521252
/mnt/e/aircas/dht/graduation/dataset/ship_fine/test/026.Cargo_ship/P0332.bmp,20,026.Cargo_ship,20,026.Cargo_ship,0.997172
/mnt/e/aircas/dht/graduation/dataset/ship_fine/test/026.Cargo_ship/P0364.bmp,20,026.Cargo_ship,20,026.Cargo_ship,0.998922
/mnt/e/aircas/dht/graduation/dataset/ship_fine/test/026.Cargo_ship/P0399.bmp,20,026.Cargo_ship,5,009.Arleigh_Burke-class_destroyer,0.307136
/mnt/e/aircas/dht/graduation/dataset/ship_fine/test/026.Cargo_ship/P1001.bmp,20,026.Cargo_ship,20,026.Cargo_ship,0.998512
/mnt/e/aircas/dht/graduation/dataset/ship_fine/test/026.Cargo_ship/P1125.bmp,20,026.Cargo_ship,20,026.Cargo_ship,0.997509
/mnt/e/aircas/dht/graduation/dataset/ship_fine/test/026.Cargo_ship/P1684.bmp,20,026.Cargo_ship,22,028.Container_ship,0.945928
/mnt/e/aircas/dht/graduation/dataset/ship_fine/test/026.Cargo_ship/P1795.bmp,20,026.Cargo_ship,5,009.Arleigh_Burke-class_destroyer,0.348452
/mnt/e/aircas/dht/graduation/dataset/ship_fine/test/026.Cargo_ship/P1892.bmp,20,026.Cargo_ship,20,026.Cargo_ship,0.405323
/mnt/e/aircas/dht/graduation/dataset/ship_fine/test/026.Cargo_ship/P2055.bmp,20,026.Cargo_ship,20,026.Cargo_ship,0.841999
/mnt/e/aircas/dht/graduation/dataset/ship_fine/test/026.Cargo_ship/P2092.bmp,20,026.Cargo_ship,24,030.Civil_yacht,0.779248
/mnt/e/aircas/dht/graduation/dataset/ship_fine/test/026.Cargo_ship/P2237.bmp,20,026.Cargo_ship,20,026.Cargo_ship,0.997770
/mnt/e/aircas/dht/graduation/dataset/ship_fine/test/026.Cargo_ship/P3047.bmp,20,026.Cargo_ship,19,025.Megayacht,0.829764
/mnt/e/aircas/dht/graduation/dataset/ship_fine/test/026.Cargo_ship/P3493.bmp,20,026.Cargo_ship,20,026.Cargo_ship,0.998932
/mnt/e/aircas/dht/graduation/dataset/ship_fine/test/026.Cargo_ship/P3698.bmp,20,026.Cargo_ship,20,026.Cargo_ship,0.986845
/mnt/e/aircas/dht/graduation/dataset/ship_fine/test/026.Cargo_ship/P3699.bmp,20,026.Cargo_ship,20,026.Cargo_ship,0.965474
/mnt/e/aircas/dht/graduation/dataset/ship_fine/test/026.Cargo_ship/P4361.bmp,20,026.Cargo_ship,20,026.Cargo_ship,0.804876
/mnt/e/aircas/dht/graduation/dataset/ship_fine/test/026.Cargo_ship/P4552.bmp,20,026.Cargo_ship,20,026.Cargo_ship,0.946260
/mnt/e/aircas/dht/graduation/dataset/ship_fine/test/026.Cargo_ship/P4696.bmp,20,026.Cargo_ship,20,026.Cargo_ship,0.983010
/mnt/e/aircas/dht/graduation/dataset/ship_fine/test/026.Cargo_ship/P5177.bmp,20,026.Cargo_ship,20,026.Cargo_ship,0.929033
/mnt/e/aircas/dht/graduation/dataset/ship_fine/test/026.Cargo_ship/P5290.bmp,20,026.Cargo_ship,15,021.Independence-class_combat_ship,0.464600
/mnt/e/aircas/dht/graduation/dataset/ship_fine/test/026.Cargo_ship/P5410.bmp,20,026.Cargo_ship,20,026.Cargo_ship,0.992141
/mnt/e/aircas/dht/graduation/dataset/ship_fine/test/026.Cargo_ship/P5497.bmp,20,026.Cargo_ship,20,026.Cargo_ship,0.978067
/mnt/e/aircas/dht/graduation/dataset/ship_fine/test/026.Cargo_ship/P5556.bmp,20,026.Cargo_ship,20,026.Cargo_ship,0.997205
/mnt/e/aircas/dht/graduation/dataset/ship_fine/test/026.Cargo_ship/P5739.bmp,20,026.Cargo_ship,20,026.Cargo_ship,0.639425
/mnt/e/aircas/dht/graduation/dataset/ship_fine/test/026.Cargo_ship/P5936.bmp,20,026.Cargo_ship,20,026.Cargo_ship,0.997518
/mnt/e/aircas/dht/graduation/dataset/ship_fine/test/026.Cargo_ship/P6483.bmp,20,026.Cargo_ship,20,026.Cargo_ship,0.957524
/mnt/e/aircas/dht/graduation/dataset/ship_fine/test/026.Cargo_ship/P6587.bmp,20,026.Cargo_ship,20,026.Cargo_ship,0.962922
/mnt/e/aircas/dht/graduation/dataset/ship_fine/test/026.Cargo_ship/P6835.bmp,20,026.Cargo_ship,20,026.Cargo_ship,0.624901
/mnt/e/aircas/dht/graduation/dataset/ship_fine/test/026.Cargo_ship/P6902.bmp,20,026.Cargo_ship,5,009.Arleigh_Burke-class_destroyer,0.670502
/mnt/e/aircas/dht/graduation/dataset/ship_fine/test/026.Cargo_ship/P7105.bmp,20,026.Cargo_ship,20,026.Cargo_ship,0.623791
/mnt/e/aircas/dht/graduation/dataset/ship_fine/test/026.Cargo_ship/P7234.bmp,20,026.Cargo_ship,20,026.Cargo_ship,0.698352
/mnt/e/aircas/dht/graduation/dataset/ship_fine/test/026.Cargo_ship/P7404.bmp,20,026.Cargo_ship,5,009.Arleigh_Burke-class_destroyer,0.767576
/mnt/e/aircas/dht/graduation/dataset/ship_fine/test/026.Cargo_ship/P8103.bmp,20,026.Cargo_ship,20,026.Cargo_ship,0.970997
/mnt/e/aircas/dht/graduation/dataset/ship_fine/test/026.Cargo_ship/P8395.bmp,20,026.Cargo_ship,20,026.Cargo_ship,0.977902
/mnt/e/aircas/dht/graduation/dataset/ship_fine/test/026.Cargo_ship/P8773.bmp,20,026.Cargo_ship,20,026.Cargo_ship,0.429592
/mnt/e/aircas/dht/graduation/dataset/ship_fine/test/026.Cargo_ship/P9753.bmp,20,026.Cargo_ship,20,026.Cargo_ship,0.988417
/mnt/e/aircas/dht/graduation/dataset/ship_fine/test/027.Murasame-class_destroyer/P2465.bmp,21,027.Murasame-class_destroyer,21,027.Murasame-class_destroyer,0.991577
/mnt/e/aircas/dht/graduation/dataset/ship_fine/test/027.Murasame-class_destroyer/P6141.bmp,21,027.Murasame-class_destroyer,21,027.Murasame-class_destroyer,0.981613
/mnt/e/aircas/dht/graduation/dataset/ship_fine/test/027.Murasame-class_destroyer/P8373.bmp,21,027.Murasame-class_destroyer,21,027.Murasame-class_destroyer,0.800424
/mnt/e/aircas/dht/graduation/dataset/ship_fine/test/027.Murasame-class_destroyer/P8668.bmp,21,027.Murasame-class_destroyer,21,027.Murasame-class_destroyer,0.970698
/mnt/e/aircas/dht/graduation/dataset/ship_fine/test/027.Murasame-class_destroyer/P9277.bmp,21,027.Murasame-class_destroyer,21,027.Murasame-class_destroyer,0.923218
/mnt/e/aircas/dht/graduation/dataset/ship_fine/test/027.Murasame-class_destroyer/P9862.bmp,21,027.Murasame-class_destroyer,6,011.Asagiri-class_destroyer,0.814700
/mnt/e/aircas/dht/graduation/dataset/ship_fine/test/028.Container_ship/P0218.bmp,22,028.Container_ship,9,014.Wasp-class_assault_ship,0.532875
/mnt/e/aircas/dht/graduation/dataset/ship_fine/test/028.Container_ship/P0339.bmp,22,028.Container_ship,22,028.Container_ship,0.999928
/mnt/e/aircas/dht/graduation/dataset/ship_fine/test/028.Container_ship/P0704.bmp,22,028.Container_ship,22,028.Container_ship,0.999844
/mnt/e/aircas/dht/graduation/dataset/ship_fine/test/028.Container_ship/P1011.bmp,22,028.Container_ship,22,028.Container_ship,0.999970
/mnt/e/aircas/dht/graduation/dataset/ship_fine/test/028.Container_ship/P1940.bmp,22,028.Container_ship,22,028.Container_ship,0.999646
/mnt/e/aircas/dht/graduation/dataset/ship_fine/test/028.Container_ship/P2174.bmp,22,028.Container_ship,22,028.Container_ship,0.999961
/mnt/e/aircas/dht/graduation/dataset/ship_fine/test/028.Container_ship/P2248.bmp,22,028.Container_ship,22,028.Container_ship,0.999636
/mnt/e/aircas/dht/graduation/dataset/ship_fine/test/028.Container_ship/P2429.bmp,22,028.Container_ship,22,028.Container_ship,0.752275
/mnt/e/aircas/dht/graduation/dataset/ship_fine/test/028.Container_ship/P2609.bmp,22,028.Container_ship,22,028.Container_ship,0.999858
/mnt/e/aircas/dht/graduation/dataset/ship_fine/test/028.Container_ship/P2704.bmp,22,028.Container_ship,22,028.Container_ship,0.916165
/mnt/e/aircas/dht/graduation/dataset/ship_fine/test/028.Container_ship/P4161.bmp,22,028.Container_ship,22,028.Container_ship,0.999929
/mnt/e/aircas/dht/graduation/dataset/ship_fine/test/028.Container_ship/P4458.bmp,22,028.Container_ship,22,028.Container_ship,0.999286
/mnt/e/aircas/dht/graduation/dataset/ship_fine/test/028.Container_ship/P4795.bmp,22,028.Container_ship,12,018.Whitby_Island-class_dock_landing_ship,0.519039
/mnt/e/aircas/dht/graduation/dataset/ship_fine/test/028.Container_ship/P4801.bmp,22,028.Container_ship,1,002.KittyHawk-class_aircraft_carrier,0.823603
/mnt/e/aircas/dht/graduation/dataset/ship_fine/test/028.Container_ship/P4989.bmp,22,028.Container_ship,22,028.Container_ship,0.997305
/mnt/e/aircas/dht/graduation/dataset/ship_fine/test/028.Container_ship/P4998.bmp,22,028.Container_ship,22,028.Container_ship,0.998730
/mnt/e/aircas/dht/graduation/dataset/ship_fine/test/028.Container_ship/P5597.bmp,22,028.Container_ship,22,028.Container_ship,0.999959
/mnt/e/aircas/dht/graduation/dataset/ship_fine/test/028.Container_ship/P5628.bmp,22,028.Container_ship,22,028.Container_ship,0.999705
/mnt/e/aircas/dht/graduation/dataset/ship_fine/test/028.Container_ship/P5652.bmp,22,028.Container_ship,22,028.Container_ship,0.999722
/mnt/e/aircas/dht/graduation/dataset/ship_fine/test/028.Container_ship/P5824.bmp,22,028.Container_ship,22,028.Container_ship,0.998600
/mnt/e/aircas/dht/graduation/dataset/ship_fine/test/028.Container_ship/P6029.bmp,22,028.Container_ship,22,028.Container_ship,0.532896
/mnt/e/aircas/dht/graduation/dataset/ship_fine/test/028.Container_ship/P6112.bmp,22,028.Container_ship,22,028.Container_ship,0.999847
/mnt/e/aircas/dht/graduation/dataset/ship_fine/test/028.Container_ship/P6351.bmp,22,028.Container_ship,22,028.Container_ship,0.999811
/mnt/e/aircas/dht/graduation/dataset/ship_fine/test/028.Container_ship/P6364.bmp,22,028.Container_ship,22,028.Container_ship,0.994609
/mnt/e/aircas/dht/graduation/dataset/ship_fine/test/028.Container_ship/P6398.bmp,22,028.Container_ship,22,028.Container_ship,0.999922
/mnt/e/aircas/dht/graduation/dataset/ship_fine/test/028.Container_ship/P6459.bmp,22,028.Container_ship,22,028.Container_ship,0.836641
/mnt/e/aircas/dht/graduation/dataset/ship_fine/test/028.Container_ship/P7364.bmp,22,028.Container_ship,22,028.Container_ship,0.994707
/mnt/e/aircas/dht/graduation/dataset/ship_fine/test/028.Container_ship/P7486.bmp,22,028.Container_ship,22,028.Container_ship,0.979959
/mnt/e/aircas/dht/graduation/dataset/ship_fine/test/028.Container_ship/P7861.bmp,22,028.Container_ship,22,028.Container_ship,0.996193
/mnt/e/aircas/dht/graduation/dataset/ship_fine/test/028.Container_ship/P7866.bmp,22,028.Container_ship,22,028.Container_ship,0.999830
/mnt/e/aircas/dht/graduation/dataset/ship_fine/test/028.Container_ship/P8039.bmp,22,028.Container_ship,22,028.Container_ship,0.999946
/mnt/e/aircas/dht/graduation/dataset/ship_fine/test/028.Container_ship/P8280.bmp,22,028.Container_ship,22,028.Container_ship,0.999914
/mnt/e/aircas/dht/graduation/dataset/ship_fine/test/028.Container_ship/P8578.bmp,22,028.Container_ship,5,009.Arleigh_Burke-class_destroyer,0.669222
/mnt/e/aircas/dht/graduation/dataset/ship_fine/test/028.Container_ship/P8733.bmp,22,028.Container_ship,22,028.Container_ship,0.836054
/mnt/e/aircas/dht/graduation/dataset/ship_fine/test/028.Container_ship/P9050.bmp,22,028.Container_ship,22,028.Container_ship,0.999550
/mnt/e/aircas/dht/graduation/dataset/ship_fine/test/028.Container_ship/P9111.bmp,22,028.Container_ship,22,028.Container_ship,0.999746
/mnt/e/aircas/dht/graduation/dataset/ship_fine/test/028.Container_ship/P9128.bmp,22,028.Container_ship,22,028.Container_ship,0.999928
/mnt/e/aircas/dht/graduation/dataset/ship_fine/test/028.Container_ship/P9148.bmp,22,028.Container_ship,22,028.Container_ship,0.994646
/mnt/e/aircas/dht/graduation/dataset/ship_fine/test/028.Container_ship/P9210.bmp,22,028.Container_ship,22,028.Container_ship,0.957717
/mnt/e/aircas/dht/graduation/dataset/ship_fine/test/028.Container_ship/P9279.bmp,22,028.Container_ship,22,028.Container_ship,0.999410
/mnt/e/aircas/dht/graduation/dataset/ship_fine/test/028.Container_ship/P9459.bmp,22,028.Container_ship,22,028.Container_ship,0.999873
/mnt/e/aircas/dht/graduation/dataset/ship_fine/test/028.Container_ship/P9478.bmp,22,028.Container_ship,22,028.Container_ship,0.999735
/mnt/e/aircas/dht/graduation/dataset/ship_fine/test/028.Container_ship/P9579.bmp,22,028.Container_ship,22,028.Container_ship,0.992367
/mnt/e/aircas/dht/graduation/dataset/ship_fine/test/028.Container_ship/P9844.bmp,22,028.Container_ship,22,028.Container_ship,0.999780
/mnt/e/aircas/dht/graduation/dataset/ship_fine/test/028.Container_ship/P9969.bmp,22,028.Container_ship,22,028.Container_ship,0.564892
/mnt/e/aircas/dht/graduation/dataset/ship_fine/test/029.Towing_vessel/P0089.bmp,23,029.Towing_vessel,23,029.Towing_vessel,0.999127
/mnt/e/aircas/dht/graduation/dataset/ship_fine/test/029.Towing_vessel/P0133.bmp,23,029.Towing_vessel,24,030.Civil_yacht,0.967014
/mnt/e/aircas/dht/graduation/dataset/ship_fine/test/029.Towing_vessel/P0357.bmp,23,029.Towing_vessel,23,029.Towing_vessel,0.998997
/mnt/e/aircas/dht/graduation/dataset/ship_fine/test/029.Towing_vessel/P0439.bmp,23,029.Towing_vessel,23,029.Towing_vessel,0.537850
/mnt/e/aircas/dht/graduation/dataset/ship_fine/test/029.Towing_vessel/P0441.bmp,23,029.Towing_vessel,23,029.Towing_vessel,0.996857
/mnt/e/aircas/dht/graduation/dataset/ship_fine/test/029.Towing_vessel/P0592.bmp,23,029.Towing_vessel,23,029.Towing_vessel,0.999679
/mnt/e/aircas/dht/graduation/dataset/ship_fine/test/029.Towing_vessel/P0625.bmp,23,029.Towing_vessel,24,030.Civil_yacht,0.746506
/mnt/e/aircas/dht/graduation/dataset/ship_fine/test/029.Towing_vessel/P0749.bmp,23,029.Towing_vessel,23,029.Towing_vessel,0.999852
/mnt/e/aircas/dht/graduation/dataset/ship_fine/test/029.Towing_vessel/P0773.bmp,23,029.Towing_vessel,23,029.Towing_vessel,0.999959
/mnt/e/aircas/dht/graduation/dataset/ship_fine/test/029.Towing_vessel/P0831.bmp,23,029.Towing_vessel,24,030.Civil_yacht,0.999518
/mnt/e/aircas/dht/graduation/dataset/ship_fine/test/029.Towing_vessel/P1389.bmp,23,029.Towing_vessel,23,029.Towing_vessel,0.999537
/mnt/e/aircas/dht/graduation/dataset/ship_fine/test/029.Towing_vessel/P1567.bmp,23,029.Towing_vessel,23,029.Towing_vessel,0.999410
/mnt/e/aircas/dht/graduation/dataset/ship_fine/test/029.Towing_vessel/P1671.bmp,23,029.Towing_vessel,24,030.Civil_yacht,0.995177
/mnt/e/aircas/dht/graduation/dataset/ship_fine/test/029.Towing_vessel/P1745.bmp,23,029.Towing_vessel,23,029.Towing_vessel,0.998550
/mnt/e/aircas/dht/graduation/dataset/ship_fine/test/029.Towing_vessel/P1749.bmp,23,029.Towing_vessel,23,029.Towing_vessel,0.999773
/mnt/e/aircas/dht/graduation/dataset/ship_fine/test/029.Towing_vessel/P2170.bmp,23,029.Towing_vessel,23,029.Towing_vessel,0.998219
/mnt/e/aircas/dht/graduation/dataset/ship_fine/test/029.Towing_vessel/P2192.bmp,23,029.Towing_vessel,23,029.Towing_vessel,0.835470
/mnt/e/aircas/dht/graduation/dataset/ship_fine/test/029.Towing_vessel/P2341.bmp,23,029.Towing_vessel,23,029.Towing_vessel,0.999609
/mnt/e/aircas/dht/graduation/dataset/ship_fine/test/029.Towing_vessel/P2405.bmp,23,029.Towing_vessel,23,029.Towing_vessel,0.999979
/mnt/e/aircas/dht/graduation/dataset/ship_fine/test/029.Towing_vessel/P2423.bmp,23,029.Towing_vessel,23,029.Towing_vessel,0.972787
/mnt/e/aircas/dht/graduation/dataset/ship_fine/test/029.Towing_vessel/P2442.bmp,23,029.Towing_vessel,23,029.Towing_vessel,0.994045
/mnt/e/aircas/dht/graduation/dataset/ship_fine/test/029.Towing_vessel/P2562.bmp,23,029.Towing_vessel,23,029.Towing_vessel,0.986656
/mnt/e/aircas/dht/graduation/dataset/ship_fine/test/029.Towing_vessel/P2583.bmp,23,029.Towing_vessel,23,029.Towing_vessel,0.999970
/mnt/e/aircas/dht/graduation/dataset/ship_fine/test/029.Towing_vessel/P2603.bmp,23,029.Towing_vessel,24,030.Civil_yacht,0.896949
/mnt/e/aircas/dht/graduation/dataset/ship_fine/test/029.Towing_vessel/P2658.bmp,23,029.Towing_vessel,23,029.Towing_vessel,0.999815
/mnt/e/aircas/dht/graduation/dataset/ship_fine/test/029.Towing_vessel/P2701.bmp,23,029.Towing_vessel,23,029.Towing_vessel,0.999242
/mnt/e/aircas/dht/graduation/dataset/ship_fine/test/029.Towing_vessel/P3072.bmp,23,029.Towing_vessel,23,029.Towing_vessel,0.995701
/mnt/e/aircas/dht/graduation/dataset/ship_fine/test/029.Towing_vessel/P3218.bmp,23,029.Towing_vessel,23,029.Towing_vessel,0.999942
/mnt/e/aircas/dht/graduation/dataset/ship_fine/test/029.Towing_vessel/P3285.bmp,23,029.Towing_vessel,23,029.Towing_vessel,0.632471
/mnt/e/aircas/dht/graduation/dataset/ship_fine/test/029.Towing_vessel/P3545.bmp,23,029.Towing_vessel,23,029.Towing_vessel,0.995707
/mnt/e/aircas/dht/graduation/dataset/ship_fine/test/029.Towing_vessel/P3552.bmp,23,029.Towing_vessel,23,029.Towing_vessel,0.991927
/mnt/e/aircas/dht/graduation/dataset/ship_fine/test/029.Towing_vessel/P3647.bmp,23,029.Towing_vessel,23,029.Towing_vessel,0.999708
/mnt/e/aircas/dht/graduation/dataset/ship_fine/test/029.Towing_vessel/P3679.bmp,23,029.Towing_vessel,24,030.Civil_yacht,0.999379
/mnt/e/aircas/dht/graduation/dataset/ship_fine/test/029.Towing_vessel/P3690.bmp,23,029.Towing_vessel,23,029.Towing_vessel,0.999821
/mnt/e/aircas/dht/graduation/dataset/ship_fine/test/029.Towing_vessel/P3715.bmp,23,029.Towing_vessel,23,029.Towing_vessel,0.999503
/mnt/e/aircas/dht/graduation/dataset/ship_fine/test/029.Towing_vessel/P3930.bmp,23,029.Towing_vessel,23,029.Towing_vessel,0.999870
/mnt/e/aircas/dht/graduation/dataset/ship_fine/test/029.Towing_vessel/P4074.bmp,23,029.Towing_vessel,23,029.Towing_vessel,0.999968
/mnt/e/aircas/dht/graduation/dataset/ship_fine/test/029.Towing_vessel/P4251.bmp,23,029.Towing_vessel,24,030.Civil_yacht,0.894879
/mnt/e/aircas/dht/graduation/dataset/ship_fine/test/029.Towing_vessel/P4300.bmp,23,029.Towing_vessel,23,029.Towing_vessel,0.999974
/mnt/e/aircas/dht/graduation/dataset/ship_fine/test/029.Towing_vessel/P4382.bmp,23,029.Towing_vessel,23,029.Towing_vessel,0.999444
/mnt/e/aircas/dht/graduation/dataset/ship_fine/test/029.Towing_vessel/P4916.bmp,23,029.Towing_vessel,23,029.Towing_vessel,0.999643
/mnt/e/aircas/dht/graduation/dataset/ship_fine/test/029.Towing_vessel/P5122.bmp,23,029.Towing_vessel,23,029.Towing_vessel,0.999975
/mnt/e/aircas/dht/graduation/dataset/ship_fine/test/029.Towing_vessel/P5171.bmp,23,029.Towing_vessel,23,029.Towing_vessel,0.999944
/mnt/e/aircas/dht/graduation/dataset/ship_fine/test/029.Towing_vessel/P5283.bmp,23,029.Towing_vessel,23,029.Towing_vessel,0.999857
/mnt/e/aircas/dht/graduation/dataset/ship_fine/test/029.Towing_vessel/P5365.bmp,23,029.Towing_vessel,23,029.Towing_vessel,0.999912
/mnt/e/aircas/dht/graduation/dataset/ship_fine/test/029.Towing_vessel/P5410.bmp,23,029.Towing_vessel,23,029.Towing_vessel,0.999960
/mnt/e/aircas/dht/graduation/dataset/ship_fine/test/029.Towing_vessel/P5423.bmp,23,029.Towing_vessel,23,029.Towing_vessel,0.822006
/mnt/e/aircas/dht/graduation/dataset/ship_fine/test/029.Towing_vessel/P5613.bmp,23,029.Towing_vessel,23,029.Towing_vessel,0.999811
/mnt/e/aircas/dht/graduation/dataset/ship_fine/test/029.Towing_vessel/P5642.bmp,23,029.Towing_vessel,23,029.Towing_vessel,0.999939
/mnt/e/aircas/dht/graduation/dataset/ship_fine/test/029.Towing_vessel/P5685.bmp,23,029.Towing_vessel,23,029.Towing_vessel,0.527323
/mnt/e/aircas/dht/graduation/dataset/ship_fine/test/029.Towing_vessel/P5688.bmp,23,029.Towing_vessel,23,029.Towing_vessel,0.999125
/mnt/e/aircas/dht/graduation/dataset/ship_fine/test/029.Towing_vessel/P5695.bmp,23,029.Towing_vessel,23,029.Towing_vessel,0.999766
/mnt/e/aircas/dht/graduation/dataset/ship_fine/test/029.Towing_vessel/P5856.bmp,23,029.Towing_vessel,23,029.Towing_vessel,0.940116
/mnt/e/aircas/dht/graduation/dataset/ship_fine/test/029.Towing_vessel/P5901.bmp,23,029.Towing_vessel,23,029.Towing_vessel,0.999928
/mnt/e/aircas/dht/graduation/dataset/ship_fine/test/029.Towing_vessel/P5982.bmp,23,029.Towing_vessel,23,029.Towing_vessel,0.999896
/mnt/e/aircas/dht/graduation/dataset/ship_fine/test/029.Towing_vessel/P6061.bmp,23,029.Towing_vessel,23,029.Towing_vessel,0.999972
/mnt/e/aircas/dht/graduation/dataset/ship_fine/test/029.Towing_vessel/P6089.bmp,23,029.Towing_vessel,23,029.Towing_vessel,0.999911
/mnt/e/aircas/dht/graduation/dataset/ship_fine/test/029.Towing_vessel/P6115.bmp,23,029.Towing_vessel,24,030.Civil_yacht,0.981519
/mnt/e/aircas/dht/graduation/dataset/ship_fine/test/029.Towing_vessel/P6268.bmp,23,029.Towing_vessel,23,029.Towing_vessel,0.999819
/mnt/e/aircas/dht/graduation/dataset/ship_fine/test/029.Towing_vessel/P6400.bmp,23,029.Towing_vessel,23,029.Towing_vessel,0.999910
/mnt/e/aircas/dht/graduation/dataset/ship_fine/test/029.Towing_vessel/P6428.bmp,23,029.Towing_vessel,22,028.Container_ship,0.261585
/mnt/e/aircas/dht/graduation/dataset/ship_fine/test/029.Towing_vessel/P6725.bmp,23,029.Towing_vessel,23,029.Towing_vessel,0.999519
/mnt/e/aircas/dht/graduation/dataset/ship_fine/test/029.Towing_vessel/P7137.bmp,23,029.Towing_vessel,23,029.Towing_vessel,0.999978
/mnt/e/aircas/dht/graduation/dataset/ship_fine/test/029.Towing_vessel/P7297.bmp,23,029.Towing_vessel,23,029.Towing_vessel,0.999967
/mnt/e/aircas/dht/graduation/dataset/ship_fine/test/029.Towing_vessel/P7616.bmp,23,029.Towing_vessel,23,029.Towing_vessel,0.999038
/mnt/e/aircas/dht/graduation/dataset/ship_fine/test/029.Towing_vessel/P7694.bmp,23,029.Towing_vessel,3,004.Kuznetsov-class_aircraft_carrier,0.628278
/mnt/e/aircas/dht/graduation/dataset/ship_fine/test/029.Towing_vessel/P7856.bmp,23,029.Towing_vessel,23,029.Towing_vessel,0.998820
/mnt/e/aircas/dht/graduation/dataset/ship_fine/test/029.Towing_vessel/P7878.bmp,23,029.Towing_vessel,23,029.Towing_vessel,0.999955
/mnt/e/aircas/dht/graduation/dataset/ship_fine/test/029.Towing_vessel/P7903.bmp,23,029.Towing_vessel,23,029.Towing_vessel,0.998799
/mnt/e/aircas/dht/graduation/dataset/ship_fine/test/029.Towing_vessel/P8882.bmp,23,029.Towing_vessel,23,029.Towing_vessel,0.999960
/mnt/e/aircas/dht/graduation/dataset/ship_fine/test/029.Towing_vessel/P9065.bmp,23,029.Towing_vessel,23,029.Towing_vessel,0.866173
/mnt/e/aircas/dht/graduation/dataset/ship_fine/test/029.Towing_vessel/P9401.bmp,23,029.Towing_vessel,23,029.Towing_vessel,0.999863
/mnt/e/aircas/dht/graduation/dataset/ship_fine/test/029.Towing_vessel/P9776.bmp,23,029.Towing_vessel,23,029.Towing_vessel,0.946203
/mnt/e/aircas/dht/graduation/dataset/ship_fine/test/029.Towing_vessel/P9857.bmp,23,029.Towing_vessel,23,029.Towing_vessel,0.998039
/mnt/e/aircas/dht/graduation/dataset/ship_fine/test/029.Towing_vessel/P9889.bmp,23,029.Towing_vessel,24,030.Civil_yacht,0.999490
/mnt/e/aircas/dht/graduation/dataset/ship_fine/test/029.Towing_vessel/P9892.bmp,23,029.Towing_vessel,24,030.Civil_yacht,0.817707
/mnt/e/aircas/dht/graduation/dataset/ship_fine/test/029.Towing_vessel/P9959.bmp,23,029.Towing_vessel,24,030.Civil_yacht,0.977825
/mnt/e/aircas/dht/graduation/dataset/ship_fine/test/030.Civil_yacht/P0073.bmp,24,030.Civil_yacht,24,030.Civil_yacht,0.999968
/mnt/e/aircas/dht/graduation/dataset/ship_fine/test/030.Civil_yacht/P0216.bmp,24,030.Civil_yacht,24,030.Civil_yacht,0.999989
/mnt/e/aircas/dht/graduation/dataset/ship_fine/test/030.Civil_yacht/P0290.bmp,24,030.Civil_yacht,24,030.Civil_yacht,0.999632
/mnt/e/aircas/dht/graduation/dataset/ship_fine/test/030.Civil_yacht/P0421.bmp,24,030.Civil_yacht,24,030.Civil_yacht,0.999962
/mnt/e/aircas/dht/graduation/dataset/ship_fine/test/030.Civil_yacht/P0437.bmp,24,030.Civil_yacht,24,030.Civil_yacht,0.999852
/mnt/e/aircas/dht/graduation/dataset/ship_fine/test/030.Civil_yacht/P0603.bmp,24,030.Civil_yacht,24,030.Civil_yacht,0.999943
/mnt/e/aircas/dht/graduation/dataset/ship_fine/test/030.Civil_yacht/P0741.bmp,24,030.Civil_yacht,24,030.Civil_yacht,0.999944
/mnt/e/aircas/dht/graduation/dataset/ship_fine/test/030.Civil_yacht/P0839.bmp,24,030.Civil_yacht,24,030.Civil_yacht,0.999965
/mnt/e/aircas/dht/graduation/dataset/ship_fine/test/030.Civil_yacht/P0844.bmp,24,030.Civil_yacht,24,030.Civil_yacht,0.999991
/mnt/e/aircas/dht/graduation/dataset/ship_fine/test/030.Civil_yacht/P1172.bmp,24,030.Civil_yacht,24,030.Civil_yacht,0.992921
/mnt/e/aircas/dht/graduation/dataset/ship_fine/test/030.Civil_yacht/P1226.bmp,24,030.Civil_yacht,24,030.Civil_yacht,0.999977
/mnt/e/aircas/dht/graduation/dataset/ship_fine/test/030.Civil_yacht/P1325.bmp,24,030.Civil_yacht,24,030.Civil_yacht,0.999969
/mnt/e/aircas/dht/graduation/dataset/ship_fine/test/030.Civil_yacht/P1416.bmp,24,030.Civil_yacht,24,030.Civil_yacht,0.999981
/mnt/e/aircas/dht/graduation/dataset/ship_fine/test/030.Civil_yacht/P1423.bmp,24,030.Civil_yacht,24,030.Civil_yacht,0.999873
/mnt/e/aircas/dht/graduation/dataset/ship_fine/test/030.Civil_yacht/P1459.bmp,24,030.Civil_yacht,24,030.Civil_yacht,0.999952
/mnt/e/aircas/dht/graduation/dataset/ship_fine/test/030.Civil_yacht/P1512.bmp,24,030.Civil_yacht,24,030.Civil_yacht,0.999989
/mnt/e/aircas/dht/graduation/dataset/ship_fine/test/030.Civil_yacht/P1524.bmp,24,030.Civil_yacht,5,009.Arleigh_Burke-class_destroyer,0.705642
/mnt/e/aircas/dht/graduation/dataset/ship_fine/test/030.Civil_yacht/P1941.bmp,24,030.Civil_yacht,24,030.Civil_yacht,0.999900
/mnt/e/aircas/dht/graduation/dataset/ship_fine/test/030.Civil_yacht/P2043.bmp,24,030.Civil_yacht,24,030.Civil_yacht,0.998793
/mnt/e/aircas/dht/graduation/dataset/ship_fine/test/030.Civil_yacht/P2178.bmp,24,030.Civil_yacht,24,030.Civil_yacht,0.999990
/mnt/e/aircas/dht/graduation/dataset/ship_fine/test/030.Civil_yacht/P2184.bmp,24,030.Civil_yacht,24,030.Civil_yacht,0.999971
/mnt/e/aircas/dht/graduation/dataset/ship_fine/test/030.Civil_yacht/P2385.bmp,24,030.Civil_yacht,24,030.Civil_yacht,0.999025
/mnt/e/aircas/dht/graduation/dataset/ship_fine/test/030.Civil_yacht/P2393.bmp,24,030.Civil_yacht,24,030.Civil_yacht,0.998961
/mnt/e/aircas/dht/graduation/dataset/ship_fine/test/030.Civil_yacht/P2442.bmp,24,030.Civil_yacht,24,030.Civil_yacht,0.999887
/mnt/e/aircas/dht/graduation/dataset/ship_fine/test/030.Civil_yacht/P2595.bmp,24,030.Civil_yacht,24,030.Civil_yacht,0.999993
/mnt/e/aircas/dht/graduation/dataset/ship_fine/test/030.Civil_yacht/P2627.bmp,24,030.Civil_yacht,24,030.Civil_yacht,0.999991
/mnt/e/aircas/dht/graduation/dataset/ship_fine/test/030.Civil_yacht/P2688.bmp,24,030.Civil_yacht,24,030.Civil_yacht,0.999968
/mnt/e/aircas/dht/graduation/dataset/ship_fine/test/030.Civil_yacht/P2925.bmp,24,030.Civil_yacht,24,030.Civil_yacht,0.999988
/mnt/e/aircas/dht/graduation/dataset/ship_fine/test/030.Civil_yacht/P3051.bmp,24,030.Civil_yacht,24,030.Civil_yacht,0.999991
/mnt/e/aircas/dht/graduation/dataset/ship_fine/test/030.Civil_yacht/P3295.bmp,24,030.Civil_yacht,24,030.Civil_yacht,0.999984
/mnt/e/aircas/dht/graduation/dataset/ship_fine/test/030.Civil_yacht/P3399.bmp,24,030.Civil_yacht,24,030.Civil_yacht,0.991357
/mnt/e/aircas/dht/graduation/dataset/ship_fine/test/030.Civil_yacht/P3591.bmp,24,030.Civil_yacht,24,030.Civil_yacht,0.999240
/mnt/e/aircas/dht/graduation/dataset/ship_fine/test/030.Civil_yacht/P3662.bmp,24,030.Civil_yacht,24,030.Civil_yacht,0.984714
/mnt/e/aircas/dht/graduation/dataset/ship_fine/test/030.Civil_yacht/P3745.bmp,24,030.Civil_yacht,24,030.Civil_yacht,0.996159
/mnt/e/aircas/dht/graduation/dataset/ship_fine/test/030.Civil_yacht/P3832.bmp,24,030.Civil_yacht,24,030.Civil_yacht,0.999963
/mnt/e/aircas/dht/graduation/dataset/ship_fine/test/030.Civil_yacht/P4055.bmp,24,030.Civil_yacht,24,030.Civil_yacht,0.999716
/mnt/e/aircas/dht/graduation/dataset/ship_fine/test/030.Civil_yacht/P4221.bmp,24,030.Civil_yacht,24,030.Civil_yacht,0.998867
/mnt/e/aircas/dht/graduation/dataset/ship_fine/test/030.Civil_yacht/P4309.bmp,24,030.Civil_yacht,24,030.Civil_yacht,0.999986
/mnt/e/aircas/dht/graduation/dataset/ship_fine/test/030.Civil_yacht/P4355.bmp,24,030.Civil_yacht,24,030.Civil_yacht,0.999987
/mnt/e/aircas/dht/graduation/dataset/ship_fine/test/030.Civil_yacht/P4387.bmp,24,030.Civil_yacht,24,030.Civil_yacht,0.999992
/mnt/e/aircas/dht/graduation/dataset/ship_fine/test/030.Civil_yacht/P4445.bmp,24,030.Civil_yacht,24,030.Civil_yacht,0.999918
/mnt/e/aircas/dht/graduation/dataset/ship_fine/test/030.Civil_yacht/P4451.bmp,24,030.Civil_yacht,24,030.Civil_yacht,0.999798
/mnt/e/aircas/dht/graduation/dataset/ship_fine/test/030.Civil_yacht/P4566.bmp,24,030.Civil_yacht,24,030.Civil_yacht,0.999990
/mnt/e/aircas/dht/graduation/dataset/ship_fine/test/030.Civil_yacht/P4668.bmp,24,030.Civil_yacht,24,030.Civil_yacht,0.999988
/mnt/e/aircas/dht/graduation/dataset/ship_fine/test/030.Civil_yacht/P4915.bmp,24,030.Civil_yacht,24,030.Civil_yacht,0.999990
/mnt/e/aircas/dht/graduation/dataset/ship_fine/test/030.Civil_yacht/P4933.bmp,24,030.Civil_yacht,24,030.Civil_yacht,0.999875
/mnt/e/aircas/dht/graduation/dataset/ship_fine/test/030.Civil_yacht/P5046.bmp,24,030.Civil_yacht,24,030.Civil_yacht,0.999962
/mnt/e/aircas/dht/graduation/dataset/ship_fine/test/030.Civil_yacht/P5054.bmp,24,030.Civil_yacht,24,030.Civil_yacht,0.999977
/mnt/e/aircas/dht/graduation/dataset/ship_fine/test/030.Civil_yacht/P5079.bmp,24,030.Civil_yacht,24,030.Civil_yacht,0.999989
/mnt/e/aircas/dht/graduation/dataset/ship_fine/test/030.Civil_yacht/P5216.bmp,24,030.Civil_yacht,24,030.Civil_yacht,0.995012
/mnt/e/aircas/dht/graduation/dataset/ship_fine/test/030.Civil_yacht/P5319.bmp,24,030.Civil_yacht,24,030.Civil_yacht,0.999988
/mnt/e/aircas/dht/graduation/dataset/ship_fine/test/030.Civil_yacht/P5532.bmp,24,030.Civil_yacht,24,030.Civil_yacht,0.997168
/mnt/e/aircas/dht/graduation/dataset/ship_fine/test/030.Civil_yacht/P5686.bmp,24,030.Civil_yacht,24,030.Civil_yacht,0.992528
/mnt/e/aircas/dht/graduation/dataset/ship_fine/test/030.Civil_yacht/P5788.bmp,24,030.Civil_yacht,24,030.Civil_yacht,0.999983
/mnt/e/aircas/dht/graduation/dataset/ship_fine/test/030.Civil_yacht/P6065.bmp,24,030.Civil_yacht,24,030.Civil_yacht,0.999991
/mnt/e/aircas/dht/graduation/dataset/ship_fine/test/030.Civil_yacht/P6434.bmp,24,030.Civil_yacht,24,030.Civil_yacht,0.999972
/mnt/e/aircas/dht/graduation/dataset/ship_fine/test/030.Civil_yacht/P6787.bmp,24,030.Civil_yacht,24,030.Civil_yacht,0.999981
/mnt/e/aircas/dht/graduation/dataset/ship_fine/test/030.Civil_yacht/P6946.bmp,24,030.Civil_yacht,24,030.Civil_yacht,0.999419
/mnt/e/aircas/dht/graduation/dataset/ship_fine/test/030.Civil_yacht/P6950.bmp,24,030.Civil_yacht,24,030.Civil_yacht,0.999993
/mnt/e/aircas/dht/graduation/dataset/ship_fine/test/030.Civil_yacht/P6995.bmp,24,030.Civil_yacht,23,029.Towing_vessel,0.970824
/mnt/e/aircas/dht/graduation/dataset/ship_fine/test/030.Civil_yacht/P7153.bmp,24,030.Civil_yacht,5,009.Arleigh_Burke-class_destroyer,0.587660
/mnt/e/aircas/dht/graduation/dataset/ship_fine/test/030.Civil_yacht/P7160.bmp,24,030.Civil_yacht,24,030.Civil_yacht,0.999992
/mnt/e/aircas/dht/graduation/dataset/ship_fine/test/030.Civil_yacht/P7204.bmp,24,030.Civil_yacht,24,030.Civil_yacht,0.997586
/mnt/e/aircas/dht/graduation/dataset/ship_fine/test/030.Civil_yacht/P7267.bmp,24,030.Civil_yacht,24,030.Civil_yacht,0.999944
/mnt/e/aircas/dht/graduation/dataset/ship_fine/test/030.Civil_yacht/P7525.bmp,24,030.Civil_yacht,24,030.Civil_yacht,0.999972
/mnt/e/aircas/dht/graduation/dataset/ship_fine/test/030.Civil_yacht/P7591.bmp,24,030.Civil_yacht,24,030.Civil_yacht,0.999968
/mnt/e/aircas/dht/graduation/dataset/ship_fine/test/030.Civil_yacht/P7634.bmp,24,030.Civil_yacht,24,030.Civil_yacht,0.999987
/mnt/e/aircas/dht/graduation/dataset/ship_fine/test/030.Civil_yacht/P7690.bmp,24,030.Civil_yacht,24,030.Civil_yacht,0.999982
/mnt/e/aircas/dht/graduation/dataset/ship_fine/test/030.Civil_yacht/P7798.bmp,24,030.Civil_yacht,24,030.Civil_yacht,0.995522
/mnt/e/aircas/dht/graduation/dataset/ship_fine/test/030.Civil_yacht/P7803.bmp,24,030.Civil_yacht,24,030.Civil_yacht,0.999988
/mnt/e/aircas/dht/graduation/dataset/ship_fine/test/030.Civil_yacht/P8498.bmp,24,030.Civil_yacht,24,030.Civil_yacht,0.999988
/mnt/e/aircas/dht/graduation/dataset/ship_fine/test/030.Civil_yacht/P8572.bmp,24,030.Civil_yacht,24,030.Civil_yacht,0.999695
/mnt/e/aircas/dht/graduation/dataset/ship_fine/test/030.Civil_yacht/P9071.bmp,24,030.Civil_yacht,24,030.Civil_yacht,0.998358
/mnt/e/aircas/dht/graduation/dataset/ship_fine/test/030.Civil_yacht/P9178.bmp,24,030.Civil_yacht,24,030.Civil_yacht,0.999986
/mnt/e/aircas/dht/graduation/dataset/ship_fine/test/030.Civil_yacht/P9754.bmp,24,030.Civil_yacht,24,030.Civil_yacht,0.999993
/mnt/e/aircas/dht/graduation/dataset/ship_fine/test/030.Civil_yacht/P9846.bmp,24,030.Civil_yacht,8,013.Type_45_destroyer,0.791673
/mnt/e/aircas/dht/graduation/dataset/ship_fine/test/030.Civil_yacht/P9944.bmp,24,030.Civil_yacht,24,030.Civil_yacht,0.999969
/mnt/e/aircas/dht/graduation/dataset/ship_fine/test/031.Medical_ship/P1265.bmp,25,031.Medical_ship,25,031.Medical_ship,0.960647
/mnt/e/aircas/dht/graduation/dataset/ship_fine/test/031.Medical_ship/P2290.bmp,25,031.Medical_ship,25,031.Medical_ship,0.998647
/mnt/e/aircas/dht/graduation/dataset/ship_fine/test/031.Medical_ship/P2333.bmp,25,031.Medical_ship,15,021.Independence-class_combat_ship,0.948933
/mnt/e/aircas/dht/graduation/dataset/ship_fine/test/031.Medical_ship/P2382.bmp,25,031.Medical_ship,25,031.Medical_ship,0.996544
/mnt/e/aircas/dht/graduation/dataset/ship_fine/test/031.Medical_ship/P2535.bmp,25,031.Medical_ship,25,031.Medical_ship,0.998955
/mnt/e/aircas/dht/graduation/dataset/ship_fine/test/031.Medical_ship/P2644.bmp,25,031.Medical_ship,24,030.Civil_yacht,0.858334
/mnt/e/aircas/dht/graduation/dataset/ship_fine/test/031.Medical_ship/P3036.bmp,25,031.Medical_ship,25,031.Medical_ship,0.970801
/mnt/e/aircas/dht/graduation/dataset/ship_fine/test/031.Medical_ship/P3375.bmp,25,031.Medical_ship,25,031.Medical_ship,0.999972
/mnt/e/aircas/dht/graduation/dataset/ship_fine/test/031.Medical_ship/P3508.bmp,25,031.Medical_ship,25,031.Medical_ship,0.970992
/mnt/e/aircas/dht/graduation/dataset/ship_fine/test/031.Medical_ship/P5280.bmp,25,031.Medical_ship,25,031.Medical_ship,0.984204
/mnt/e/aircas/dht/graduation/dataset/ship_fine/test/031.Medical_ship/P5436.bmp,25,031.Medical_ship,25,031.Medical_ship,0.997228
/mnt/e/aircas/dht/graduation/dataset/ship_fine/test/031.Medical_ship/P5621.bmp,25,031.Medical_ship,25,031.Medical_ship,0.943203
/mnt/e/aircas/dht/graduation/dataset/ship_fine/test/031.Medical_ship/P5676.bmp,25,031.Medical_ship,25,031.Medical_ship,0.973320
/mnt/e/aircas/dht/graduation/dataset/ship_fine/test/031.Medical_ship/P5914.bmp,25,031.Medical_ship,25,031.Medical_ship,0.999804
/mnt/e/aircas/dht/graduation/dataset/ship_fine/test/031.Medical_ship/P6001.bmp,25,031.Medical_ship,25,031.Medical_ship,0.986329
/mnt/e/aircas/dht/graduation/dataset/ship_fine/test/031.Medical_ship/P6231.bmp,25,031.Medical_ship,15,021.Independence-class_combat_ship,0.660299
/mnt/e/aircas/dht/graduation/dataset/ship_fine/test/031.Medical_ship/P6648.bmp,25,031.Medical_ship,25,031.Medical_ship,0.999877
/mnt/e/aircas/dht/graduation/dataset/ship_fine/test/031.Medical_ship/P6667.bmp,25,031.Medical_ship,5,009.Arleigh_Burke-class_destroyer,0.811721
/mnt/e/aircas/dht/graduation/dataset/ship_fine/test/031.Medical_ship/P7093.bmp,25,031.Medical_ship,25,031.Medical_ship,0.999912
/mnt/e/aircas/dht/graduation/dataset/ship_fine/test/031.Medical_ship/P7098.bmp,25,031.Medical_ship,25,031.Medical_ship,0.999920
/mnt/e/aircas/dht/graduation/dataset/ship_fine/test/031.Medical_ship/P7157.bmp,25,031.Medical_ship,25,031.Medical_ship,0.999249
/mnt/e/aircas/dht/graduation/dataset/ship_fine/test/031.Medical_ship/P8039.bmp,25,031.Medical_ship,25,031.Medical_ship,0.999465
/mnt/e/aircas/dht/graduation/dataset/ship_fine/test/031.Medical_ship/P8118.bmp,25,031.Medical_ship,25,031.Medical_ship,0.999959
/mnt/e/aircas/dht/graduation/dataset/ship_fine/test/031.Medical_ship/P8224.bmp,25,031.Medical_ship,25,031.Medical_ship,0.964463
/mnt/e/aircas/dht/graduation/dataset/ship_fine/test/031.Medical_ship/P8285.bmp,25,031.Medical_ship,25,031.Medical_ship,0.996068
/mnt/e/aircas/dht/graduation/dataset/ship_fine/test/031.Medical_ship/P8324.bmp,25,031.Medical_ship,25,031.Medical_ship,0.999360
/mnt/e/aircas/dht/graduation/dataset/ship_fine/test/031.Medical_ship/P8330.bmp,25,031.Medical_ship,25,031.Medical_ship,0.969649
/mnt/e/aircas/dht/graduation/dataset/ship_fine/test/031.Medical_ship/P8373.bmp,25,031.Medical_ship,25,031.Medical_ship,0.999961
/mnt/e/aircas/dht/graduation/dataset/ship_fine/test/031.Medical_ship/P8524.bmp,25,031.Medical_ship,4,008.Ticonderoga-class_cruiser,0.854418
/mnt/e/aircas/dht/graduation/dataset/ship_fine/test/031.Medical_ship/P8797.bmp,25,031.Medical_ship,25,031.Medical_ship,0.999851
/mnt/e/aircas/dht/graduation/dataset/ship_fine/test/031.Medical_ship/P9470.bmp,25,031.Medical_ship,25,031.Medical_ship,0.999277
/mnt/e/aircas/dht/graduation/dataset/ship_fine/test/031.Medical_ship/P9740.bmp,25,031.Medical_ship,25,031.Medical_ship,0.986376
/mnt/e/aircas/dht/graduation/dataset/ship_fine/test/032.Sand_carrier/P0495.bmp,26,032.Sand_carrier,26,032.Sand_carrier,0.996830
/mnt/e/aircas/dht/graduation/dataset/ship_fine/test/032.Sand_carrier/P0939.bmp,26,032.Sand_carrier,26,032.Sand_carrier,0.979402
/mnt/e/aircas/dht/graduation/dataset/ship_fine/test/032.Sand_carrier/P2070.bmp,26,032.Sand_carrier,26,032.Sand_carrier,0.872785
/mnt/e/aircas/dht/graduation/dataset/ship_fine/test/032.Sand_carrier/P2096.bmp,26,032.Sand_carrier,26,032.Sand_carrier,0.999259
/mnt/e/aircas/dht/graduation/dataset/ship_fine/test/032.Sand_carrier/P2432.bmp,26,032.Sand_carrier,26,032.Sand_carrier,0.999041
/mnt/e/aircas/dht/graduation/dataset/ship_fine/test/032.Sand_carrier/P2493.bmp,26,032.Sand_carrier,26,032.Sand_carrier,0.993572
/mnt/e/aircas/dht/graduation/dataset/ship_fine/test/032.Sand_carrier/P2663.bmp,26,032.Sand_carrier,26,032.Sand_carrier,0.965308
/mnt/e/aircas/dht/graduation/dataset/ship_fine/test/032.Sand_carrier/P2701.bmp,26,032.Sand_carrier,26,032.Sand_carrier,0.999904
/mnt/e/aircas/dht/graduation/dataset/ship_fine/test/032.Sand_carrier/P3001.bmp,26,032.Sand_carrier,26,032.Sand_carrier,0.924549
/mnt/e/aircas/dht/graduation/dataset/ship_fine/test/032.Sand_carrier/P3413.bmp,26,032.Sand_carrier,5,009.Arleigh_Burke-class_destroyer,0.355590
/mnt/e/aircas/dht/graduation/dataset/ship_fine/test/032.Sand_carrier/P4333.bmp,26,032.Sand_carrier,26,032.Sand_carrier,0.878947
/mnt/e/aircas/dht/graduation/dataset/ship_fine/test/032.Sand_carrier/P5642.bmp,26,032.Sand_carrier,5,009.Arleigh_Burke-class_destroyer,0.434322
/mnt/e/aircas/dht/graduation/dataset/ship_fine/test/032.Sand_carrier/P6072.bmp,26,032.Sand_carrier,26,032.Sand_carrier,0.999906
/mnt/e/aircas/dht/graduation/dataset/ship_fine/test/032.Sand_carrier/P7152.bmp,26,032.Sand_carrier,26,032.Sand_carrier,0.999951
/mnt/e/aircas/dht/graduation/dataset/ship_fine/test/032.Sand_carrier/P7383.bmp,26,032.Sand_carrier,24,030.Civil_yacht,0.883680
/mnt/e/aircas/dht/graduation/dataset/ship_fine/test/032.Sand_carrier/P7950.bmp,26,032.Sand_carrier,26,032.Sand_carrier,0.989207
/mnt/e/aircas/dht/graduation/dataset/ship_fine/test/032.Sand_carrier/P8071.bmp,26,032.Sand_carrier,4,008.Ticonderoga-class_cruiser,0.549489
/mnt/e/aircas/dht/graduation/dataset/ship_fine/test/032.Sand_carrier/P8225.bmp,26,032.Sand_carrier,26,032.Sand_carrier,0.997194
/mnt/e/aircas/dht/graduation/dataset/ship_fine/test/032.Sand_carrier/P8270.bmp,26,032.Sand_carrier,26,032.Sand_carrier,0.999841
/mnt/e/aircas/dht/graduation/dataset/ship_fine/test/032.Sand_carrier/P8382.bmp,26,032.Sand_carrier,26,032.Sand_carrier,0.999466
/mnt/e/aircas/dht/graduation/dataset/ship_fine/test/032.Sand_carrier/P9276.bmp,26,032.Sand_carrier,5,009.Arleigh_Burke-class_destroyer,0.537461
/mnt/e/aircas/dht/graduation/dataset/ship_fine/test/032.Sand_carrier/P9523.bmp,26,032.Sand_carrier,26,032.Sand_carrier,0.999145
/mnt/e/aircas/dht/graduation/dataset/ship_fine/test/033.Tank_ship/P0508.bmp,27,033.Tank_ship,22,028.Container_ship,0.990528
/mnt/e/aircas/dht/graduation/dataset/ship_fine/test/033.Tank_ship/P0783.bmp,27,033.Tank_ship,27,033.Tank_ship,0.996364
/mnt/e/aircas/dht/graduation/dataset/ship_fine/test/033.Tank_ship/P1228.bmp,27,033.Tank_ship,27,033.Tank_ship,0.862629
/mnt/e/aircas/dht/graduation/dataset/ship_fine/test/033.Tank_ship/P1548.bmp,27,033.Tank_ship,27,033.Tank_ship,0.999397
/mnt/e/aircas/dht/graduation/dataset/ship_fine/test/033.Tank_ship/P2397.bmp,27,033.Tank_ship,27,033.Tank_ship,0.771434
/mnt/e/aircas/dht/graduation/dataset/ship_fine/test/033.Tank_ship/P2649.bmp,27,033.Tank_ship,27,033.Tank_ship,0.528683
/mnt/e/aircas/dht/graduation/dataset/ship_fine/test/033.Tank_ship/P2881.bmp,27,033.Tank_ship,5,009.Arleigh_Burke-class_destroyer,0.909353
/mnt/e/aircas/dht/graduation/dataset/ship_fine/test/033.Tank_ship/P3056.bmp,27,033.Tank_ship,27,033.Tank_ship,0.991924
/mnt/e/aircas/dht/graduation/dataset/ship_fine/test/033.Tank_ship/P3627.bmp,27,033.Tank_ship,5,009.Arleigh_Burke-class_destroyer,0.364191
/mnt/e/aircas/dht/graduation/dataset/ship_fine/test/033.Tank_ship/P4009.bmp,27,033.Tank_ship,27,033.Tank_ship,0.923222
/mnt/e/aircas/dht/graduation/dataset/ship_fine/test/033.Tank_ship/P4464.bmp,27,033.Tank_ship,27,033.Tank_ship,0.999849
/mnt/e/aircas/dht/graduation/dataset/ship_fine/test/033.Tank_ship/P5803.bmp,27,033.Tank_ship,27,033.Tank_ship,0.882352
/mnt/e/aircas/dht/graduation/dataset/ship_fine/test/033.Tank_ship/P6016.bmp,27,033.Tank_ship,27,033.Tank_ship,0.997954
/mnt/e/aircas/dht/graduation/dataset/ship_fine/test/033.Tank_ship/P6358.bmp,27,033.Tank_ship,27,033.Tank_ship,0.992543
/mnt/e/aircas/dht/graduation/dataset/ship_fine/test/033.Tank_ship/P9073.bmp,27,033.Tank_ship,27,033.Tank_ship,0.999656
/mnt/e/aircas/dht/graduation/dataset/ship_fine/test/033.Tank_ship/P9750.bmp,27,033.Tank_ship,27,033.Tank_ship,0.999368
