filepath,true_idx,true_name,pred_idx,pred_name,prob
/mnt/e/aircas/dht/graduation/dataset/ship_fine/test/001.Nimitz-class_aircraft_carrier/P0031.bmp,0,001.Nimitz-class_aircraft_carrier,9,014.Wasp-class_assault_ship,0.762785
/mnt/e/aircas/dht/graduation/dataset/ship_fine/test/001.Nimitz-class_aircraft_carrier/P0145.bmp,0,001.Nimitz-class_aircraft_carrier,4,008.Ticonderoga-class_cruiser,0.477550
/mnt/e/aircas/dht/graduation/dataset/ship_fine/test/001.Nimitz-class_aircraft_carrier/P0212.bmp,0,001.Nimitz-class_aircraft_carrier,0,001.Nimitz-class_aircraft_carrier,0.953907
/mnt/e/aircas/dht/graduation/dataset/ship_fine/test/001.Nimitz-class_aircraft_carrier/P0267.bmp,0,001.Nimitz-class_aircraft_carrier,0,001.Nimitz-class_aircraft_carrier,0.607160
/mnt/e/aircas/dht/graduation/dataset/ship_fine/test/001.Nimitz-class_aircraft_carrier/P0418.bmp,0,001.Nimitz-class_aircraft_carrier,0,001.Nimitz-class_aircraft_carrier,0.995901
/mnt/e/aircas/dht/graduation/dataset/ship_fine/test/001.Nimitz-class_aircraft_carrier/P0696.bmp,0,001.Nimitz-class_aircraft_carrier,9,014.Wasp-class_assault_ship,0.723440
/mnt/e/aircas/dht/graduation/dataset/ship_fine/test/001.Nimitz-class_aircraft_carrier/P0835.bmp,0,001.Nimitz-class_aircraft_carrier,9,014.Wasp-class_assault_ship,0.997596
/mnt/e/aircas/dht/graduation/dataset/ship_fine/test/001.Nimitz-class_aircraft_carrier/P1140.bmp,0,001.Nimitz-class_aircraft_carrier,0,001.Nimitz-class_aircraft_carrier,0.767432
/mnt/e/aircas/dht/graduation/dataset/ship_fine/test/001.Nimitz-class_aircraft_carrier/P1223.bmp,0,001.Nimitz-class_aircraft_carrier,9,014.Wasp-class_assault_ship,0.982739
/mnt/e/aircas/dht/graduation/dataset/ship_fine/test/001.Nimitz-class_aircraft_carrier/P1252.bmp,0,001.Nimitz-class_aircraft_carrier,9,014.Wasp-class_assault_ship,0.445766
/mnt/e/aircas/dht/graduation/dataset/ship_fine/test/001.Nimitz-class_aircraft_carrier/P1435.bmp,0,001.Nimitz-class_aircraft_carrier,9,014.Wasp-class_assault_ship,0.900103
/mnt/e/aircas/dht/graduation/dataset/ship_fine/test/001.Nimitz-class_aircraft_carrier/P1596.bmp,0,001.Nimitz-class_aircraft_carrier,0,001.Nimitz-class_aircraft_carrier,0.946500
/mnt/e/aircas/dht/graduation/dataset/ship_fine/test/001.Nimitz-class_aircraft_carrier/P1651.bmp,0,001.Nimitz-class_aircraft_carrier,0,001.Nimitz-class_aircraft_carrier,0.983695
/mnt/e/aircas/dht/graduation/dataset/ship_fine/test/001.Nimitz-class_aircraft_carrier/P1787.bmp,0,001.Nimitz-class_aircraft_carrier,9,014.Wasp-class_assault_ship,0.631699
/mnt/e/aircas/dht/graduation/dataset/ship_fine/test/001.Nimitz-class_aircraft_carrier/P2176.bmp,0,001.Nimitz-class_aircraft_carrier,9,014.Wasp-class_assault_ship,0.417364
/mnt/e/aircas/dht/graduation/dataset/ship_fine/test/001.Nimitz-class_aircraft_carrier/P2190.bmp,0,001.Nimitz-class_aircraft_carrier,0,001.Nimitz-class_aircraft_carrier,0.597953
/mnt/e/aircas/dht/graduation/dataset/ship_fine/test/001.Nimitz-class_aircraft_carrier/P2198.bmp,0,001.Nimitz-class_aircraft_carrier,9,014.Wasp-class_assault_ship,0.814658
/mnt/e/aircas/dht/graduation/dataset/ship_fine/test/001.Nimitz-class_aircraft_carrier/P2379.bmp,0,001.Nimitz-class_aircraft_carrier,0,001.Nimitz-class_aircraft_carrier,0.999377
/mnt/e/aircas/dht/graduation/dataset/ship_fine/test/001.Nimitz-class_aircraft_carrier/P2429.bmp,0,001.Nimitz-class_aircraft_carrier,9,014.Wasp-class_assault_ship,0.830694
/mnt/e/aircas/dht/graduation/dataset/ship_fine/test/001.Nimitz-class_aircraft_carrier/P2674.bmp,0,001.Nimitz-class_aircraft_carrier,9,014.Wasp-class_assault_ship,0.927264
/mnt/e/aircas/dht/graduation/dataset/ship_fine/test/001.Nimitz-class_aircraft_carrier/P2845.bmp,0,001.Nimitz-class_aircraft_carrier,4,008.Ticonderoga-class_cruiser,0.822737
/mnt/e/aircas/dht/graduation/dataset/ship_fine/test/001.Nimitz-class_aircraft_carrier/P2938.bmp,0,001.Nimitz-class_aircraft_carrier,0,001.Nimitz-class_aircraft_carrier,0.998242
/mnt/e/aircas/dht/graduation/dataset/ship_fine/test/001.Nimitz-class_aircraft_carrier/P3016.bmp,0,001.Nimitz-class_aircraft_carrier,9,014.Wasp-class_assault_ship,0.397077
/mnt/e/aircas/dht/graduation/dataset/ship_fine/test/001.Nimitz-class_aircraft_carrier/P3632.bmp,0,001.Nimitz-class_aircraft_carrier,4,008.Ticonderoga-class_cruiser,0.997171
/mnt/e/aircas/dht/graduation/dataset/ship_fine/test/001.Nimitz-class_aircraft_carrier/P3727.bmp,0,001.Nimitz-class_aircraft_carrier,9,014.Wasp-class_assault_ship,0.789816
/mnt/e/aircas/dht/graduation/dataset/ship_fine/test/001.Nimitz-class_aircraft_carrier/P3976.bmp,0,001.Nimitz-class_aircraft_carrier,0,001.Nimitz-class_aircraft_carrier,0.512762
/mnt/e/aircas/dht/graduation/dataset/ship_fine/test/001.Nimitz-class_aircraft_carrier/P4377.bmp,0,001.Nimitz-class_aircraft_carrier,9,014.Wasp-class_assault_ship,0.853965
/mnt/e/aircas/dht/graduation/dataset/ship_fine/test/001.Nimitz-class_aircraft_carrier/P4895.bmp,0,001.Nimitz-class_aircraft_carrier,0,001.Nimitz-class_aircraft_carrier,0.676308
/mnt/e/aircas/dht/graduation/dataset/ship_fine/test/001.Nimitz-class_aircraft_carrier/P4958.bmp,0,001.Nimitz-class_aircraft_carrier,5,009.Arleigh_Burke-class_destroyer,0.834447
/mnt/e/aircas/dht/graduation/dataset/ship_fine/test/001.Nimitz-class_aircraft_carrier/P5151.bmp,0,001.Nimitz-class_aircraft_carrier,0,001.Nimitz-class_aircraft_carrier,0.757763
/mnt/e/aircas/dht/graduation/dataset/ship_fine/test/001.Nimitz-class_aircraft_carrier/P5298.bmp,0,001.Nimitz-class_aircraft_carrier,0,001.Nimitz-class_aircraft_carrier,0.729811
/mnt/e/aircas/dht/graduation/dataset/ship_fine/test/001.Nimitz-class_aircraft_carrier/P5299.bmp,0,001.Nimitz-class_aircraft_carrier,9,014.Wasp-class_assault_ship,0.988814
/mnt/e/aircas/dht/graduation/dataset/ship_fine/test/001.Nimitz-class_aircraft_carrier/P5474.bmp,0,001.Nimitz-class_aircraft_carrier,9,014.Wasp-class_assault_ship,0.535745
/mnt/e/aircas/dht/graduation/dataset/ship_fine/test/001.Nimitz-class_aircraft_carrier/P5584.bmp,0,001.Nimitz-class_aircraft_carrier,0,001.Nimitz-class_aircraft_carrier,0.996248
/mnt/e/aircas/dht/graduation/dataset/ship_fine/test/001.Nimitz-class_aircraft_carrier/P5641.bmp,0,001.Nimitz-class_aircraft_carrier,12,018.Whitby_Island-class_dock_landing_ship,0.585265
/mnt/e/aircas/dht/graduation/dataset/ship_fine/test/001.Nimitz-class_aircraft_carrier/P5970.bmp,0,001.Nimitz-class_aircraft_carrier,0,001.Nimitz-class_aircraft_carrier,0.892074
/mnt/e/aircas/dht/graduation/dataset/ship_fine/test/001.Nimitz-class_aircraft_carrier/P6006.bmp,0,001.Nimitz-class_aircraft_carrier,9,014.Wasp-class_assault_ship,0.680320
/mnt/e/aircas/dht/graduation/dataset/ship_fine/test/001.Nimitz-class_aircraft_carrier/P6041.bmp,0,001.Nimitz-class_aircraft_carrier,0,001.Nimitz-class_aircraft_carrier,0.974989
/mnt/e/aircas/dht/graduation/dataset/ship_fine/test/001.Nimitz-class_aircraft_carrier/P6090.bmp,0,001.Nimitz-class_aircraft_carrier,0,001.Nimitz-class_aircraft_carrier,0.771919
/mnt/e/aircas/dht/graduation/dataset/ship_fine/test/001.Nimitz-class_aircraft_carrier/P6340.bmp,0,001.Nimitz-class_aircraft_carrier,0,001.Nimitz-class_aircraft_carrier,0.860397
/mnt/e/aircas/dht/graduation/dataset/ship_fine/test/001.Nimitz-class_aircraft_carrier/P6546.bmp,0,001.Nimitz-class_aircraft_carrier,0,001.Nimitz-class_aircraft_carrier,0.834608
/mnt/e/aircas/dht/graduation/dataset/ship_fine/test/001.Nimitz-class_aircraft_carrier/P6639.bmp,0,001.Nimitz-class_aircraft_carrier,0,001.Nimitz-class_aircraft_carrier,0.871198
/mnt/e/aircas/dht/graduation/dataset/ship_fine/test/001.Nimitz-class_aircraft_carrier/P6652.bmp,0,001.Nimitz-class_aircraft_carrier,9,014.Wasp-class_assault_ship,0.965934
/mnt/e/aircas/dht/graduation/dataset/ship_fine/test/001.Nimitz-class_aircraft_carrier/P7110.bmp,0,001.Nimitz-class_aircraft_carrier,0,001.Nimitz-class_aircraft_carrier,0.988001
/mnt/e/aircas/dht/graduation/dataset/ship_fine/test/001.Nimitz-class_aircraft_carrier/P7151.bmp,0,001.Nimitz-class_aircraft_carrier,0,001.Nimitz-class_aircraft_carrier,0.999898
/mnt/e/aircas/dht/graduation/dataset/ship_fine/test/001.Nimitz-class_aircraft_carrier/P7158.bmp,0,001.Nimitz-class_aircraft_carrier,9,014.Wasp-class_assault_ship,0.554599
/mnt/e/aircas/dht/graduation/dataset/ship_fine/test/001.Nimitz-class_aircraft_carrier/P7675.bmp,0,001.Nimitz-class_aircraft_carrier,0,001.Nimitz-class_aircraft_carrier,0.820488
/mnt/e/aircas/dht/graduation/dataset/ship_fine/test/001.Nimitz-class_aircraft_carrier/P7748.bmp,0,001.Nimitz-class_aircraft_carrier,0,001.Nimitz-class_aircraft_carrier,0.973006
/mnt/e/aircas/dht/graduation/dataset/ship_fine/test/001.Nimitz-class_aircraft_carrier/P7798.bmp,0,001.Nimitz-class_aircraft_carrier,0,001.Nimitz-class_aircraft_carrier,0.824556
/mnt/e/aircas/dht/graduation/dataset/ship_fine/test/001.Nimitz-class_aircraft_carrier/P7846.bmp,0,001.Nimitz-class_aircraft_carrier,5,009.Arleigh_Burke-class_destroyer,0.846042
/mnt/e/aircas/dht/graduation/dataset/ship_fine/test/001.Nimitz-class_aircraft_carrier/P7935.bmp,0,001.Nimitz-class_aircraft_carrier,0,001.Nimitz-class_aircraft_carrier,0.996696
/mnt/e/aircas/dht/graduation/dataset/ship_fine/test/001.Nimitz-class_aircraft_carrier/P8158.bmp,0,001.Nimitz-class_aircraft_carrier,9,014.Wasp-class_assault_ship,0.721641
/mnt/e/aircas/dht/graduation/dataset/ship_fine/test/001.Nimitz-class_aircraft_carrier/P8200.bmp,0,001.Nimitz-class_aircraft_carrier,0,001.Nimitz-class_aircraft_carrier,0.999734
/mnt/e/aircas/dht/graduation/dataset/ship_fine/test/001.Nimitz-class_aircraft_carrier/P9548.bmp,0,001.Nimitz-class_aircraft_carrier,4,008.Ticonderoga-class_cruiser,0.881164
/mnt/e/aircas/dht/graduation/dataset/ship_fine/test/001.Nimitz-class_aircraft_carrier/P9623.bmp,0,001.Nimitz-class_aircraft_carrier,9,014.Wasp-class_assault_ship,0.708232
/mnt/e/aircas/dht/graduation/dataset/ship_fine/test/002.KittyHawk-class_aircraft_carrier/P3209.bmp,1,002.KittyHawk-class_aircraft_carrier,1,002.KittyHawk-class_aircraft_carrier,0.722186
/mnt/e/aircas/dht/graduation/dataset/ship_fine/test/002.KittyHawk-class_aircraft_carrier/P5939.bmp,1,002.KittyHawk-class_aircraft_carrier,16,022.Sacramento-class_support_ship,0.443965
/mnt/e/aircas/dht/graduation/dataset/ship_fine/test/002.KittyHawk-class_aircraft_carrier/P6447.bmp,1,002.KittyHawk-class_aircraft_carrier,1,002.KittyHawk-class_aircraft_carrier,0.999388
/mnt/e/aircas/dht/graduation/dataset/ship_fine/test/002.KittyHawk-class_aircraft_carrier/P7298.bmp,1,002.KittyHawk-class_aircraft_carrier,4,008.Ticonderoga-class_cruiser,0.497279
/mnt/e/aircas/dht/graduation/dataset/ship_fine/test/002.KittyHawk-class_aircraft_carrier/P7353.bmp,1,002.KittyHawk-class_aircraft_carrier,9,014.Wasp-class_assault_ship,0.708180
/mnt/e/aircas/dht/graduation/dataset/ship_fine/test/002.KittyHawk-class_aircraft_carrier/P8918.bmp,1,002.KittyHawk-class_aircraft_carrier,1,002.KittyHawk-class_aircraft_carrier,0.995682
/mnt/e/aircas/dht/graduation/dataset/ship_fine/test/003.Midway-class_aircraft_carrier/P0024.bmp,2,003.Midway-class_aircraft_carrier,2,003.Midway-class_aircraft_carrier,0.999873
/mnt/e/aircas/dht/graduation/dataset/ship_fine/test/003.Midway-class_aircraft_carrier/P0116.bmp,2,003.Midway-class_aircraft_carrier,2,003.Midway-class_aircraft_carrier,0.999875
/mnt/e/aircas/dht/graduation/dataset/ship_fine/test/003.Midway-class_aircraft_carrier/P0690.bmp,2,003.Midway-class_aircraft_carrier,2,003.Midway-class_aircraft_carrier,0.999631
/mnt/e/aircas/dht/graduation/dataset/ship_fine/test/003.Midway-class_aircraft_carrier/P1267.bmp,2,003.Midway-class_aircraft_carrier,2,003.Midway-class_aircraft_carrier,0.927021
/mnt/e/aircas/dht/graduation/dataset/ship_fine/test/003.Midway-class_aircraft_carrier/P1450.bmp,2,003.Midway-class_aircraft_carrier,2,003.Midway-class_aircraft_carrier,0.925730
/mnt/e/aircas/dht/graduation/dataset/ship_fine/test/003.Midway-class_aircraft_carrier/P1538.bmp,2,003.Midway-class_aircraft_carrier,2,003.Midway-class_aircraft_carrier,0.977318
/mnt/e/aircas/dht/graduation/dataset/ship_fine/test/003.Midway-class_aircraft_carrier/P1812.bmp,2,003.Midway-class_aircraft_carrier,2,003.Midway-class_aircraft_carrier,0.999427
/mnt/e/aircas/dht/graduation/dataset/ship_fine/test/003.Midway-class_aircraft_carrier/P2395.bmp,2,003.Midway-class_aircraft_carrier,2,003.Midway-class_aircraft_carrier,0.996677
/mnt/e/aircas/dht/graduation/dataset/ship_fine/test/003.Midway-class_aircraft_carrier/P2536.bmp,2,003.Midway-class_aircraft_carrier,2,003.Midway-class_aircraft_carrier,0.932308
/mnt/e/aircas/dht/graduation/dataset/ship_fine/test/003.Midway-class_aircraft_carrier/P3257.bmp,2,003.Midway-class_aircraft_carrier,2,003.Midway-class_aircraft_carrier,0.997611
/mnt/e/aircas/dht/graduation/dataset/ship_fine/test/003.Midway-class_aircraft_carrier/P5317.bmp,2,003.Midway-class_aircraft_carrier,2,003.Midway-class_aircraft_carrier,0.959073
/mnt/e/aircas/dht/graduation/dataset/ship_fine/test/003.Midway-class_aircraft_carrier/P5482.bmp,2,003.Midway-class_aircraft_carrier,2,003.Midway-class_aircraft_carrier,0.999959
/mnt/e/aircas/dht/graduation/dataset/ship_fine/test/003.Midway-class_aircraft_carrier/P6646.bmp,2,003.Midway-class_aircraft_carrier,24,030.Civil_yacht,0.814858
/mnt/e/aircas/dht/graduation/dataset/ship_fine/test/003.Midway-class_aircraft_carrier/P7096.bmp,2,003.Midway-class_aircraft_carrier,9,014.Wasp-class_assault_ship,0.998835
/mnt/e/aircas/dht/graduation/dataset/ship_fine/test/003.Midway-class_aircraft_carrier/P7218.bmp,2,003.Midway-class_aircraft_carrier,2,003.Midway-class_aircraft_carrier,0.464344
/mnt/e/aircas/dht/graduation/dataset/ship_fine/test/003.Midway-class_aircraft_carrier/P7782.bmp,2,003.Midway-class_aircraft_carrier,2,003.Midway-class_aircraft_carrier,0.836526
/mnt/e/aircas/dht/graduation/dataset/ship_fine/test/003.Midway-class_aircraft_carrier/P7951.bmp,2,003.Midway-class_aircraft_carrier,2,003.Midway-class_aircraft_carrier,0.599163
/mnt/e/aircas/dht/graduation/dataset/ship_fine/test/003.Midway-class_aircraft_carrier/P8293.bmp,2,003.Midway-class_aircraft_carrier,2,003.Midway-class_aircraft_carrier,0.999921
/mnt/e/aircas/dht/graduation/dataset/ship_fine/test/003.Midway-class_aircraft_carrier/P9375.bmp,2,003.Midway-class_aircraft_carrier,2,003.Midway-class_aircraft_carrier,0.589655
/mnt/e/aircas/dht/graduation/dataset/ship_fine/test/003.Midway-class_aircraft_carrier/P9766.bmp,2,003.Midway-class_aircraft_carrier,2,003.Midway-class_aircraft_carrier,0.472402
/mnt/e/aircas/dht/graduation/dataset/ship_fine/test/004.Kuznetsov-class_aircraft_carrier/P0190.bmp,3,004.Kuznetsov-class_aircraft_carrier,3,004.Kuznetsov-class_aircraft_carrier,0.999947
/mnt/e/aircas/dht/graduation/dataset/ship_fine/test/004.Kuznetsov-class_aircraft_carrier/P4976.bmp,3,004.Kuznetsov-class_aircraft_carrier,3,004.Kuznetsov-class_aircraft_carrier,0.999500
/mnt/e/aircas/dht/graduation/dataset/ship_fine/test/004.Kuznetsov-class_aircraft_carrier/P6432.bmp,3,004.Kuznetsov-class_aircraft_carrier,9,014.Wasp-class_assault_ship,0.721017
/mnt/e/aircas/dht/graduation/dataset/ship_fine/test/004.Kuznetsov-class_aircraft_carrier/P6613.bmp,3,004.Kuznetsov-class_aircraft_carrier,9,014.Wasp-class_assault_ship,0.545806
/mnt/e/aircas/dht/graduation/dataset/ship_fine/test/004.Kuznetsov-class_aircraft_carrier/P6781.bmp,3,004.Kuznetsov-class_aircraft_carrier,3,004.Kuznetsov-class_aircraft_carrier,0.996387
/mnt/e/aircas/dht/graduation/dataset/ship_fine/test/004.Kuznetsov-class_aircraft_carrier/P9448.bmp,3,004.Kuznetsov-class_aircraft_carrier,3,004.Kuznetsov-class_aircraft_carrier,0.998475
/mnt/e/aircas/dht/graduation/dataset/ship_fine/test/008.Ticonderoga-class_cruiser/P0074.bmp,4,008.Ticonderoga-class_cruiser,4,008.Ticonderoga-class_cruiser,0.637634
/mnt/e/aircas/dht/graduation/dataset/ship_fine/test/008.Ticonderoga-class_cruiser/P0111.bmp,4,008.Ticonderoga-class_cruiser,4,008.Ticonderoga-class_cruiser,0.982480
/mnt/e/aircas/dht/graduation/dataset/ship_fine/test/008.Ticonderoga-class_cruiser/P0181.bmp,4,008.Ticonderoga-class_cruiser,4,008.Ticonderoga-class_cruiser,0.998393
/mnt/e/aircas/dht/graduation/dataset/ship_fine/test/008.Ticonderoga-class_cruiser/P0192.bmp,4,008.Ticonderoga-class_cruiser,4,008.Ticonderoga-class_cruiser,0.801964
/mnt/e/aircas/dht/graduation/dataset/ship_fine/test/008.Ticonderoga-class_cruiser/P0197.bmp,4,008.Ticonderoga-class_cruiser,4,008.Ticonderoga-class_cruiser,0.972184
/mnt/e/aircas/dht/graduation/dataset/ship_fine/test/008.Ticonderoga-class_cruiser/P0263.bmp,4,008.Ticonderoga-class_cruiser,4,008.Ticonderoga-class_cruiser,0.883617
/mnt/e/aircas/dht/graduation/dataset/ship_fine/test/008.Ticonderoga-class_cruiser/P0363.bmp,4,008.Ticonderoga-class_cruiser,4,008.Ticonderoga-class_cruiser,0.731398
/mnt/e/aircas/dht/graduation/dataset/ship_fine/test/008.Ticonderoga-class_cruiser/P0367.bmp,4,008.Ticonderoga-class_cruiser,4,008.Ticonderoga-class_cruiser,0.991958
/mnt/e/aircas/dht/graduation/dataset/ship_fine/test/008.Ticonderoga-class_cruiser/P0404.bmp,4,008.Ticonderoga-class_cruiser,4,008.Ticonderoga-class_cruiser,0.961523
/mnt/e/aircas/dht/graduation/dataset/ship_fine/test/008.Ticonderoga-class_cruiser/P0463.bmp,4,008.Ticonderoga-class_cruiser,4,008.Ticonderoga-class_cruiser,0.578713
/mnt/e/aircas/dht/graduation/dataset/ship_fine/test/008.Ticonderoga-class_cruiser/P0516.bmp,4,008.Ticonderoga-class_cruiser,5,009.Arleigh_Burke-class_destroyer,0.919462
/mnt/e/aircas/dht/graduation/dataset/ship_fine/test/008.Ticonderoga-class_cruiser/P0619.bmp,4,008.Ticonderoga-class_cruiser,4,008.Ticonderoga-class_cruiser,0.997199
/mnt/e/aircas/dht/graduation/dataset/ship_fine/test/008.Ticonderoga-class_cruiser/P0853.bmp,4,008.Ticonderoga-class_cruiser,5,009.Arleigh_Burke-class_destroyer,0.539110
/mnt/e/aircas/dht/graduation/dataset/ship_fine/test/008.Ticonderoga-class_cruiser/P0915.bmp,4,008.Ticonderoga-class_cruiser,4,008.Ticonderoga-class_cruiser,0.988481
/mnt/e/aircas/dht/graduation/dataset/ship_fine/test/008.Ticonderoga-class_cruiser/P0926.bmp,4,008.Ticonderoga-class_cruiser,4,008.Ticonderoga-class_cruiser,0.994423
/mnt/e/aircas/dht/graduation/dataset/ship_fine/test/008.Ticonderoga-class_cruiser/P0997.bmp,4,008.Ticonderoga-class_cruiser,4,008.Ticonderoga-class_cruiser,0.918336
/mnt/e/aircas/dht/graduation/dataset/ship_fine/test/008.Ticonderoga-class_cruiser/P1050.bmp,4,008.Ticonderoga-class_cruiser,4,008.Ticonderoga-class_cruiser,0.700035
/mnt/e/aircas/dht/graduation/dataset/ship_fine/test/008.Ticonderoga-class_cruiser/P1143.bmp,4,008.Ticonderoga-class_cruiser,4,008.Ticonderoga-class_cruiser,0.999270
/mnt/e/aircas/dht/graduation/dataset/ship_fine/test/008.Ticonderoga-class_cruiser/P1456.bmp,4,008.Ticonderoga-class_cruiser,4,008.Ticonderoga-class_cruiser,0.999241
/mnt/e/aircas/dht/graduation/dataset/ship_fine/test/008.Ticonderoga-class_cruiser/P1881.bmp,4,008.Ticonderoga-class_cruiser,4,008.Ticonderoga-class_cruiser,0.952493
/mnt/e/aircas/dht/graduation/dataset/ship_fine/test/008.Ticonderoga-class_cruiser/P1889.bmp,4,008.Ticonderoga-class_cruiser,9,014.Wasp-class_assault_ship,0.855208
/mnt/e/aircas/dht/graduation/dataset/ship_fine/test/008.Ticonderoga-class_cruiser/P1936.bmp,4,008.Ticonderoga-class_cruiser,4,008.Ticonderoga-class_cruiser,0.574532
/mnt/e/aircas/dht/graduation/dataset/ship_fine/test/008.Ticonderoga-class_cruiser/P1991.bmp,4,008.Ticonderoga-class_cruiser,5,009.Arleigh_Burke-class_destroyer,0.944161
/mnt/e/aircas/dht/graduation/dataset/ship_fine/test/008.Ticonderoga-class_cruiser/P2341.bmp,4,008.Ticonderoga-class_cruiser,4,008.Ticonderoga-class_cruiser,0.969792
/mnt/e/aircas/dht/graduation/dataset/ship_fine/test/008.Ticonderoga-class_cruiser/P2399.bmp,4,008.Ticonderoga-class_cruiser,5,009.Arleigh_Burke-class_destroyer,0.328549
/mnt/e/aircas/dht/graduation/dataset/ship_fine/test/008.Ticonderoga-class_cruiser/P2473.bmp,4,008.Ticonderoga-class_cruiser,9,014.Wasp-class_assault_ship,0.827052
/mnt/e/aircas/dht/graduation/dataset/ship_fine/test/008.Ticonderoga-class_cruiser/P2577.bmp,4,008.Ticonderoga-class_cruiser,5,009.Arleigh_Burke-class_destroyer,0.542137
/mnt/e/aircas/dht/graduation/dataset/ship_fine/test/008.Ticonderoga-class_cruiser/P2611.bmp,4,008.Ticonderoga-class_cruiser,9,014.Wasp-class_assault_ship,0.373385
/mnt/e/aircas/dht/graduation/dataset/ship_fine/test/008.Ticonderoga-class_cruiser/P2653.bmp,4,008.Ticonderoga-class_cruiser,4,008.Ticonderoga-class_cruiser,0.812399
/mnt/e/aircas/dht/graduation/dataset/ship_fine/test/008.Ticonderoga-class_cruiser/P2656.bmp,4,008.Ticonderoga-class_cruiser,4,008.Ticonderoga-class_cruiser,0.707666
/mnt/e/aircas/dht/graduation/dataset/ship_fine/test/008.Ticonderoga-class_cruiser/P2679.bmp,4,008.Ticonderoga-class_cruiser,4,008.Ticonderoga-class_cruiser,0.906508
/mnt/e/aircas/dht/graduation/dataset/ship_fine/test/008.Ticonderoga-class_cruiser/P2687.bmp,4,008.Ticonderoga-class_cruiser,4,008.Ticonderoga-class_cruiser,0.927919
/mnt/e/aircas/dht/graduation/dataset/ship_fine/test/008.Ticonderoga-class_cruiser/P2738.bmp,4,008.Ticonderoga-class_cruiser,4,008.Ticonderoga-class_cruiser,0.794919
/mnt/e/aircas/dht/graduation/dataset/ship_fine/test/008.Ticonderoga-class_cruiser/P2828.bmp,4,008.Ticonderoga-class_cruiser,4,008.Ticonderoga-class_cruiser,0.927255
/mnt/e/aircas/dht/graduation/dataset/ship_fine/test/008.Ticonderoga-class_cruiser/P2839.bmp,4,008.Ticonderoga-class_cruiser,4,008.Ticonderoga-class_cruiser,0.949240
/mnt/e/aircas/dht/graduation/dataset/ship_fine/test/008.Ticonderoga-class_cruiser/P2879.bmp,4,008.Ticonderoga-class_cruiser,5,009.Arleigh_Burke-class_destroyer,0.387736
/mnt/e/aircas/dht/graduation/dataset/ship_fine/test/008.Ticonderoga-class_cruiser/P2897.bmp,4,008.Ticonderoga-class_cruiser,4,008.Ticonderoga-class_cruiser,0.453282
/mnt/e/aircas/dht/graduation/dataset/ship_fine/test/008.Ticonderoga-class_cruiser/P2942.bmp,4,008.Ticonderoga-class_cruiser,4,008.Ticonderoga-class_cruiser,0.992940
/mnt/e/aircas/dht/graduation/dataset/ship_fine/test/008.Ticonderoga-class_cruiser/P3134.bmp,4,008.Ticonderoga-class_cruiser,5,009.Arleigh_Burke-class_destroyer,0.496699
/mnt/e/aircas/dht/graduation/dataset/ship_fine/test/008.Ticonderoga-class_cruiser/P3405.bmp,4,008.Ticonderoga-class_cruiser,9,014.Wasp-class_assault_ship,0.998689
/mnt/e/aircas/dht/graduation/dataset/ship_fine/test/008.Ticonderoga-class_cruiser/P3435.bmp,4,008.Ticonderoga-class_cruiser,4,008.Ticonderoga-class_cruiser,0.992240
/mnt/e/aircas/dht/graduation/dataset/ship_fine/test/008.Ticonderoga-class_cruiser/P4194.bmp,4,008.Ticonderoga-class_cruiser,5,009.Arleigh_Burke-class_destroyer,0.725411
/mnt/e/aircas/dht/graduation/dataset/ship_fine/test/008.Ticonderoga-class_cruiser/P4248.bmp,4,008.Ticonderoga-class_cruiser,4,008.Ticonderoga-class_cruiser,0.509289
/mnt/e/aircas/dht/graduation/dataset/ship_fine/test/008.Ticonderoga-class_cruiser/P4336.bmp,4,008.Ticonderoga-class_cruiser,4,008.Ticonderoga-class_cruiser,0.523573
/mnt/e/aircas/dht/graduation/dataset/ship_fine/test/008.Ticonderoga-class_cruiser/P4363.bmp,4,008.Ticonderoga-class_cruiser,4,008.Ticonderoga-class_cruiser,0.795711
/mnt/e/aircas/dht/graduation/dataset/ship_fine/test/008.Ticonderoga-class_cruiser/P4391.bmp,4,008.Ticonderoga-class_cruiser,4,008.Ticonderoga-class_cruiser,0.978082
/mnt/e/aircas/dht/graduation/dataset/ship_fine/test/008.Ticonderoga-class_cruiser/P4717.bmp,4,008.Ticonderoga-class_cruiser,4,008.Ticonderoga-class_cruiser,0.934369
/mnt/e/aircas/dht/graduation/dataset/ship_fine/test/008.Ticonderoga-class_cruiser/P4719.bmp,4,008.Ticonderoga-class_cruiser,4,008.Ticonderoga-class_cruiser,0.864857
/mnt/e/aircas/dht/graduation/dataset/ship_fine/test/008.Ticonderoga-class_cruiser/P4939.bmp,4,008.Ticonderoga-class_cruiser,5,009.Arleigh_Burke-class_destroyer,0.533209
/mnt/e/aircas/dht/graduation/dataset/ship_fine/test/008.Ticonderoga-class_cruiser/P4974.bmp,4,008.Ticonderoga-class_cruiser,4,008.Ticonderoga-class_cruiser,0.975504
/mnt/e/aircas/dht/graduation/dataset/ship_fine/test/008.Ticonderoga-class_cruiser/P5943.bmp,4,008.Ticonderoga-class_cruiser,9,014.Wasp-class_assault_ship,0.991809
/mnt/e/aircas/dht/graduation/dataset/ship_fine/test/008.Ticonderoga-class_cruiser/P6386.bmp,4,008.Ticonderoga-class_cruiser,4,008.Ticonderoga-class_cruiser,0.995647
/mnt/e/aircas/dht/graduation/dataset/ship_fine/test/008.Ticonderoga-class_cruiser/P6395.bmp,4,008.Ticonderoga-class_cruiser,22,028.Container_ship,0.353111
/mnt/e/aircas/dht/graduation/dataset/ship_fine/test/008.Ticonderoga-class_cruiser/P6455.bmp,4,008.Ticonderoga-class_cruiser,4,008.Ticonderoga-class_cruiser,0.945089
/mnt/e/aircas/dht/graduation/dataset/ship_fine/test/008.Ticonderoga-class_cruiser/P6875.bmp,4,008.Ticonderoga-class_cruiser,4,008.Ticonderoga-class_cruiser,0.994957
/mnt/e/aircas/dht/graduation/dataset/ship_fine/test/008.Ticonderoga-class_cruiser/P6961.bmp,4,008.Ticonderoga-class_cruiser,4,008.Ticonderoga-class_cruiser,0.518918
/mnt/e/aircas/dht/graduation/dataset/ship_fine/test/008.Ticonderoga-class_cruiser/P6983.bmp,4,008.Ticonderoga-class_cruiser,5,009.Arleigh_Burke-class_destroyer,0.453516
/mnt/e/aircas/dht/graduation/dataset/ship_fine/test/008.Ticonderoga-class_cruiser/P7048.bmp,4,008.Ticonderoga-class_cruiser,4,008.Ticonderoga-class_cruiser,0.839389
/mnt/e/aircas/dht/graduation/dataset/ship_fine/test/008.Ticonderoga-class_cruiser/P7116.bmp,4,008.Ticonderoga-class_cruiser,4,008.Ticonderoga-class_cruiser,0.987845
/mnt/e/aircas/dht/graduation/dataset/ship_fine/test/008.Ticonderoga-class_cruiser/P7175.bmp,4,008.Ticonderoga-class_cruiser,4,008.Ticonderoga-class_cruiser,0.691654
/mnt/e/aircas/dht/graduation/dataset/ship_fine/test/009.Arleigh_Burke-class_destroyer/P0000.bmp,5,009.Arleigh_Burke-class_destroyer,9,014.Wasp-class_assault_ship,0.365961
/mnt/e/aircas/dht/graduation/dataset/ship_fine/test/009.Arleigh_Burke-class_destroyer/P0026.bmp,5,009.Arleigh_Burke-class_destroyer,5,009.Arleigh_Burke-class_destroyer,0.967554
/mnt/e/aircas/dht/graduation/dataset/ship_fine/test/009.Arleigh_Burke-class_destroyer/P0038.bmp,5,009.Arleigh_Burke-class_destroyer,5,009.Arleigh_Burke-class_destroyer,0.515955
/mnt/e/aircas/dht/graduation/dataset/ship_fine/test/009.Arleigh_Burke-class_destroyer/P0064.bmp,5,009.Arleigh_Burke-class_destroyer,5,009.Arleigh_Burke-class_destroyer,0.999057
/mnt/e/aircas/dht/graduation/dataset/ship_fine/test/009.Arleigh_Burke-class_destroyer/P0070.bmp,5,009.Arleigh_Burke-class_destroyer,5,009.Arleigh_Burke-class_destroyer,0.999941
/mnt/e/aircas/dht/graduation/dataset/ship_fine/test/009.Arleigh_Burke-class_destroyer/P0084.bmp,5,009.Arleigh_Burke-class_destroyer,5,009.Arleigh_Burke-class_destroyer,0.999670
/mnt/e/aircas/dht/graduation/dataset/ship_fine/test/009.Arleigh_Burke-class_destroyer/P0092.bmp,5,009.Arleigh_Burke-class_destroyer,5,009.Arleigh_Burke-class_destroyer,0.954095
/mnt/e/aircas/dht/graduation/dataset/ship_fine/test/009.Arleigh_Burke-class_destroyer/P0216.bmp,5,009.Arleigh_Burke-class_destroyer,5,009.Arleigh_Burke-class_destroyer,0.979874
/mnt/e/aircas/dht/graduation/dataset/ship_fine/test/009.Arleigh_Burke-class_destroyer/P0283.bmp,5,009.Arleigh_Burke-class_destroyer,9,014.Wasp-class_assault_ship,0.828381
/mnt/e/aircas/dht/graduation/dataset/ship_fine/test/009.Arleigh_Burke-class_destroyer/P0508.bmp,5,009.Arleigh_Burke-class_destroyer,5,009.Arleigh_Burke-class_destroyer,0.797406
/mnt/e/aircas/dht/graduation/dataset/ship_fine/test/009.Arleigh_Burke-class_destroyer/P0653.bmp,5,009.Arleigh_Burke-class_destroyer,4,008.Ticonderoga-class_cruiser,0.407134
/mnt/e/aircas/dht/graduation/dataset/ship_fine/test/009.Arleigh_Burke-class_destroyer/P0876.bmp,5,009.Arleigh_Burke-class_destroyer,12,018.Whitby_Island-class_dock_landing_ship,0.823372
/mnt/e/aircas/dht/graduation/dataset/ship_fine/test/009.Arleigh_Burke-class_destroyer/P0919.bmp,5,009.Arleigh_Burke-class_destroyer,5,009.Arleigh_Burke-class_destroyer,0.998526
/mnt/e/aircas/dht/graduation/dataset/ship_fine/test/009.Arleigh_Burke-class_destroyer/P0922.bmp,5,009.Arleigh_Burke-class_destroyer,5,009.Arleigh_Burke-class_destroyer,0.999441
/mnt/e/aircas/dht/graduation/dataset/ship_fine/test/009.Arleigh_Burke-class_destroyer/P0925.bmp,5,009.Arleigh_Burke-class_destroyer,9,014.Wasp-class_assault_ship,0.934968
/mnt/e/aircas/dht/graduation/dataset/ship_fine/test/009.Arleigh_Burke-class_destroyer/P0939.bmp,5,009.Arleigh_Burke-class_destroyer,5,009.Arleigh_Burke-class_destroyer,0.991531
/mnt/e/aircas/dht/graduation/dataset/ship_fine/test/009.Arleigh_Burke-class_destroyer/P1010.bmp,5,009.Arleigh_Burke-class_destroyer,5,009.Arleigh_Burke-class_destroyer,0.937917
/mnt/e/aircas/dht/graduation/dataset/ship_fine/test/009.Arleigh_Burke-class_destroyer/P1027.bmp,5,009.Arleigh_Burke-class_destroyer,5,009.Arleigh_Burke-class_destroyer,0.444209
/mnt/e/aircas/dht/graduation/dataset/ship_fine/test/009.Arleigh_Burke-class_destroyer/P1034.bmp,5,009.Arleigh_Burke-class_destroyer,5,009.Arleigh_Burke-class_destroyer,0.999136
/mnt/e/aircas/dht/graduation/dataset/ship_fine/test/009.Arleigh_Burke-class_destroyer/P1046.bmp,5,009.Arleigh_Burke-class_destroyer,5,009.Arleigh_Burke-class_destroyer,0.888825
/mnt/e/aircas/dht/graduation/dataset/ship_fine/test/009.Arleigh_Burke-class_destroyer/P1098.bmp,5,009.Arleigh_Burke-class_destroyer,24,030.Civil_yacht,0.926157
/mnt/e/aircas/dht/graduation/dataset/ship_fine/test/009.Arleigh_Burke-class_destroyer/P1185.bmp,5,009.Arleigh_Burke-class_destroyer,5,009.Arleigh_Burke-class_destroyer,0.999557
/mnt/e/aircas/dht/graduation/dataset/ship_fine/test/009.Arleigh_Burke-class_destroyer/P1377.bmp,5,009.Arleigh_Burke-class_destroyer,5,009.Arleigh_Burke-class_destroyer,0.999280
/mnt/e/aircas/dht/graduation/dataset/ship_fine/test/009.Arleigh_Burke-class_destroyer/P1445.bmp,5,009.Arleigh_Burke-class_destroyer,5,009.Arleigh_Burke-class_destroyer,0.935156
/mnt/e/aircas/dht/graduation/dataset/ship_fine/test/009.Arleigh_Burke-class_destroyer/P1577.bmp,5,009.Arleigh_Burke-class_destroyer,5,009.Arleigh_Burke-class_destroyer,0.984206
/mnt/e/aircas/dht/graduation/dataset/ship_fine/test/009.Arleigh_Burke-class_destroyer/P1651.bmp,5,009.Arleigh_Burke-class_destroyer,5,009.Arleigh_Burke-class_destroyer,0.960797
/mnt/e/aircas/dht/graduation/dataset/ship_fine/test/009.Arleigh_Burke-class_destroyer/P1710.bmp,5,009.Arleigh_Burke-class_destroyer,5,009.Arleigh_Burke-class_destroyer,0.518640
/mnt/e/aircas/dht/graduation/dataset/ship_fine/test/009.Arleigh_Burke-class_destroyer/P1767.bmp,5,009.Arleigh_Burke-class_destroyer,5,009.Arleigh_Burke-class_destroyer,0.808094
/mnt/e/aircas/dht/graduation/dataset/ship_fine/test/009.Arleigh_Burke-class_destroyer/P1844.bmp,5,009.Arleigh_Burke-class_destroyer,12,018.Whitby_Island-class_dock_landing_ship,0.999339
/mnt/e/aircas/dht/graduation/dataset/ship_fine/test/009.Arleigh_Burke-class_destroyer/P1868.bmp,5,009.Arleigh_Burke-class_destroyer,5,009.Arleigh_Burke-class_destroyer,0.388055
/mnt/e/aircas/dht/graduation/dataset/ship_fine/test/009.Arleigh_Burke-class_destroyer/P1932.bmp,5,009.Arleigh_Burke-class_destroyer,5,009.Arleigh_Burke-class_destroyer,0.661740
/mnt/e/aircas/dht/graduation/dataset/ship_fine/test/009.Arleigh_Burke-class_destroyer/P1949.bmp,5,009.Arleigh_Burke-class_destroyer,5,009.Arleigh_Burke-class_destroyer,0.814596
/mnt/e/aircas/dht/graduation/dataset/ship_fine/test/009.Arleigh_Burke-class_destroyer/P2056.bmp,5,009.Arleigh_Burke-class_destroyer,5,009.Arleigh_Burke-class_destroyer,0.829614
/mnt/e/aircas/dht/graduation/dataset/ship_fine/test/009.Arleigh_Burke-class_destroyer/P2095.bmp,5,009.Arleigh_Burke-class_destroyer,5,009.Arleigh_Burke-class_destroyer,0.979380
/mnt/e/aircas/dht/graduation/dataset/ship_fine/test/009.Arleigh_Burke-class_destroyer/P2384.bmp,5,009.Arleigh_Burke-class_destroyer,5,009.Arleigh_Burke-class_destroyer,0.999974
/mnt/e/aircas/dht/graduation/dataset/ship_fine/test/009.Arleigh_Burke-class_destroyer/P2426.bmp,5,009.Arleigh_Burke-class_destroyer,5,009.Arleigh_Burke-class_destroyer,0.968908
/mnt/e/aircas/dht/graduation/dataset/ship_fine/test/009.Arleigh_Burke-class_destroyer/P2682.bmp,5,009.Arleigh_Burke-class_destroyer,5,009.Arleigh_Burke-class_destroyer,0.997169
/mnt/e/aircas/dht/graduation/dataset/ship_fine/test/009.Arleigh_Burke-class_destroyer/P2739.bmp,5,009.Arleigh_Burke-class_destroyer,5,009.Arleigh_Burke-class_destroyer,0.999644
/mnt/e/aircas/dht/graduation/dataset/ship_fine/test/009.Arleigh_Burke-class_destroyer/P2747.bmp,5,009.Arleigh_Burke-class_destroyer,5,009.Arleigh_Burke-class_destroyer,0.999410
/mnt/e/aircas/dht/graduation/dataset/ship_fine/test/009.Arleigh_Burke-class_destroyer/P2759.bmp,5,009.Arleigh_Burke-class_destroyer,5,009.Arleigh_Burke-class_destroyer,0.984882
/mnt/e/aircas/dht/graduation/dataset/ship_fine/test/009.Arleigh_Burke-class_destroyer/P2770.bmp,5,009.Arleigh_Burke-class_destroyer,5,009.Arleigh_Burke-class_destroyer,0.996780
/mnt/e/aircas/dht/graduation/dataset/ship_fine/test/009.Arleigh_Burke-class_destroyer/P2867.bmp,5,009.Arleigh_Burke-class_destroyer,5,009.Arleigh_Burke-class_destroyer,0.744425
/mnt/e/aircas/dht/graduation/dataset/ship_fine/test/009.Arleigh_Burke-class_destroyer/P2946.bmp,5,009.Arleigh_Burke-class_destroyer,4,008.Ticonderoga-class_cruiser,0.835438
/mnt/e/aircas/dht/graduation/dataset/ship_fine/test/009.Arleigh_Burke-class_destroyer/P3123.bmp,5,009.Arleigh_Burke-class_destroyer,5,009.Arleigh_Burke-class_destroyer,0.995364
/mnt/e/aircas/dht/graduation/dataset/ship_fine/test/009.Arleigh_Burke-class_destroyer/P3183.bmp,5,009.Arleigh_Burke-class_destroyer,5,009.Arleigh_Burke-class_destroyer,0.978615
/mnt/e/aircas/dht/graduation/dataset/ship_fine/test/009.Arleigh_Burke-class_destroyer/P3664.bmp,5,009.Arleigh_Burke-class_destroyer,5,009.Arleigh_Burke-class_destroyer,0.980173
/mnt/e/aircas/dht/graduation/dataset/ship_fine/test/009.Arleigh_Burke-class_destroyer/P3680.bmp,5,009.Arleigh_Burke-class_destroyer,5,009.Arleigh_Burke-class_destroyer,0.772461
/mnt/e/aircas/dht/graduation/dataset/ship_fine/test/009.Arleigh_Burke-class_destroyer/P3703.bmp,5,009.Arleigh_Burke-class_destroyer,5,009.Arleigh_Burke-class_destroyer,0.999981
/mnt/e/aircas/dht/graduation/dataset/ship_fine/test/009.Arleigh_Burke-class_destroyer/P3731.bmp,5,009.Arleigh_Burke-class_destroyer,17,023.Crane_ship,0.866504
/mnt/e/aircas/dht/graduation/dataset/ship_fine/test/009.Arleigh_Burke-class_destroyer/P3772.bmp,5,009.Arleigh_Burke-class_destroyer,4,008.Ticonderoga-class_cruiser,0.534351
/mnt/e/aircas/dht/graduation/dataset/ship_fine/test/009.Arleigh_Burke-class_destroyer/P3809.bmp,5,009.Arleigh_Burke-class_destroyer,5,009.Arleigh_Burke-class_destroyer,0.987329
/mnt/e/aircas/dht/graduation/dataset/ship_fine/test/009.Arleigh_Burke-class_destroyer/P3850.bmp,5,009.Arleigh_Burke-class_destroyer,5,009.Arleigh_Burke-class_destroyer,0.994668
/mnt/e/aircas/dht/graduation/dataset/ship_fine/test/009.Arleigh_Burke-class_destroyer/P4063.bmp,5,009.Arleigh_Burke-class_destroyer,5,009.Arleigh_Burke-class_destroyer,0.989448
/mnt/e/aircas/dht/graduation/dataset/ship_fine/test/009.Arleigh_Burke-class_destroyer/P4122.bmp,5,009.Arleigh_Burke-class_destroyer,5,009.Arleigh_Burke-class_destroyer,0.961661
/mnt/e/aircas/dht/graduation/dataset/ship_fine/test/009.Arleigh_Burke-class_destroyer/P4141.bmp,5,009.Arleigh_Burke-class_destroyer,12,018.Whitby_Island-class_dock_landing_ship,0.998880
/mnt/e/aircas/dht/graduation/dataset/ship_fine/test/009.Arleigh_Burke-class_destroyer/P4205.bmp,5,009.Arleigh_Burke-class_destroyer,5,009.Arleigh_Burke-class_destroyer,0.999068
/mnt/e/aircas/dht/graduation/dataset/ship_fine/test/009.Arleigh_Burke-class_destroyer/P4335.bmp,5,009.Arleigh_Burke-class_destroyer,5,009.Arleigh_Burke-class_destroyer,0.997152
/mnt/e/aircas/dht/graduation/dataset/ship_fine/test/009.Arleigh_Burke-class_destroyer/P4448.bmp,5,009.Arleigh_Burke-class_destroyer,5,009.Arleigh_Burke-class_destroyer,0.987017
/mnt/e/aircas/dht/graduation/dataset/ship_fine/test/011.Asagiri-class_destroyer/P0231.bmp,6,011.Asagiri-class_destroyer,21,027.Murasame-class_destroyer,0.417726
/mnt/e/aircas/dht/graduation/dataset/ship_fine/test/011.Asagiri-class_destroyer/P0339.bmp,6,011.Asagiri-class_destroyer,21,027.Murasame-class_destroyer,0.766982
/mnt/e/aircas/dht/graduation/dataset/ship_fine/test/011.Asagiri-class_destroyer/P2298.bmp,6,011.Asagiri-class_destroyer,9,014.Wasp-class_assault_ship,0.998951
/mnt/e/aircas/dht/graduation/dataset/ship_fine/test/011.Asagiri-class_destroyer/P4082.bmp,6,011.Asagiri-class_destroyer,4,008.Ticonderoga-class_cruiser,0.627109
/mnt/e/aircas/dht/graduation/dataset/ship_fine/test/011.Asagiri-class_destroyer/P6088.bmp,6,011.Asagiri-class_destroyer,24,030.Civil_yacht,0.484732
/mnt/e/aircas/dht/graduation/dataset/ship_fine/test/011.Asagiri-class_destroyer/P6146.bmp,6,011.Asagiri-class_destroyer,9,014.Wasp-class_assault_ship,0.378135
/mnt/e/aircas/dht/graduation/dataset/ship_fine/test/011.Asagiri-class_destroyer/P9283.bmp,6,011.Asagiri-class_destroyer,4,008.Ticonderoga-class_cruiser,0.959635
/mnt/e/aircas/dht/graduation/dataset/ship_fine/test/012.Kidd-class_destroyer/P2959.bmp,7,012.Kidd-class_destroyer,12,018.Whitby_Island-class_dock_landing_ship,0.878824
/mnt/e/aircas/dht/graduation/dataset/ship_fine/test/012.Kidd-class_destroyer/P3919.bmp,7,012.Kidd-class_destroyer,5,009.Arleigh_Burke-class_destroyer,0.643856
/mnt/e/aircas/dht/graduation/dataset/ship_fine/test/012.Kidd-class_destroyer/P4132.bmp,7,012.Kidd-class_destroyer,7,012.Kidd-class_destroyer,0.999638
/mnt/e/aircas/dht/graduation/dataset/ship_fine/test/012.Kidd-class_destroyer/P4203.bmp,7,012.Kidd-class_destroyer,7,012.Kidd-class_destroyer,0.902392
/mnt/e/aircas/dht/graduation/dataset/ship_fine/test/012.Kidd-class_destroyer/P4750.bmp,7,012.Kidd-class_destroyer,1,002.KittyHawk-class_aircraft_carrier,0.295457
/mnt/e/aircas/dht/graduation/dataset/ship_fine/test/012.Kidd-class_destroyer/P5322.bmp,7,012.Kidd-class_destroyer,7,012.Kidd-class_destroyer,0.999277
/mnt/e/aircas/dht/graduation/dataset/ship_fine/test/013.Type_45_destroyer/P1911.bmp,8,013.Type_45_destroyer,8,013.Type_45_destroyer,0.911646
/mnt/e/aircas/dht/graduation/dataset/ship_fine/test/013.Type_45_destroyer/P2066.bmp,8,013.Type_45_destroyer,9,014.Wasp-class_assault_ship,0.848845
/mnt/e/aircas/dht/graduation/dataset/ship_fine/test/013.Type_45_destroyer/P2887.bmp,8,013.Type_45_destroyer,9,014.Wasp-class_assault_ship,0.638209
/mnt/e/aircas/dht/graduation/dataset/ship_fine/test/013.Type_45_destroyer/P4157.bmp,8,013.Type_45_destroyer,8,013.Type_45_destroyer,0.999196
/mnt/e/aircas/dht/graduation/dataset/ship_fine/test/013.Type_45_destroyer/P5831.bmp,8,013.Type_45_destroyer,8,013.Type_45_destroyer,0.557889
/mnt/e/aircas/dht/graduation/dataset/ship_fine/test/013.Type_45_destroyer/P6278.bmp,8,013.Type_45_destroyer,8,013.Type_45_destroyer,0.999980
/mnt/e/aircas/dht/graduation/dataset/ship_fine/test/013.Type_45_destroyer/P6745.bmp,8,013.Type_45_destroyer,8,013.Type_45_destroyer,0.927339
/mnt/e/aircas/dht/graduation/dataset/ship_fine/test/013.Type_45_destroyer/P7095.bmp,8,013.Type_45_destroyer,9,014.Wasp-class_assault_ship,0.513499
/mnt/e/aircas/dht/graduation/dataset/ship_fine/test/013.Type_45_destroyer/P7167.bmp,8,013.Type_45_destroyer,9,014.Wasp-class_assault_ship,0.776127
/mnt/e/aircas/dht/graduation/dataset/ship_fine/test/013.Type_45_destroyer/P7467.bmp,8,013.Type_45_destroyer,8,013.Type_45_destroyer,0.997539
/mnt/e/aircas/dht/graduation/dataset/ship_fine/test/013.Type_45_destroyer/P7495.bmp,8,013.Type_45_destroyer,8,013.Type_45_destroyer,0.935537
/mnt/e/aircas/dht/graduation/dataset/ship_fine/test/013.Type_45_destroyer/P7537.bmp,8,013.Type_45_destroyer,9,014.Wasp-class_assault_ship,0.677721
/mnt/e/aircas/dht/graduation/dataset/ship_fine/test/013.Type_45_destroyer/P7940.bmp,8,013.Type_45_destroyer,8,013.Type_45_destroyer,0.980181
/mnt/e/aircas/dht/graduation/dataset/ship_fine/test/013.Type_45_destroyer/P9202.bmp,8,013.Type_45_destroyer,9,014.Wasp-class_assault_ship,0.994110
/mnt/e/aircas/dht/graduation/dataset/ship_fine/test/013.Type_45_destroyer/P9815.bmp,8,013.Type_45_destroyer,9,014.Wasp-class_assault_ship,0.968994
/mnt/e/aircas/dht/graduation/dataset/ship_fine/test/014.Wasp-class_assault_ship/P0129.bmp,9,014.Wasp-class_assault_ship,9,014.Wasp-class_assault_ship,0.999954
/mnt/e/aircas/dht/graduation/dataset/ship_fine/test/014.Wasp-class_assault_ship/P0242.bmp,9,014.Wasp-class_assault_ship,9,014.Wasp-class_assault_ship,0.999960
/mnt/e/aircas/dht/graduation/dataset/ship_fine/test/014.Wasp-class_assault_ship/P0462.bmp,9,014.Wasp-class_assault_ship,9,014.Wasp-class_assault_ship,0.987152
/mnt/e/aircas/dht/graduation/dataset/ship_fine/test/014.Wasp-class_assault_ship/P0594.bmp,9,014.Wasp-class_assault_ship,9,014.Wasp-class_assault_ship,0.999729
/mnt/e/aircas/dht/graduation/dataset/ship_fine/test/014.Wasp-class_assault_ship/P0658.bmp,9,014.Wasp-class_assault_ship,5,009.Arleigh_Burke-class_destroyer,0.586949
/mnt/e/aircas/dht/graduation/dataset/ship_fine/test/014.Wasp-class_assault_ship/P0969.bmp,9,014.Wasp-class_assault_ship,9,014.Wasp-class_assault_ship,0.625777
/mnt/e/aircas/dht/graduation/dataset/ship_fine/test/014.Wasp-class_assault_ship/P1080.bmp,9,014.Wasp-class_assault_ship,9,014.Wasp-class_assault_ship,0.997274
/mnt/e/aircas/dht/graduation/dataset/ship_fine/test/014.Wasp-class_assault_ship/P1529.bmp,9,014.Wasp-class_assault_ship,9,014.Wasp-class_assault_ship,0.999600
/mnt/e/aircas/dht/graduation/dataset/ship_fine/test/014.Wasp-class_assault_ship/P1740.bmp,9,014.Wasp-class_assault_ship,9,014.Wasp-class_assault_ship,0.999922
/mnt/e/aircas/dht/graduation/dataset/ship_fine/test/014.Wasp-class_assault_ship/P1773.bmp,9,014.Wasp-class_assault_ship,9,014.Wasp-class_assault_ship,0.999896
/mnt/e/aircas/dht/graduation/dataset/ship_fine/test/014.Wasp-class_assault_ship/P2330.bmp,9,014.Wasp-class_assault_ship,0,001.Nimitz-class_aircraft_carrier,0.544762
/mnt/e/aircas/dht/graduation/dataset/ship_fine/test/014.Wasp-class_assault_ship/P2366.bmp,9,014.Wasp-class_assault_ship,2,003.Midway-class_aircraft_carrier,0.595751
/mnt/e/aircas/dht/graduation/dataset/ship_fine/test/014.Wasp-class_assault_ship/P2457.bmp,9,014.Wasp-class_assault_ship,9,014.Wasp-class_assault_ship,0.999317
/mnt/e/aircas/dht/graduation/dataset/ship_fine/test/014.Wasp-class_assault_ship/P2676.bmp,9,014.Wasp-class_assault_ship,9,014.Wasp-class_assault_ship,0.994389
/mnt/e/aircas/dht/graduation/dataset/ship_fine/test/014.Wasp-class_assault_ship/P2874.bmp,9,014.Wasp-class_assault_ship,9,014.Wasp-class_assault_ship,0.950451
/mnt/e/aircas/dht/graduation/dataset/ship_fine/test/014.Wasp-class_assault_ship/P3485.bmp,9,014.Wasp-class_assault_ship,9,014.Wasp-class_assault_ship,0.837170
/mnt/e/aircas/dht/graduation/dataset/ship_fine/test/014.Wasp-class_assault_ship/P4057.bmp,9,014.Wasp-class_assault_ship,9,014.Wasp-class_assault_ship,0.797547
/mnt/e/aircas/dht/graduation/dataset/ship_fine/test/014.Wasp-class_assault_ship/P4358.bmp,9,014.Wasp-class_assault_ship,9,014.Wasp-class_assault_ship,0.999742
/mnt/e/aircas/dht/graduation/dataset/ship_fine/test/014.Wasp-class_assault_ship/P4371.bmp,9,014.Wasp-class_assault_ship,9,014.Wasp-class_assault_ship,0.867943
/mnt/e/aircas/dht/graduation/dataset/ship_fine/test/014.Wasp-class_assault_ship/P4735.bmp,9,014.Wasp-class_assault_ship,9,014.Wasp-class_assault_ship,0.999630
/mnt/e/aircas/dht/graduation/dataset/ship_fine/test/014.Wasp-class_assault_ship/P5274.bmp,9,014.Wasp-class_assault_ship,9,014.Wasp-class_assault_ship,0.997734
/mnt/e/aircas/dht/graduation/dataset/ship_fine/test/014.Wasp-class_assault_ship/P5350.bmp,9,014.Wasp-class_assault_ship,9,014.Wasp-class_assault_ship,0.998061
/mnt/e/aircas/dht/graduation/dataset/ship_fine/test/014.Wasp-class_assault_ship/P5602.bmp,9,014.Wasp-class_assault_ship,4,008.Ticonderoga-class_cruiser,0.669505
/mnt/e/aircas/dht/graduation/dataset/ship_fine/test/014.Wasp-class_assault_ship/P5605.bmp,9,014.Wasp-class_assault_ship,9,014.Wasp-class_assault_ship,0.483569
/mnt/e/aircas/dht/graduation/dataset/ship_fine/test/014.Wasp-class_assault_ship/P5727.bmp,9,014.Wasp-class_assault_ship,4,008.Ticonderoga-class_cruiser,0.531200
/mnt/e/aircas/dht/graduation/dataset/ship_fine/test/014.Wasp-class_assault_ship/P5871.bmp,9,014.Wasp-class_assault_ship,9,014.Wasp-class_assault_ship,0.999826
/mnt/e/aircas/dht/graduation/dataset/ship_fine/test/014.Wasp-class_assault_ship/P6111.bmp,9,014.Wasp-class_assault_ship,9,014.Wasp-class_assault_ship,0.999881
/mnt/e/aircas/dht/graduation/dataset/ship_fine/test/014.Wasp-class_assault_ship/P6361.bmp,9,014.Wasp-class_assault_ship,5,009.Arleigh_Burke-class_destroyer,0.746864
/mnt/e/aircas/dht/graduation/dataset/ship_fine/test/014.Wasp-class_assault_ship/P6580.bmp,9,014.Wasp-class_assault_ship,9,014.Wasp-class_assault_ship,0.991143
/mnt/e/aircas/dht/graduation/dataset/ship_fine/test/014.Wasp-class_assault_ship/P6636.bmp,9,014.Wasp-class_assault_ship,9,014.Wasp-class_assault_ship,0.874689
/mnt/e/aircas/dht/graduation/dataset/ship_fine/test/014.Wasp-class_assault_ship/P6809.bmp,9,014.Wasp-class_assault_ship,9,014.Wasp-class_assault_ship,0.631101
/mnt/e/aircas/dht/graduation/dataset/ship_fine/test/014.Wasp-class_assault_ship/P6974.bmp,9,014.Wasp-class_assault_ship,9,014.Wasp-class_assault_ship,0.941234
/mnt/e/aircas/dht/graduation/dataset/ship_fine/test/014.Wasp-class_assault_ship/P6999.bmp,9,014.Wasp-class_assault_ship,9,014.Wasp-class_assault_ship,0.974825
/mnt/e/aircas/dht/graduation/dataset/ship_fine/test/014.Wasp-class_assault_ship/P7229.bmp,9,014.Wasp-class_assault_ship,9,014.Wasp-class_assault_ship,0.999693
/mnt/e/aircas/dht/graduation/dataset/ship_fine/test/014.Wasp-class_assault_ship/P7377.bmp,9,014.Wasp-class_assault_ship,9,014.Wasp-class_assault_ship,0.998514
/mnt/e/aircas/dht/graduation/dataset/ship_fine/test/014.Wasp-class_assault_ship/P7394.bmp,9,014.Wasp-class_assault_ship,9,014.Wasp-class_assault_ship,0.999973
/mnt/e/aircas/dht/graduation/dataset/ship_fine/test/014.Wasp-class_assault_ship/P7426.bmp,9,014.Wasp-class_assault_ship,9,014.Wasp-class_assault_ship,0.980812
/mnt/e/aircas/dht/graduation/dataset/ship_fine/test/014.Wasp-class_assault_ship/P7959.bmp,9,014.Wasp-class_assault_ship,9,014.Wasp-class_assault_ship,0.999835
/mnt/e/aircas/dht/graduation/dataset/ship_fine/test/014.Wasp-class_assault_ship/P8104.bmp,9,014.Wasp-class_assault_ship,9,014.Wasp-class_assault_ship,0.998960
/mnt/e/aircas/dht/graduation/dataset/ship_fine/test/014.Wasp-class_assault_ship/P8835.bmp,9,014.Wasp-class_assault_ship,9,014.Wasp-class_assault_ship,0.971646
/mnt/e/aircas/dht/graduation/dataset/ship_fine/test/014.Wasp-class_assault_ship/P8933.bmp,9,014.Wasp-class_assault_ship,9,014.Wasp-class_assault_ship,0.968306
/mnt/e/aircas/dht/graduation/dataset/ship_fine/test/014.Wasp-class_assault_ship/P9115.bmp,9,014.Wasp-class_assault_ship,9,014.Wasp-class_assault_ship,0.999448
/mnt/e/aircas/dht/graduation/dataset/ship_fine/test/014.Wasp-class_assault_ship/P9143.bmp,9,014.Wasp-class_assault_ship,9,014.Wasp-class_assault_ship,0.997617
/mnt/e/aircas/dht/graduation/dataset/ship_fine/test/014.Wasp-class_assault_ship/P9294.bmp,9,014.Wasp-class_assault_ship,9,014.Wasp-class_assault_ship,0.962020
/mnt/e/aircas/dht/graduation/dataset/ship_fine/test/014.Wasp-class_assault_ship/P9532.bmp,9,014.Wasp-class_assault_ship,9,014.Wasp-class_assault_ship,0.999811
/mnt/e/aircas/dht/graduation/dataset/ship_fine/test/015.Osumi-class_landing_ship/P0141.bmp,10,015.Osumi-class_landing_ship,9,014.Wasp-class_assault_ship,0.628668
/mnt/e/aircas/dht/graduation/dataset/ship_fine/test/015.Osumi-class_landing_ship/P1177.bmp,10,015.Osumi-class_landing_ship,10,015.Osumi-class_landing_ship,0.999685
/mnt/e/aircas/dht/graduation/dataset/ship_fine/test/015.Osumi-class_landing_ship/P2488.bmp,10,015.Osumi-class_landing_ship,1,002.KittyHawk-class_aircraft_carrier,0.632384
/mnt/e/aircas/dht/graduation/dataset/ship_fine/test/015.Osumi-class_landing_ship/P3875.bmp,10,015.Osumi-class_landing_ship,10,015.Osumi-class_landing_ship,0.992049
/mnt/e/aircas/dht/graduation/dataset/ship_fine/test/015.Osumi-class_landing_ship/P4930.bmp,10,015.Osumi-class_landing_ship,10,015.Osumi-class_landing_ship,0.963207
/mnt/e/aircas/dht/graduation/dataset/ship_fine/test/015.Osumi-class_landing_ship/P6157.bmp,10,015.Osumi-class_landing_ship,24,030.Civil_yacht,0.940894
/mnt/e/aircas/dht/graduation/dataset/ship_fine/test/015.Osumi-class_landing_ship/P6838.bmp,10,015.Osumi-class_landing_ship,10,015.Osumi-class_landing_ship,0.582479
/mnt/e/aircas/dht/graduation/dataset/ship_fine/test/015.Osumi-class_landing_ship/P8869.bmp,10,015.Osumi-class_landing_ship,10,015.Osumi-class_landing_ship,0.990452
/mnt/e/aircas/dht/graduation/dataset/ship_fine/test/015.Osumi-class_landing_ship/P9218.bmp,10,015.Osumi-class_landing_ship,10,015.Osumi-class_landing_ship,0.816166
/mnt/e/aircas/dht/graduation/dataset/ship_fine/test/015.Osumi-class_landing_ship/P9583.bmp,10,015.Osumi-class_landing_ship,10,015.Osumi-class_landing_ship,0.819941
/mnt/e/aircas/dht/graduation/dataset/ship_fine/test/015.Osumi-class_landing_ship/P9797.bmp,10,015.Osumi-class_landing_ship,10,015.Osumi-class_landing_ship,0.999616
/mnt/e/aircas/dht/graduation/dataset/ship_fine/test/017.Lzumo-class_helicopter_destroyer/P1737.bmp,11,017.Lzumo-class_helicopter_destroyer,11,017.Lzumo-class_helicopter_destroyer,0.996554
/mnt/e/aircas/dht/graduation/dataset/ship_fine/test/017.Lzumo-class_helicopter_destroyer/P4147.bmp,11,017.Lzumo-class_helicopter_destroyer,21,027.Murasame-class_destroyer,0.597282
/mnt/e/aircas/dht/graduation/dataset/ship_fine/test/017.Lzumo-class_helicopter_destroyer/P6956.bmp,11,017.Lzumo-class_helicopter_destroyer,11,017.Lzumo-class_helicopter_destroyer,0.998017
/mnt/e/aircas/dht/graduation/dataset/ship_fine/test/017.Lzumo-class_helicopter_destroyer/P7519.bmp,11,017.Lzumo-class_helicopter_destroyer,5,009.Arleigh_Burke-class_destroyer,0.385956
/mnt/e/aircas/dht/graduation/dataset/ship_fine/test/017.Lzumo-class_helicopter_destroyer/P9101.bmp,11,017.Lzumo-class_helicopter_destroyer,11,017.Lzumo-class_helicopter_destroyer,0.994983
/mnt/e/aircas/dht/graduation/dataset/ship_fine/test/017.Lzumo-class_helicopter_destroyer/P9123.bmp,11,017.Lzumo-class_helicopter_destroyer,11,017.Lzumo-class_helicopter_destroyer,0.999585
/mnt/e/aircas/dht/graduation/dataset/ship_fine/test/018.Whitby_Island-class_dock_landing_ship/P0355.bmp,12,018.Whitby_Island-class_dock_landing_ship,12,018.Whitby_Island-class_dock_landing_ship,0.999565
/mnt/e/aircas/dht/graduation/dataset/ship_fine/test/018.Whitby_Island-class_dock_landing_ship/P0540.bmp,12,018.Whitby_Island-class_dock_landing_ship,3,004.Kuznetsov-class_aircraft_carrier,0.952695
/mnt/e/aircas/dht/graduation/dataset/ship_fine/test/018.Whitby_Island-class_dock_landing_ship/P1034.bmp,12,018.Whitby_Island-class_dock_landing_ship,12,018.Whitby_Island-class_dock_landing_ship,0.998642
/mnt/e/aircas/dht/graduation/dataset/ship_fine/test/018.Whitby_Island-class_dock_landing_ship/P1599.bmp,12,018.Whitby_Island-class_dock_landing_ship,12,018.Whitby_Island-class_dock_landing_ship,0.726224
/mnt/e/aircas/dht/graduation/dataset/ship_fine/test/018.Whitby_Island-class_dock_landing_ship/P2090.bmp,12,018.Whitby_Island-class_dock_landing_ship,5,009.Arleigh_Burke-class_destroyer,0.739395
/mnt/e/aircas/dht/graduation/dataset/ship_fine/test/018.Whitby_Island-class_dock_landing_ship/P2120.bmp,12,018.Whitby_Island-class_dock_landing_ship,12,018.Whitby_Island-class_dock_landing_ship,0.853871
/mnt/e/aircas/dht/graduation/dataset/ship_fine/test/018.Whitby_Island-class_dock_landing_ship/P2274.bmp,12,018.Whitby_Island-class_dock_landing_ship,12,018.Whitby_Island-class_dock_landing_ship,0.875391
/mnt/e/aircas/dht/graduation/dataset/ship_fine/test/018.Whitby_Island-class_dock_landing_ship/P2301.bmp,12,018.Whitby_Island-class_dock_landing_ship,12,018.Whitby_Island-class_dock_landing_ship,0.984001
/mnt/e/aircas/dht/graduation/dataset/ship_fine/test/018.Whitby_Island-class_dock_landing_ship/P2625.bmp,12,018.Whitby_Island-class_dock_landing_ship,12,018.Whitby_Island-class_dock_landing_ship,0.987471
/mnt/e/aircas/dht/graduation/dataset/ship_fine/test/018.Whitby_Island-class_dock_landing_ship/P3382.bmp,12,018.Whitby_Island-class_dock_landing_ship,24,030.Civil_yacht,0.943144
/mnt/e/aircas/dht/graduation/dataset/ship_fine/test/018.Whitby_Island-class_dock_landing_ship/P3533.bmp,12,018.Whitby_Island-class_dock_landing_ship,9,014.Wasp-class_assault_ship,0.998581
/mnt/e/aircas/dht/graduation/dataset/ship_fine/test/018.Whitby_Island-class_dock_landing_ship/P3571.bmp,12,018.Whitby_Island-class_dock_landing_ship,12,018.Whitby_Island-class_dock_landing_ship,0.518306
/mnt/e/aircas/dht/graduation/dataset/ship_fine/test/018.Whitby_Island-class_dock_landing_ship/P4049.bmp,12,018.Whitby_Island-class_dock_landing_ship,9,014.Wasp-class_assault_ship,0.967573
/mnt/e/aircas/dht/graduation/dataset/ship_fine/test/018.Whitby_Island-class_dock_landing_ship/P4562.bmp,12,018.Whitby_Island-class_dock_landing_ship,12,018.Whitby_Island-class_dock_landing_ship,0.913731
/mnt/e/aircas/dht/graduation/dataset/ship_fine/test/018.Whitby_Island-class_dock_landing_ship/P4759.bmp,12,018.Whitby_Island-class_dock_landing_ship,12,018.Whitby_Island-class_dock_landing_ship,0.762474
/mnt/e/aircas/dht/graduation/dataset/ship_fine/test/018.Whitby_Island-class_dock_landing_ship/P5530.bmp,12,018.Whitby_Island-class_dock_landing_ship,12,018.Whitby_Island-class_dock_landing_ship,0.995245
/mnt/e/aircas/dht/graduation/dataset/ship_fine/test/018.Whitby_Island-class_dock_landing_ship/P5565.bmp,12,018.Whitby_Island-class_dock_landing_ship,12,018.Whitby_Island-class_dock_landing_ship,0.878714
/mnt/e/aircas/dht/graduation/dataset/ship_fine/test/018.Whitby_Island-class_dock_landing_ship/P5847.bmp,12,018.Whitby_Island-class_dock_landing_ship,9,014.Wasp-class_assault_ship,0.993084
/mnt/e/aircas/dht/graduation/dataset/ship_fine/test/018.Whitby_Island-class_dock_landing_ship/P6027.bmp,12,018.Whitby_Island-class_dock_landing_ship,24,030.Civil_yacht,0.653616
/mnt/e/aircas/dht/graduation/dataset/ship_fine/test/018.Whitby_Island-class_dock_landing_ship/P6885.bmp,12,018.Whitby_Island-class_dock_landing_ship,9,014.Wasp-class_assault_ship,0.984023
/mnt/e/aircas/dht/graduation/dataset/ship_fine/test/018.Whitby_Island-class_dock_landing_ship/P7152.bmp,12,018.Whitby_Island-class_dock_landing_ship,12,018.Whitby_Island-class_dock_landing_ship,0.995192
/mnt/e/aircas/dht/graduation/dataset/ship_fine/test/018.Whitby_Island-class_dock_landing_ship/P7258.bmp,12,018.Whitby_Island-class_dock_landing_ship,12,018.Whitby_Island-class_dock_landing_ship,0.736504
/mnt/e/aircas/dht/graduation/dataset/ship_fine/test/018.Whitby_Island-class_dock_landing_ship/P7273.bmp,12,018.Whitby_Island-class_dock_landing_ship,9,014.Wasp-class_assault_ship,0.966641
/mnt/e/aircas/dht/graduation/dataset/ship_fine/test/018.Whitby_Island-class_dock_landing_ship/P7415.bmp,12,018.Whitby_Island-class_dock_landing_ship,9,014.Wasp-class_assault_ship,0.439254
/mnt/e/aircas/dht/graduation/dataset/ship_fine/test/018.Whitby_Island-class_dock_landing_ship/P8011.bmp,12,018.Whitby_Island-class_dock_landing_ship,9,014.Wasp-class_assault_ship,0.902162
/mnt/e/aircas/dht/graduation/dataset/ship_fine/test/018.Whitby_Island-class_dock_landing_ship/P8923.bmp,12,018.Whitby_Island-class_dock_landing_ship,9,014.Wasp-class_assault_ship,0.979300
/mnt/e/aircas/dht/graduation/dataset/ship_fine/test/018.Whitby_Island-class_dock_landing_ship/P9742.bmp,12,018.Whitby_Island-class_dock_landing_ship,4,008.Ticonderoga-class_cruiser,0.566470
/mnt/e/aircas/dht/graduation/dataset/ship_fine/test/019.San_Antonio-class_transport_dock/P0081.bmp,13,019.San_Antonio-class_transport_dock,9,014.Wasp-class_assault_ship,0.943479
/mnt/e/aircas/dht/graduation/dataset/ship_fine/test/019.San_Antonio-class_transport_dock/P0357.bmp,13,019.San_Antonio-class_transport_dock,13,019.San_Antonio-class_transport_dock,0.449474
/mnt/e/aircas/dht/graduation/dataset/ship_fine/test/019.San_Antonio-class_transport_dock/P0450.bmp,13,019.San_Antonio-class_transport_dock,13,019.San_Antonio-class_transport_dock,0.999197
/mnt/e/aircas/dht/graduation/dataset/ship_fine/test/019.San_Antonio-class_transport_dock/P1049.bmp,13,019.San_Antonio-class_transport_dock,13,019.San_Antonio-class_transport_dock,0.549973
/mnt/e/aircas/dht/graduation/dataset/ship_fine/test/019.San_Antonio-class_transport_dock/P1053.bmp,13,019.San_Antonio-class_transport_dock,13,019.San_Antonio-class_transport_dock,0.963882
/mnt/e/aircas/dht/graduation/dataset/ship_fine/test/019.San_Antonio-class_transport_dock/P1437.bmp,13,019.San_Antonio-class_transport_dock,4,008.Ticonderoga-class_cruiser,0.522259
/mnt/e/aircas/dht/graduation/dataset/ship_fine/test/019.San_Antonio-class_transport_dock/P1624.bmp,13,019.San_Antonio-class_transport_dock,9,014.Wasp-class_assault_ship,0.984890
/mnt/e/aircas/dht/graduation/dataset/ship_fine/test/019.San_Antonio-class_transport_dock/P1760.bmp,13,019.San_Antonio-class_transport_dock,13,019.San_Antonio-class_transport_dock,0.533465
/mnt/e/aircas/dht/graduation/dataset/ship_fine/test/019.San_Antonio-class_transport_dock/P1814.bmp,13,019.San_Antonio-class_transport_dock,13,019.San_Antonio-class_transport_dock,0.528153
/mnt/e/aircas/dht/graduation/dataset/ship_fine/test/019.San_Antonio-class_transport_dock/P2131.bmp,13,019.San_Antonio-class_transport_dock,24,030.Civil_yacht,0.621793
/mnt/e/aircas/dht/graduation/dataset/ship_fine/test/019.San_Antonio-class_transport_dock/P2362.bmp,13,019.San_Antonio-class_transport_dock,13,019.San_Antonio-class_transport_dock,0.559649
/mnt/e/aircas/dht/graduation/dataset/ship_fine/test/019.San_Antonio-class_transport_dock/P2705.bmp,13,019.San_Antonio-class_transport_dock,13,019.San_Antonio-class_transport_dock,0.777867
/mnt/e/aircas/dht/graduation/dataset/ship_fine/test/019.San_Antonio-class_transport_dock/P2719.bmp,13,019.San_Antonio-class_transport_dock,13,019.San_Antonio-class_transport_dock,0.970998
/mnt/e/aircas/dht/graduation/dataset/ship_fine/test/019.San_Antonio-class_transport_dock/P2962.bmp,13,019.San_Antonio-class_transport_dock,9,014.Wasp-class_assault_ship,0.575900
/mnt/e/aircas/dht/graduation/dataset/ship_fine/test/019.San_Antonio-class_transport_dock/P3289.bmp,13,019.San_Antonio-class_transport_dock,4,008.Ticonderoga-class_cruiser,0.788944
/mnt/e/aircas/dht/graduation/dataset/ship_fine/test/019.San_Antonio-class_transport_dock/P3357.bmp,13,019.San_Antonio-class_transport_dock,5,009.Arleigh_Burke-class_destroyer,0.391657
/mnt/e/aircas/dht/graduation/dataset/ship_fine/test/019.San_Antonio-class_transport_dock/P3503.bmp,13,019.San_Antonio-class_transport_dock,13,019.San_Antonio-class_transport_dock,0.773228
/mnt/e/aircas/dht/graduation/dataset/ship_fine/test/019.San_Antonio-class_transport_dock/P3521.bmp,13,019.San_Antonio-class_transport_dock,13,019.San_Antonio-class_transport_dock,0.809288
/mnt/e/aircas/dht/graduation/dataset/ship_fine/test/019.San_Antonio-class_transport_dock/P3602.bmp,13,019.San_Antonio-class_transport_dock,13,019.San_Antonio-class_transport_dock,0.961767
/mnt/e/aircas/dht/graduation/dataset/ship_fine/test/019.San_Antonio-class_transport_dock/P3850.bmp,13,019.San_Antonio-class_transport_dock,9,014.Wasp-class_assault_ship,0.788056
/mnt/e/aircas/dht/graduation/dataset/ship_fine/test/019.San_Antonio-class_transport_dock/P4188.bmp,13,019.San_Antonio-class_transport_dock,13,019.San_Antonio-class_transport_dock,0.961611
/mnt/e/aircas/dht/graduation/dataset/ship_fine/test/019.San_Antonio-class_transport_dock/P4258.bmp,13,019.San_Antonio-class_transport_dock,13,019.San_Antonio-class_transport_dock,0.786330
/mnt/e/aircas/dht/graduation/dataset/ship_fine/test/019.San_Antonio-class_transport_dock/P5576.bmp,13,019.San_Antonio-class_transport_dock,9,014.Wasp-class_assault_ship,0.976848
/mnt/e/aircas/dht/graduation/dataset/ship_fine/test/019.San_Antonio-class_transport_dock/P6037.bmp,13,019.San_Antonio-class_transport_dock,9,014.Wasp-class_assault_ship,0.989241
/mnt/e/aircas/dht/graduation/dataset/ship_fine/test/019.San_Antonio-class_transport_dock/P7144.bmp,13,019.San_Antonio-class_transport_dock,5,009.Arleigh_Burke-class_destroyer,0.805336
/mnt/e/aircas/dht/graduation/dataset/ship_fine/test/019.San_Antonio-class_transport_dock/P7190.bmp,13,019.San_Antonio-class_transport_dock,13,019.San_Antonio-class_transport_dock,0.990136
/mnt/e/aircas/dht/graduation/dataset/ship_fine/test/019.San_Antonio-class_transport_dock/P7721.bmp,13,019.San_Antonio-class_transport_dock,13,019.San_Antonio-class_transport_dock,0.997319
/mnt/e/aircas/dht/graduation/dataset/ship_fine/test/019.San_Antonio-class_transport_dock/P7867.bmp,13,019.San_Antonio-class_transport_dock,24,030.Civil_yacht,0.364965
/mnt/e/aircas/dht/graduation/dataset/ship_fine/test/019.San_Antonio-class_transport_dock/P8277.bmp,13,019.San_Antonio-class_transport_dock,13,019.San_Antonio-class_transport_dock,0.947787
/mnt/e/aircas/dht/graduation/dataset/ship_fine/test/019.San_Antonio-class_transport_dock/P8928.bmp,13,019.San_Antonio-class_transport_dock,13,019.San_Antonio-class_transport_dock,0.993824
/mnt/e/aircas/dht/graduation/dataset/ship_fine/test/019.San_Antonio-class_transport_dock/P9862.bmp,13,019.San_Antonio-class_transport_dock,13,019.San_Antonio-class_transport_dock,0.902174
/mnt/e/aircas/dht/graduation/dataset/ship_fine/test/020.Freedom-class_combat_ship/P1294.bmp,14,020.Freedom-class_combat_ship,14,020.Freedom-class_combat_ship,0.997006
/mnt/e/aircas/dht/graduation/dataset/ship_fine/test/020.Freedom-class_combat_ship/P1475.bmp,14,020.Freedom-class_combat_ship,4,008.Ticonderoga-class_cruiser,0.931141
/mnt/e/aircas/dht/graduation/dataset/ship_fine/test/020.Freedom-class_combat_ship/P1914.bmp,14,020.Freedom-class_combat_ship,14,020.Freedom-class_combat_ship,0.818831
/mnt/e/aircas/dht/graduation/dataset/ship_fine/test/020.Freedom-class_combat_ship/P2673.bmp,14,020.Freedom-class_combat_ship,4,008.Ticonderoga-class_cruiser,0.563052
/mnt/e/aircas/dht/graduation/dataset/ship_fine/test/020.Freedom-class_combat_ship/P2714.bmp,14,020.Freedom-class_combat_ship,14,020.Freedom-class_combat_ship,0.999237
/mnt/e/aircas/dht/graduation/dataset/ship_fine/test/020.Freedom-class_combat_ship/P3245.bmp,14,020.Freedom-class_combat_ship,5,009.Arleigh_Burke-class_destroyer,0.743081
/mnt/e/aircas/dht/graduation/dataset/ship_fine/test/020.Freedom-class_combat_ship/P4264.bmp,14,020.Freedom-class_combat_ship,14,020.Freedom-class_combat_ship,0.759028
/mnt/e/aircas/dht/graduation/dataset/ship_fine/test/020.Freedom-class_combat_ship/P4485.bmp,14,020.Freedom-class_combat_ship,14,020.Freedom-class_combat_ship,0.980825
/mnt/e/aircas/dht/graduation/dataset/ship_fine/test/020.Freedom-class_combat_ship/P5203.bmp,14,020.Freedom-class_combat_ship,17,023.Crane_ship,0.570154
/mnt/e/aircas/dht/graduation/dataset/ship_fine/test/020.Freedom-class_combat_ship/P5338.bmp,14,020.Freedom-class_combat_ship,9,014.Wasp-class_assault_ship,0.985989
/mnt/e/aircas/dht/graduation/dataset/ship_fine/test/020.Freedom-class_combat_ship/P5825.bmp,14,020.Freedom-class_combat_ship,24,030.Civil_yacht,0.724556
/mnt/e/aircas/dht/graduation/dataset/ship_fine/test/020.Freedom-class_combat_ship/P6534.bmp,14,020.Freedom-class_combat_ship,14,020.Freedom-class_combat_ship,0.999774
/mnt/e/aircas/dht/graduation/dataset/ship_fine/test/020.Freedom-class_combat_ship/P6707.bmp,14,020.Freedom-class_combat_ship,14,020.Freedom-class_combat_ship,0.999863
/mnt/e/aircas/dht/graduation/dataset/ship_fine/test/020.Freedom-class_combat_ship/P7070.bmp,14,020.Freedom-class_combat_ship,9,014.Wasp-class_assault_ship,0.711521
/mnt/e/aircas/dht/graduation/dataset/ship_fine/test/020.Freedom-class_combat_ship/P7429.bmp,14,020.Freedom-class_combat_ship,5,009.Arleigh_Burke-class_destroyer,0.848940
/mnt/e/aircas/dht/graduation/dataset/ship_fine/test/020.Freedom-class_combat_ship/P9066.bmp,14,020.Freedom-class_combat_ship,14,020.Freedom-class_combat_ship,0.994137
/mnt/e/aircas/dht/graduation/dataset/ship_fine/test/020.Freedom-class_combat_ship/P9283.bmp,14,020.Freedom-class_combat_ship,4,008.Ticonderoga-class_cruiser,0.928092
/mnt/e/aircas/dht/graduation/dataset/ship_fine/test/021.Independence-class_combat_ship/P0627.bmp,15,021.Independence-class_combat_ship,15,021.Independence-class_combat_ship,0.975282
/mnt/e/aircas/dht/graduation/dataset/ship_fine/test/021.Independence-class_combat_ship/P1781.bmp,15,021.Independence-class_combat_ship,17,023.Crane_ship,0.638749
/mnt/e/aircas/dht/graduation/dataset/ship_fine/test/021.Independence-class_combat_ship/P2691.bmp,15,021.Independence-class_combat_ship,9,014.Wasp-class_assault_ship,0.891578
/mnt/e/aircas/dht/graduation/dataset/ship_fine/test/021.Independence-class_combat_ship/P3052.bmp,15,021.Independence-class_combat_ship,15,021.Independence-class_combat_ship,0.993850
/mnt/e/aircas/dht/graduation/dataset/ship_fine/test/021.Independence-class_combat_ship/P3232.bmp,15,021.Independence-class_combat_ship,4,008.Ticonderoga-class_cruiser,0.783575
/mnt/e/aircas/dht/graduation/dataset/ship_fine/test/021.Independence-class_combat_ship/P3296.bmp,15,021.Independence-class_combat_ship,5,009.Arleigh_Burke-class_destroyer,0.927502
/mnt/e/aircas/dht/graduation/dataset/ship_fine/test/021.Independence-class_combat_ship/P4230.bmp,15,021.Independence-class_combat_ship,15,021.Independence-class_combat_ship,0.999934
/mnt/e/aircas/dht/graduation/dataset/ship_fine/test/021.Independence-class_combat_ship/P4238.bmp,15,021.Independence-class_combat_ship,15,021.Independence-class_combat_ship,0.782953
/mnt/e/aircas/dht/graduation/dataset/ship_fine/test/021.Independence-class_combat_ship/P4301.bmp,15,021.Independence-class_combat_ship,15,021.Independence-class_combat_ship,0.873494
/mnt/e/aircas/dht/graduation/dataset/ship_fine/test/021.Independence-class_combat_ship/P4572.bmp,15,021.Independence-class_combat_ship,15,021.Independence-class_combat_ship,0.356002
/mnt/e/aircas/dht/graduation/dataset/ship_fine/test/021.Independence-class_combat_ship/P4904.bmp,15,021.Independence-class_combat_ship,15,021.Independence-class_combat_ship,0.999362
/mnt/e/aircas/dht/graduation/dataset/ship_fine/test/021.Independence-class_combat_ship/P5071.bmp,15,021.Independence-class_combat_ship,15,021.Independence-class_combat_ship,0.473197
/mnt/e/aircas/dht/graduation/dataset/ship_fine/test/021.Independence-class_combat_ship/P5073.bmp,15,021.Independence-class_combat_ship,15,021.Independence-class_combat_ship,0.987798
/mnt/e/aircas/dht/graduation/dataset/ship_fine/test/021.Independence-class_combat_ship/P6153.bmp,15,021.Independence-class_combat_ship,15,021.Independence-class_combat_ship,0.763710
/mnt/e/aircas/dht/graduation/dataset/ship_fine/test/021.Independence-class_combat_ship/P6277.bmp,15,021.Independence-class_combat_ship,9,014.Wasp-class_assault_ship,0.795038
/mnt/e/aircas/dht/graduation/dataset/ship_fine/test/021.Independence-class_combat_ship/P7533.bmp,15,021.Independence-class_combat_ship,15,021.Independence-class_combat_ship,0.997543
/mnt/e/aircas/dht/graduation/dataset/ship_fine/test/021.Independence-class_combat_ship/P8073.bmp,15,021.Independence-class_combat_ship,15,021.Independence-class_combat_ship,0.999152
/mnt/e/aircas/dht/graduation/dataset/ship_fine/test/021.Independence-class_combat_ship/P8460.bmp,15,021.Independence-class_combat_ship,15,021.Independence-class_combat_ship,0.987131
/mnt/e/aircas/dht/graduation/dataset/ship_fine/test/021.Independence-class_combat_ship/P8530.bmp,15,021.Independence-class_combat_ship,15,021.Independence-class_combat_ship,0.985552
/mnt/e/aircas/dht/graduation/dataset/ship_fine/test/021.Independence-class_combat_ship/P8719.bmp,15,021.Independence-class_combat_ship,17,023.Crane_ship,0.678204
/mnt/e/aircas/dht/graduation/dataset/ship_fine/test/021.Independence-class_combat_ship/P9656.bmp,15,021.Independence-class_combat_ship,15,021.Independence-class_combat_ship,0.759849
/mnt/e/aircas/dht/graduation/dataset/ship_fine/test/022.Sacramento-class_support_ship/P2518.bmp,16,022.Sacramento-class_support_ship,5,009.Arleigh_Burke-class_destroyer,0.580850
/mnt/e/aircas/dht/graduation/dataset/ship_fine/test/022.Sacramento-class_support_ship/P4934.bmp,16,022.Sacramento-class_support_ship,16,022.Sacramento-class_support_ship,0.539680
/mnt/e/aircas/dht/graduation/dataset/ship_fine/test/022.Sacramento-class_support_ship/P6771.bmp,16,022.Sacramento-class_support_ship,16,022.Sacramento-class_support_ship,0.998832
/mnt/e/aircas/dht/graduation/dataset/ship_fine/test/022.Sacramento-class_support_ship/P8310.bmp,16,022.Sacramento-class_support_ship,16,022.Sacramento-class_support_ship,0.999220
/mnt/e/aircas/dht/graduation/dataset/ship_fine/test/022.Sacramento-class_support_ship/P8343.bmp,16,022.Sacramento-class_support_ship,3,004.Kuznetsov-class_aircraft_carrier,0.525837
/mnt/e/aircas/dht/graduation/dataset/ship_fine/test/023.Crane_ship/P0238.bmp,17,023.Crane_ship,17,023.Crane_ship,0.993471
/mnt/e/aircas/dht/graduation/dataset/ship_fine/test/023.Crane_ship/P1862.bmp,17,023.Crane_ship,17,023.Crane_ship,0.999966
/mnt/e/aircas/dht/graduation/dataset/ship_fine/test/023.Crane_ship/P2591.bmp,17,023.Crane_ship,17,023.Crane_ship,0.942003
/mnt/e/aircas/dht/graduation/dataset/ship_fine/test/023.Crane_ship/P2992.bmp,17,023.Crane_ship,17,023.Crane_ship,0.982325
/mnt/e/aircas/dht/graduation/dataset/ship_fine/test/023.Crane_ship/P3170.bmp,17,023.Crane_ship,17,023.Crane_ship,0.794351
/mnt/e/aircas/dht/graduation/dataset/ship_fine/test/023.Crane_ship/P3397.bmp,17,023.Crane_ship,17,023.Crane_ship,0.967475
/mnt/e/aircas/dht/graduation/dataset/ship_fine/test/023.Crane_ship/P3433.bmp,17,023.Crane_ship,17,023.Crane_ship,0.999184
/mnt/e/aircas/dht/graduation/dataset/ship_fine/test/023.Crane_ship/P3665.bmp,17,023.Crane_ship,17,023.Crane_ship,0.886347
/mnt/e/aircas/dht/graduation/dataset/ship_fine/test/023.Crane_ship/P4147.bmp,17,023.Crane_ship,17,023.Crane_ship,0.999733
/mnt/e/aircas/dht/graduation/dataset/ship_fine/test/023.Crane_ship/P4208.bmp,17,023.Crane_ship,17,023.Crane_ship,0.993289
/mnt/e/aircas/dht/graduation/dataset/ship_fine/test/023.Crane_ship/P4882.bmp,17,023.Crane_ship,5,009.Arleigh_Burke-class_destroyer,0.966757
/mnt/e/aircas/dht/graduation/dataset/ship_fine/test/023.Crane_ship/P5191.bmp,17,023.Crane_ship,17,023.Crane_ship,0.974560
/mnt/e/aircas/dht/graduation/dataset/ship_fine/test/023.Crane_ship/P5584.bmp,17,023.Crane_ship,17,023.Crane_ship,0.995728
/mnt/e/aircas/dht/graduation/dataset/ship_fine/test/023.Crane_ship/P5873.bmp,17,023.Crane_ship,17,023.Crane_ship,0.858988
/mnt/e/aircas/dht/graduation/dataset/ship_fine/test/024.Abukuma-class_frigate/P0268.bmp,18,024.Abukuma-class_frigate,2,003.Midway-class_aircraft_carrier,0.974567
/mnt/e/aircas/dht/graduation/dataset/ship_fine/test/024.Abukuma-class_frigate/P1940.bmp,18,024.Abukuma-class_frigate,9,014.Wasp-class_assault_ship,0.742621
/mnt/e/aircas/dht/graduation/dataset/ship_fine/test/024.Abukuma-class_frigate/P3665.bmp,18,024.Abukuma-class_frigate,18,024.Abukuma-class_frigate,0.990040
/mnt/e/aircas/dht/graduation/dataset/ship_fine/test/024.Abukuma-class_frigate/P3717.bmp,18,024.Abukuma-class_frigate,24,030.Civil_yacht,0.778609
/mnt/e/aircas/dht/graduation/dataset/ship_fine/test/024.Abukuma-class_frigate/P4443.bmp,18,024.Abukuma-class_frigate,19,025.Megayacht,0.871196
/mnt/e/aircas/dht/graduation/dataset/ship_fine/test/024.Abukuma-class_frigate/P7844.bmp,18,024.Abukuma-class_frigate,18,024.Abukuma-class_frigate,0.999688
/mnt/e/aircas/dht/graduation/dataset/ship_fine/test/024.Abukuma-class_frigate/P8029.bmp,18,024.Abukuma-class_frigate,18,024.Abukuma-class_frigate,0.785136
/mnt/e/aircas/dht/graduation/dataset/ship_fine/test/025.Megayacht/P0241.bmp,19,025.Megayacht,19,025.Megayacht,0.814528
/mnt/e/aircas/dht/graduation/dataset/ship_fine/test/025.Megayacht/P0294.bmp,19,025.Megayacht,19,025.Megayacht,0.580194
/mnt/e/aircas/dht/graduation/dataset/ship_fine/test/025.Megayacht/P1071.bmp,19,025.Megayacht,19,025.Megayacht,0.485830
/mnt/e/aircas/dht/graduation/dataset/ship_fine/test/025.Megayacht/P1654.bmp,19,025.Megayacht,25,031.Medical_ship,0.903561
/mnt/e/aircas/dht/graduation/dataset/ship_fine/test/025.Megayacht/P2011.bmp,19,025.Megayacht,19,025.Megayacht,0.999968
/mnt/e/aircas/dht/graduation/dataset/ship_fine/test/025.Megayacht/P2473.bmp,19,025.Megayacht,19,025.Megayacht,0.998365
/mnt/e/aircas/dht/graduation/dataset/ship_fine/test/025.Megayacht/P3240.bmp,19,025.Megayacht,19,025.Megayacht,0.999760
/mnt/e/aircas/dht/graduation/dataset/ship_fine/test/025.Megayacht/P6219.bmp,19,025.Megayacht,19,025.Megayacht,0.895330
/mnt/e/aircas/dht/graduation/dataset/ship_fine/test/025.Megayacht/P6492.bmp,19,025.Megayacht,5,009.Arleigh_Burke-class_destroyer,0.685704
/mnt/e/aircas/dht/graduation/dataset/ship_fine/test/025.Megayacht/P6928.bmp,19,025.Megayacht,19,025.Megayacht,0.994291
/mnt/e/aircas/dht/graduation/dataset/ship_fine/test/025.Megayacht/P6970.bmp,19,025.Megayacht,19,025.Megayacht,0.901984
/mnt/e/aircas/dht/graduation/dataset/ship_fine/test/025.Megayacht/P7640.bmp,19,025.Megayacht,19,025.Megayacht,0.986861
/mnt/e/aircas/dht/graduation/dataset/ship_fine/test/025.Megayacht/P7747.bmp,19,025.Megayacht,19,025.Megayacht,0.991641
/mnt/e/aircas/dht/graduation/dataset/ship_fine/test/025.Megayacht/P8618.bmp,19,025.Megayacht,19,025.Megayacht,0.987244
/mnt/e/aircas/dht/graduation/dataset/ship_fine/test/025.Megayacht/P8624.bmp,19,025.Megayacht,22,028.Container_ship,0.438866
/mnt/e/aircas/dht/graduation/dataset/ship_fine/test/025.Megayacht/P8792.bmp,19,025.Megayacht,26,032.Sand_carrier,0.721852
/mnt/e/aircas/dht/graduation/dataset/ship_fine/test/025.Megayacht/P9398.bmp,19,025.Megayacht,19,025.Megayacht,0.991956
/mnt/e/aircas/dht/graduation/dataset/ship_fine/test/025.Megayacht/P9497.bmp,19,025.Megayacht,19,025.Megayacht,0.990011
/mnt/e/aircas/dht/graduation/dataset/ship_fine/test/026.Cargo_ship/P0313.bmp,20,026.Cargo_ship,9,014.Wasp-class_assault_ship,0.634894
/mnt/e/aircas/dht/graduation/dataset/ship_fine/test/026.Cargo_ship/P0332.bmp,20,026.Cargo_ship,20,026.Cargo_ship,0.510902
/mnt/e/aircas/dht/graduation/dataset/ship_fine/test/026.Cargo_ship/P0364.bmp,20,026.Cargo_ship,20,026.Cargo_ship,0.616774
/mnt/e/aircas/dht/graduation/dataset/ship_fine/test/026.Cargo_ship/P0399.bmp,20,026.Cargo_ship,19,025.Megayacht,0.648828
/mnt/e/aircas/dht/graduation/dataset/ship_fine/test/026.Cargo_ship/P1001.bmp,20,026.Cargo_ship,9,014.Wasp-class_assault_ship,0.837473
/mnt/e/aircas/dht/graduation/dataset/ship_fine/test/026.Cargo_ship/P1125.bmp,20,026.Cargo_ship,20,026.Cargo_ship,0.431210
/mnt/e/aircas/dht/graduation/dataset/ship_fine/test/026.Cargo_ship/P1684.bmp,20,026.Cargo_ship,20,026.Cargo_ship,0.997415
/mnt/e/aircas/dht/graduation/dataset/ship_fine/test/026.Cargo_ship/P1795.bmp,20,026.Cargo_ship,20,026.Cargo_ship,0.999369
/mnt/e/aircas/dht/graduation/dataset/ship_fine/test/026.Cargo_ship/P1892.bmp,20,026.Cargo_ship,25,031.Medical_ship,0.277754
/mnt/e/aircas/dht/graduation/dataset/ship_fine/test/026.Cargo_ship/P2055.bmp,20,026.Cargo_ship,20,026.Cargo_ship,0.996523
/mnt/e/aircas/dht/graduation/dataset/ship_fine/test/026.Cargo_ship/P2092.bmp,20,026.Cargo_ship,24,030.Civil_yacht,0.988400
/mnt/e/aircas/dht/graduation/dataset/ship_fine/test/026.Cargo_ship/P2237.bmp,20,026.Cargo_ship,26,032.Sand_carrier,0.636214
/mnt/e/aircas/dht/graduation/dataset/ship_fine/test/026.Cargo_ship/P3047.bmp,20,026.Cargo_ship,27,033.Tank_ship,0.949225
/mnt/e/aircas/dht/graduation/dataset/ship_fine/test/026.Cargo_ship/P3493.bmp,20,026.Cargo_ship,20,026.Cargo_ship,0.856284
/mnt/e/aircas/dht/graduation/dataset/ship_fine/test/026.Cargo_ship/P3698.bmp,20,026.Cargo_ship,20,026.Cargo_ship,0.947386
/mnt/e/aircas/dht/graduation/dataset/ship_fine/test/026.Cargo_ship/P3699.bmp,20,026.Cargo_ship,20,026.Cargo_ship,0.517215
/mnt/e/aircas/dht/graduation/dataset/ship_fine/test/026.Cargo_ship/P4361.bmp,20,026.Cargo_ship,6,011.Asagiri-class_destroyer,0.306836
/mnt/e/aircas/dht/graduation/dataset/ship_fine/test/026.Cargo_ship/P4552.bmp,20,026.Cargo_ship,20,026.Cargo_ship,0.883273
/mnt/e/aircas/dht/graduation/dataset/ship_fine/test/026.Cargo_ship/P4696.bmp,20,026.Cargo_ship,20,026.Cargo_ship,0.945237
/mnt/e/aircas/dht/graduation/dataset/ship_fine/test/026.Cargo_ship/P5177.bmp,20,026.Cargo_ship,24,030.Civil_yacht,0.991891
/mnt/e/aircas/dht/graduation/dataset/ship_fine/test/026.Cargo_ship/P5290.bmp,20,026.Cargo_ship,20,026.Cargo_ship,0.997545
/mnt/e/aircas/dht/graduation/dataset/ship_fine/test/026.Cargo_ship/P5410.bmp,20,026.Cargo_ship,20,026.Cargo_ship,0.978530
/mnt/e/aircas/dht/graduation/dataset/ship_fine/test/026.Cargo_ship/P5497.bmp,20,026.Cargo_ship,20,026.Cargo_ship,0.967767
/mnt/e/aircas/dht/graduation/dataset/ship_fine/test/026.Cargo_ship/P5556.bmp,20,026.Cargo_ship,20,026.Cargo_ship,0.974954
/mnt/e/aircas/dht/graduation/dataset/ship_fine/test/026.Cargo_ship/P5739.bmp,20,026.Cargo_ship,27,033.Tank_ship,0.630963
/mnt/e/aircas/dht/graduation/dataset/ship_fine/test/026.Cargo_ship/P5936.bmp,20,026.Cargo_ship,20,026.Cargo_ship,0.998210
/mnt/e/aircas/dht/graduation/dataset/ship_fine/test/026.Cargo_ship/P6483.bmp,20,026.Cargo_ship,20,026.Cargo_ship,0.817796
/mnt/e/aircas/dht/graduation/dataset/ship_fine/test/026.Cargo_ship/P6587.bmp,20,026.Cargo_ship,20,026.Cargo_ship,0.782671
/mnt/e/aircas/dht/graduation/dataset/ship_fine/test/026.Cargo_ship/P6835.bmp,20,026.Cargo_ship,20,026.Cargo_ship,0.999208
/mnt/e/aircas/dht/graduation/dataset/ship_fine/test/026.Cargo_ship/P6902.bmp,20,026.Cargo_ship,26,032.Sand_carrier,0.967870
/mnt/e/aircas/dht/graduation/dataset/ship_fine/test/026.Cargo_ship/P7105.bmp,20,026.Cargo_ship,23,029.Towing_vessel,0.741966
/mnt/e/aircas/dht/graduation/dataset/ship_fine/test/026.Cargo_ship/P7234.bmp,20,026.Cargo_ship,20,026.Cargo_ship,0.998894
/mnt/e/aircas/dht/graduation/dataset/ship_fine/test/026.Cargo_ship/P7404.bmp,20,026.Cargo_ship,20,026.Cargo_ship,0.995716
/mnt/e/aircas/dht/graduation/dataset/ship_fine/test/026.Cargo_ship/P8103.bmp,20,026.Cargo_ship,20,026.Cargo_ship,0.996351
/mnt/e/aircas/dht/graduation/dataset/ship_fine/test/026.Cargo_ship/P8395.bmp,20,026.Cargo_ship,26,032.Sand_carrier,0.951635
/mnt/e/aircas/dht/graduation/dataset/ship_fine/test/026.Cargo_ship/P8773.bmp,20,026.Cargo_ship,20,026.Cargo_ship,0.601266
/mnt/e/aircas/dht/graduation/dataset/ship_fine/test/026.Cargo_ship/P9753.bmp,20,026.Cargo_ship,20,026.Cargo_ship,0.630151
/mnt/e/aircas/dht/graduation/dataset/ship_fine/test/027.Murasame-class_destroyer/P2465.bmp,21,027.Murasame-class_destroyer,21,027.Murasame-class_destroyer,0.982088
/mnt/e/aircas/dht/graduation/dataset/ship_fine/test/027.Murasame-class_destroyer/P6141.bmp,21,027.Murasame-class_destroyer,21,027.Murasame-class_destroyer,0.931431
/mnt/e/aircas/dht/graduation/dataset/ship_fine/test/027.Murasame-class_destroyer/P8373.bmp,21,027.Murasame-class_destroyer,21,027.Murasame-class_destroyer,0.950934
/mnt/e/aircas/dht/graduation/dataset/ship_fine/test/027.Murasame-class_destroyer/P8668.bmp,21,027.Murasame-class_destroyer,21,027.Murasame-class_destroyer,0.994667
/mnt/e/aircas/dht/graduation/dataset/ship_fine/test/027.Murasame-class_destroyer/P9277.bmp,21,027.Murasame-class_destroyer,0,001.Nimitz-class_aircraft_carrier,0.671053
/mnt/e/aircas/dht/graduation/dataset/ship_fine/test/027.Murasame-class_destroyer/P9862.bmp,21,027.Murasame-class_destroyer,6,011.Asagiri-class_destroyer,0.712151
/mnt/e/aircas/dht/graduation/dataset/ship_fine/test/028.Container_ship/P0218.bmp,22,028.Container_ship,5,009.Arleigh_Burke-class_destroyer,0.893861
/mnt/e/aircas/dht/graduation/dataset/ship_fine/test/028.Container_ship/P0339.bmp,22,028.Container_ship,22,028.Container_ship,0.999162
/mnt/e/aircas/dht/graduation/dataset/ship_fine/test/028.Container_ship/P0704.bmp,22,028.Container_ship,22,028.Container_ship,0.999995
/mnt/e/aircas/dht/graduation/dataset/ship_fine/test/028.Container_ship/P1011.bmp,22,028.Container_ship,22,028.Container_ship,0.971066
/mnt/e/aircas/dht/graduation/dataset/ship_fine/test/028.Container_ship/P1940.bmp,22,028.Container_ship,5,009.Arleigh_Burke-class_destroyer,0.289219
/mnt/e/aircas/dht/graduation/dataset/ship_fine/test/028.Container_ship/P2174.bmp,22,028.Container_ship,22,028.Container_ship,0.874490
/mnt/e/aircas/dht/graduation/dataset/ship_fine/test/028.Container_ship/P2248.bmp,22,028.Container_ship,22,028.Container_ship,0.997644
/mnt/e/aircas/dht/graduation/dataset/ship_fine/test/028.Container_ship/P2429.bmp,22,028.Container_ship,22,028.Container_ship,0.999761
/mnt/e/aircas/dht/graduation/dataset/ship_fine/test/028.Container_ship/P2609.bmp,22,028.Container_ship,22,028.Container_ship,0.981429
/mnt/e/aircas/dht/graduation/dataset/ship_fine/test/028.Container_ship/P2704.bmp,22,028.Container_ship,24,030.Civil_yacht,0.718137
/mnt/e/aircas/dht/graduation/dataset/ship_fine/test/028.Container_ship/P4161.bmp,22,028.Container_ship,22,028.Container_ship,0.994145
/mnt/e/aircas/dht/graduation/dataset/ship_fine/test/028.Container_ship/P4458.bmp,22,028.Container_ship,24,030.Civil_yacht,0.669711
/mnt/e/aircas/dht/graduation/dataset/ship_fine/test/028.Container_ship/P4795.bmp,22,028.Container_ship,22,028.Container_ship,0.833588
/mnt/e/aircas/dht/graduation/dataset/ship_fine/test/028.Container_ship/P4801.bmp,22,028.Container_ship,22,028.Container_ship,0.993975
/mnt/e/aircas/dht/graduation/dataset/ship_fine/test/028.Container_ship/P4989.bmp,22,028.Container_ship,24,030.Civil_yacht,0.379609
/mnt/e/aircas/dht/graduation/dataset/ship_fine/test/028.Container_ship/P4998.bmp,22,028.Container_ship,9,014.Wasp-class_assault_ship,0.327062
/mnt/e/aircas/dht/graduation/dataset/ship_fine/test/028.Container_ship/P5597.bmp,22,028.Container_ship,22,028.Container_ship,0.954402
/mnt/e/aircas/dht/graduation/dataset/ship_fine/test/028.Container_ship/P5628.bmp,22,028.Container_ship,22,028.Container_ship,0.884214
/mnt/e/aircas/dht/graduation/dataset/ship_fine/test/028.Container_ship/P5652.bmp,22,028.Container_ship,22,028.Container_ship,0.593895
/mnt/e/aircas/dht/graduation/dataset/ship_fine/test/028.Container_ship/P5824.bmp,22,028.Container_ship,22,028.Container_ship,0.999968
/mnt/e/aircas/dht/graduation/dataset/ship_fine/test/028.Container_ship/P6029.bmp,22,028.Container_ship,22,028.Container_ship,0.932663
/mnt/e/aircas/dht/graduation/dataset/ship_fine/test/028.Container_ship/P6112.bmp,22,028.Container_ship,22,028.Container_ship,0.998109
/mnt/e/aircas/dht/graduation/dataset/ship_fine/test/028.Container_ship/P6351.bmp,22,028.Container_ship,22,028.Container_ship,0.999773
/mnt/e/aircas/dht/graduation/dataset/ship_fine/test/028.Container_ship/P6364.bmp,22,028.Container_ship,22,028.Container_ship,0.996904
/mnt/e/aircas/dht/graduation/dataset/ship_fine/test/028.Container_ship/P6398.bmp,22,028.Container_ship,22,028.Container_ship,0.999955
/mnt/e/aircas/dht/graduation/dataset/ship_fine/test/028.Container_ship/P6459.bmp,22,028.Container_ship,22,028.Container_ship,0.935861
/mnt/e/aircas/dht/graduation/dataset/ship_fine/test/028.Container_ship/P7364.bmp,22,028.Container_ship,22,028.Container_ship,0.953946
/mnt/e/aircas/dht/graduation/dataset/ship_fine/test/028.Container_ship/P7486.bmp,22,028.Container_ship,9,014.Wasp-class_assault_ship,0.976348
/mnt/e/aircas/dht/graduation/dataset/ship_fine/test/028.Container_ship/P7861.bmp,22,028.Container_ship,24,030.Civil_yacht,0.992638
/mnt/e/aircas/dht/graduation/dataset/ship_fine/test/028.Container_ship/P7866.bmp,22,028.Container_ship,22,028.Container_ship,0.999975
/mnt/e/aircas/dht/graduation/dataset/ship_fine/test/028.Container_ship/P8039.bmp,22,028.Container_ship,22,028.Container_ship,0.982778
/mnt/e/aircas/dht/graduation/dataset/ship_fine/test/028.Container_ship/P8280.bmp,22,028.Container_ship,22,028.Container_ship,0.543407
/mnt/e/aircas/dht/graduation/dataset/ship_fine/test/028.Container_ship/P8578.bmp,22,028.Container_ship,22,028.Container_ship,0.670183
/mnt/e/aircas/dht/graduation/dataset/ship_fine/test/028.Container_ship/P8733.bmp,22,028.Container_ship,19,025.Megayacht,0.601719
/mnt/e/aircas/dht/graduation/dataset/ship_fine/test/028.Container_ship/P9050.bmp,22,028.Container_ship,24,030.Civil_yacht,0.613536
/mnt/e/aircas/dht/graduation/dataset/ship_fine/test/028.Container_ship/P9111.bmp,22,028.Container_ship,22,028.Container_ship,0.987976
/mnt/e/aircas/dht/graduation/dataset/ship_fine/test/028.Container_ship/P9128.bmp,22,028.Container_ship,22,028.Container_ship,0.999748
/mnt/e/aircas/dht/graduation/dataset/ship_fine/test/028.Container_ship/P9148.bmp,22,028.Container_ship,22,028.Container_ship,0.999982
/mnt/e/aircas/dht/graduation/dataset/ship_fine/test/028.Container_ship/P9210.bmp,22,028.Container_ship,22,028.Container_ship,0.582381
/mnt/e/aircas/dht/graduation/dataset/ship_fine/test/028.Container_ship/P9279.bmp,22,028.Container_ship,22,028.Container_ship,0.997952
/mnt/e/aircas/dht/graduation/dataset/ship_fine/test/028.Container_ship/P9459.bmp,22,028.Container_ship,22,028.Container_ship,0.999981
/mnt/e/aircas/dht/graduation/dataset/ship_fine/test/028.Container_ship/P9478.bmp,22,028.Container_ship,22,028.Container_ship,0.870413
/mnt/e/aircas/dht/graduation/dataset/ship_fine/test/028.Container_ship/P9579.bmp,22,028.Container_ship,22,028.Container_ship,0.999197
/mnt/e/aircas/dht/graduation/dataset/ship_fine/test/028.Container_ship/P9844.bmp,22,028.Container_ship,22,028.Container_ship,0.552870
/mnt/e/aircas/dht/graduation/dataset/ship_fine/test/028.Container_ship/P9969.bmp,22,028.Container_ship,22,028.Container_ship,0.983045
/mnt/e/aircas/dht/graduation/dataset/ship_fine/test/029.Towing_vessel/P0089.bmp,23,029.Towing_vessel,23,029.Towing_vessel,0.999944
/mnt/e/aircas/dht/graduation/dataset/ship_fine/test/029.Towing_vessel/P0133.bmp,23,029.Towing_vessel,23,029.Towing_vessel,0.999970
/mnt/e/aircas/dht/graduation/dataset/ship_fine/test/029.Towing_vessel/P0357.bmp,23,029.Towing_vessel,23,029.Towing_vessel,0.960251
/mnt/e/aircas/dht/graduation/dataset/ship_fine/test/029.Towing_vessel/P0439.bmp,23,029.Towing_vessel,23,029.Towing_vessel,0.999980
/mnt/e/aircas/dht/graduation/dataset/ship_fine/test/029.Towing_vessel/P0441.bmp,23,029.Towing_vessel,23,029.Towing_vessel,0.999954
/mnt/e/aircas/dht/graduation/dataset/ship_fine/test/029.Towing_vessel/P0592.bmp,23,029.Towing_vessel,23,029.Towing_vessel,0.999999
/mnt/e/aircas/dht/graduation/dataset/ship_fine/test/029.Towing_vessel/P0625.bmp,23,029.Towing_vessel,23,029.Towing_vessel,0.996599
/mnt/e/aircas/dht/graduation/dataset/ship_fine/test/029.Towing_vessel/P0749.bmp,23,029.Towing_vessel,23,029.Towing_vessel,0.999948
/mnt/e/aircas/dht/graduation/dataset/ship_fine/test/029.Towing_vessel/P0773.bmp,23,029.Towing_vessel,23,029.Towing_vessel,0.999996
/mnt/e/aircas/dht/graduation/dataset/ship_fine/test/029.Towing_vessel/P0831.bmp,23,029.Towing_vessel,24,030.Civil_yacht,0.631186
/mnt/e/aircas/dht/graduation/dataset/ship_fine/test/029.Towing_vessel/P1389.bmp,23,029.Towing_vessel,23,029.Towing_vessel,0.999708
/mnt/e/aircas/dht/graduation/dataset/ship_fine/test/029.Towing_vessel/P1567.bmp,23,029.Towing_vessel,23,029.Towing_vessel,0.998407
/mnt/e/aircas/dht/graduation/dataset/ship_fine/test/029.Towing_vessel/P1671.bmp,23,029.Towing_vessel,24,030.Civil_yacht,0.800972
/mnt/e/aircas/dht/graduation/dataset/ship_fine/test/029.Towing_vessel/P1745.bmp,23,029.Towing_vessel,23,029.Towing_vessel,0.771185
/mnt/e/aircas/dht/graduation/dataset/ship_fine/test/029.Towing_vessel/P1749.bmp,23,029.Towing_vessel,23,029.Towing_vessel,0.999848
/mnt/e/aircas/dht/graduation/dataset/ship_fine/test/029.Towing_vessel/P2170.bmp,23,029.Towing_vessel,24,030.Civil_yacht,0.752694
/mnt/e/aircas/dht/graduation/dataset/ship_fine/test/029.Towing_vessel/P2192.bmp,23,029.Towing_vessel,23,029.Towing_vessel,0.993334
/mnt/e/aircas/dht/graduation/dataset/ship_fine/test/029.Towing_vessel/P2341.bmp,23,029.Towing_vessel,3,004.Kuznetsov-class_aircraft_carrier,0.368034
/mnt/e/aircas/dht/graduation/dataset/ship_fine/test/029.Towing_vessel/P2405.bmp,23,029.Towing_vessel,23,029.Towing_vessel,0.993660
/mnt/e/aircas/dht/graduation/dataset/ship_fine/test/029.Towing_vessel/P2423.bmp,23,029.Towing_vessel,23,029.Towing_vessel,0.937141
/mnt/e/aircas/dht/graduation/dataset/ship_fine/test/029.Towing_vessel/P2442.bmp,23,029.Towing_vessel,23,029.Towing_vessel,0.999967
/mnt/e/aircas/dht/graduation/dataset/ship_fine/test/029.Towing_vessel/P2562.bmp,23,029.Towing_vessel,23,029.Towing_vessel,0.971121
/mnt/e/aircas/dht/graduation/dataset/ship_fine/test/029.Towing_vessel/P2583.bmp,23,029.Towing_vessel,23,029.Towing_vessel,0.999998
/mnt/e/aircas/dht/graduation/dataset/ship_fine/test/029.Towing_vessel/P2603.bmp,23,029.Towing_vessel,23,029.Towing_vessel,0.999949
/mnt/e/aircas/dht/graduation/dataset/ship_fine/test/029.Towing_vessel/P2658.bmp,23,029.Towing_vessel,4,008.Ticonderoga-class_cruiser,0.830920
/mnt/e/aircas/dht/graduation/dataset/ship_fine/test/029.Towing_vessel/P2701.bmp,23,029.Towing_vessel,23,029.Towing_vessel,0.999054
/mnt/e/aircas/dht/graduation/dataset/ship_fine/test/029.Towing_vessel/P3072.bmp,23,029.Towing_vessel,23,029.Towing_vessel,0.999183
/mnt/e/aircas/dht/graduation/dataset/ship_fine/test/029.Towing_vessel/P3218.bmp,23,029.Towing_vessel,23,029.Towing_vessel,0.803399
/mnt/e/aircas/dht/graduation/dataset/ship_fine/test/029.Towing_vessel/P3285.bmp,23,029.Towing_vessel,23,029.Towing_vessel,0.769682
/mnt/e/aircas/dht/graduation/dataset/ship_fine/test/029.Towing_vessel/P3545.bmp,23,029.Towing_vessel,23,029.Towing_vessel,0.917637
/mnt/e/aircas/dht/graduation/dataset/ship_fine/test/029.Towing_vessel/P3552.bmp,23,029.Towing_vessel,23,029.Towing_vessel,0.996278
/mnt/e/aircas/dht/graduation/dataset/ship_fine/test/029.Towing_vessel/P3647.bmp,23,029.Towing_vessel,23,029.Towing_vessel,0.999995
/mnt/e/aircas/dht/graduation/dataset/ship_fine/test/029.Towing_vessel/P3679.bmp,23,029.Towing_vessel,23,029.Towing_vessel,0.639266
/mnt/e/aircas/dht/graduation/dataset/ship_fine/test/029.Towing_vessel/P3690.bmp,23,029.Towing_vessel,23,029.Towing_vessel,0.999734
/mnt/e/aircas/dht/graduation/dataset/ship_fine/test/029.Towing_vessel/P3715.bmp,23,029.Towing_vessel,23,029.Towing_vessel,0.992125
/mnt/e/aircas/dht/graduation/dataset/ship_fine/test/029.Towing_vessel/P3930.bmp,23,029.Towing_vessel,5,009.Arleigh_Burke-class_destroyer,0.319447
/mnt/e/aircas/dht/graduation/dataset/ship_fine/test/029.Towing_vessel/P4074.bmp,23,029.Towing_vessel,23,029.Towing_vessel,0.998541
/mnt/e/aircas/dht/graduation/dataset/ship_fine/test/029.Towing_vessel/P4251.bmp,23,029.Towing_vessel,23,029.Towing_vessel,0.999979
/mnt/e/aircas/dht/graduation/dataset/ship_fine/test/029.Towing_vessel/P4300.bmp,23,029.Towing_vessel,23,029.Towing_vessel,0.999942
/mnt/e/aircas/dht/graduation/dataset/ship_fine/test/029.Towing_vessel/P4382.bmp,23,029.Towing_vessel,23,029.Towing_vessel,0.999914
/mnt/e/aircas/dht/graduation/dataset/ship_fine/test/029.Towing_vessel/P4916.bmp,23,029.Towing_vessel,23,029.Towing_vessel,0.999843
/mnt/e/aircas/dht/graduation/dataset/ship_fine/test/029.Towing_vessel/P5122.bmp,23,029.Towing_vessel,23,029.Towing_vessel,0.999977
/mnt/e/aircas/dht/graduation/dataset/ship_fine/test/029.Towing_vessel/P5171.bmp,23,029.Towing_vessel,23,029.Towing_vessel,0.999320
/mnt/e/aircas/dht/graduation/dataset/ship_fine/test/029.Towing_vessel/P5283.bmp,23,029.Towing_vessel,23,029.Towing_vessel,0.999660
/mnt/e/aircas/dht/graduation/dataset/ship_fine/test/029.Towing_vessel/P5365.bmp,23,029.Towing_vessel,23,029.Towing_vessel,0.999979
/mnt/e/aircas/dht/graduation/dataset/ship_fine/test/029.Towing_vessel/P5410.bmp,23,029.Towing_vessel,23,029.Towing_vessel,0.976599
/mnt/e/aircas/dht/graduation/dataset/ship_fine/test/029.Towing_vessel/P5423.bmp,23,029.Towing_vessel,23,029.Towing_vessel,0.794521
/mnt/e/aircas/dht/graduation/dataset/ship_fine/test/029.Towing_vessel/P5613.bmp,23,029.Towing_vessel,23,029.Towing_vessel,0.999944
/mnt/e/aircas/dht/graduation/dataset/ship_fine/test/029.Towing_vessel/P5642.bmp,23,029.Towing_vessel,23,029.Towing_vessel,0.999218
/mnt/e/aircas/dht/graduation/dataset/ship_fine/test/029.Towing_vessel/P5685.bmp,23,029.Towing_vessel,23,029.Towing_vessel,0.995720
/mnt/e/aircas/dht/graduation/dataset/ship_fine/test/029.Towing_vessel/P5688.bmp,23,029.Towing_vessel,23,029.Towing_vessel,0.999994
/mnt/e/aircas/dht/graduation/dataset/ship_fine/test/029.Towing_vessel/P5695.bmp,23,029.Towing_vessel,23,029.Towing_vessel,0.980031
/mnt/e/aircas/dht/graduation/dataset/ship_fine/test/029.Towing_vessel/P5856.bmp,23,029.Towing_vessel,23,029.Towing_vessel,0.530337
/mnt/e/aircas/dht/graduation/dataset/ship_fine/test/029.Towing_vessel/P5901.bmp,23,029.Towing_vessel,23,029.Towing_vessel,0.999863
/mnt/e/aircas/dht/graduation/dataset/ship_fine/test/029.Towing_vessel/P5982.bmp,23,029.Towing_vessel,23,029.Towing_vessel,0.588344
/mnt/e/aircas/dht/graduation/dataset/ship_fine/test/029.Towing_vessel/P6061.bmp,23,029.Towing_vessel,23,029.Towing_vessel,0.999928
/mnt/e/aircas/dht/graduation/dataset/ship_fine/test/029.Towing_vessel/P6089.bmp,23,029.Towing_vessel,23,029.Towing_vessel,0.973006
/mnt/e/aircas/dht/graduation/dataset/ship_fine/test/029.Towing_vessel/P6115.bmp,23,029.Towing_vessel,23,029.Towing_vessel,0.998013
/mnt/e/aircas/dht/graduation/dataset/ship_fine/test/029.Towing_vessel/P6268.bmp,23,029.Towing_vessel,23,029.Towing_vessel,0.984096
/mnt/e/aircas/dht/graduation/dataset/ship_fine/test/029.Towing_vessel/P6400.bmp,23,029.Towing_vessel,23,029.Towing_vessel,0.999322
/mnt/e/aircas/dht/graduation/dataset/ship_fine/test/029.Towing_vessel/P6428.bmp,23,029.Towing_vessel,23,029.Towing_vessel,0.909984
/mnt/e/aircas/dht/graduation/dataset/ship_fine/test/029.Towing_vessel/P6725.bmp,23,029.Towing_vessel,23,029.Towing_vessel,0.999108
/mnt/e/aircas/dht/graduation/dataset/ship_fine/test/029.Towing_vessel/P7137.bmp,23,029.Towing_vessel,23,029.Towing_vessel,0.999844
/mnt/e/aircas/dht/graduation/dataset/ship_fine/test/029.Towing_vessel/P7297.bmp,23,029.Towing_vessel,23,029.Towing_vessel,0.999575
/mnt/e/aircas/dht/graduation/dataset/ship_fine/test/029.Towing_vessel/P7616.bmp,23,029.Towing_vessel,23,029.Towing_vessel,0.999703
/mnt/e/aircas/dht/graduation/dataset/ship_fine/test/029.Towing_vessel/P7694.bmp,23,029.Towing_vessel,4,008.Ticonderoga-class_cruiser,0.540472
/mnt/e/aircas/dht/graduation/dataset/ship_fine/test/029.Towing_vessel/P7856.bmp,23,029.Towing_vessel,23,029.Towing_vessel,0.948746
/mnt/e/aircas/dht/graduation/dataset/ship_fine/test/029.Towing_vessel/P7878.bmp,23,029.Towing_vessel,23,029.Towing_vessel,0.999987
/mnt/e/aircas/dht/graduation/dataset/ship_fine/test/029.Towing_vessel/P7903.bmp,23,029.Towing_vessel,23,029.Towing_vessel,0.999372
/mnt/e/aircas/dht/graduation/dataset/ship_fine/test/029.Towing_vessel/P8882.bmp,23,029.Towing_vessel,23,029.Towing_vessel,0.999974
/mnt/e/aircas/dht/graduation/dataset/ship_fine/test/029.Towing_vessel/P9065.bmp,23,029.Towing_vessel,23,029.Towing_vessel,0.999653
/mnt/e/aircas/dht/graduation/dataset/ship_fine/test/029.Towing_vessel/P9401.bmp,23,029.Towing_vessel,23,029.Towing_vessel,0.944271
/mnt/e/aircas/dht/graduation/dataset/ship_fine/test/029.Towing_vessel/P9776.bmp,23,029.Towing_vessel,23,029.Towing_vessel,0.999967
/mnt/e/aircas/dht/graduation/dataset/ship_fine/test/029.Towing_vessel/P9857.bmp,23,029.Towing_vessel,23,029.Towing_vessel,0.824628
/mnt/e/aircas/dht/graduation/dataset/ship_fine/test/029.Towing_vessel/P9889.bmp,23,029.Towing_vessel,23,029.Towing_vessel,0.583784
/mnt/e/aircas/dht/graduation/dataset/ship_fine/test/029.Towing_vessel/P9892.bmp,23,029.Towing_vessel,23,029.Towing_vessel,0.685398
/mnt/e/aircas/dht/graduation/dataset/ship_fine/test/029.Towing_vessel/P9959.bmp,23,029.Towing_vessel,23,029.Towing_vessel,0.985713
/mnt/e/aircas/dht/graduation/dataset/ship_fine/test/030.Civil_yacht/P0073.bmp,24,030.Civil_yacht,24,030.Civil_yacht,0.999983
/mnt/e/aircas/dht/graduation/dataset/ship_fine/test/030.Civil_yacht/P0216.bmp,24,030.Civil_yacht,24,030.Civil_yacht,0.999794
/mnt/e/aircas/dht/graduation/dataset/ship_fine/test/030.Civil_yacht/P0290.bmp,24,030.Civil_yacht,24,030.Civil_yacht,0.999894
/mnt/e/aircas/dht/graduation/dataset/ship_fine/test/030.Civil_yacht/P0421.bmp,24,030.Civil_yacht,24,030.Civil_yacht,0.999945
/mnt/e/aircas/dht/graduation/dataset/ship_fine/test/030.Civil_yacht/P0437.bmp,24,030.Civil_yacht,24,030.Civil_yacht,0.999998
/mnt/e/aircas/dht/graduation/dataset/ship_fine/test/030.Civil_yacht/P0603.bmp,24,030.Civil_yacht,24,030.Civil_yacht,0.993176
/mnt/e/aircas/dht/graduation/dataset/ship_fine/test/030.Civil_yacht/P0741.bmp,24,030.Civil_yacht,24,030.Civil_yacht,0.999991
/mnt/e/aircas/dht/graduation/dataset/ship_fine/test/030.Civil_yacht/P0839.bmp,24,030.Civil_yacht,24,030.Civil_yacht,0.995974
/mnt/e/aircas/dht/graduation/dataset/ship_fine/test/030.Civil_yacht/P0844.bmp,24,030.Civil_yacht,24,030.Civil_yacht,0.997013
/mnt/e/aircas/dht/graduation/dataset/ship_fine/test/030.Civil_yacht/P1172.bmp,24,030.Civil_yacht,24,030.Civil_yacht,0.994720
/mnt/e/aircas/dht/graduation/dataset/ship_fine/test/030.Civil_yacht/P1226.bmp,24,030.Civil_yacht,24,030.Civil_yacht,0.999992
/mnt/e/aircas/dht/graduation/dataset/ship_fine/test/030.Civil_yacht/P1325.bmp,24,030.Civil_yacht,24,030.Civil_yacht,0.999962
/mnt/e/aircas/dht/graduation/dataset/ship_fine/test/030.Civil_yacht/P1416.bmp,24,030.Civil_yacht,24,030.Civil_yacht,0.999905
/mnt/e/aircas/dht/graduation/dataset/ship_fine/test/030.Civil_yacht/P1423.bmp,24,030.Civil_yacht,24,030.Civil_yacht,0.999996
/mnt/e/aircas/dht/graduation/dataset/ship_fine/test/030.Civil_yacht/P1459.bmp,24,030.Civil_yacht,24,030.Civil_yacht,0.999982
/mnt/e/aircas/dht/graduation/dataset/ship_fine/test/030.Civil_yacht/P1512.bmp,24,030.Civil_yacht,24,030.Civil_yacht,0.999937
/mnt/e/aircas/dht/graduation/dataset/ship_fine/test/030.Civil_yacht/P1524.bmp,24,030.Civil_yacht,24,030.Civil_yacht,0.987133
/mnt/e/aircas/dht/graduation/dataset/ship_fine/test/030.Civil_yacht/P1941.bmp,24,030.Civil_yacht,24,030.Civil_yacht,0.999996
/mnt/e/aircas/dht/graduation/dataset/ship_fine/test/030.Civil_yacht/P2043.bmp,24,030.Civil_yacht,5,009.Arleigh_Burke-class_destroyer,0.823066
/mnt/e/aircas/dht/graduation/dataset/ship_fine/test/030.Civil_yacht/P2178.bmp,24,030.Civil_yacht,24,030.Civil_yacht,0.999532
/mnt/e/aircas/dht/graduation/dataset/ship_fine/test/030.Civil_yacht/P2184.bmp,24,030.Civil_yacht,24,030.Civil_yacht,0.988652
/mnt/e/aircas/dht/graduation/dataset/ship_fine/test/030.Civil_yacht/P2385.bmp,24,030.Civil_yacht,3,004.Kuznetsov-class_aircraft_carrier,0.553915
/mnt/e/aircas/dht/graduation/dataset/ship_fine/test/030.Civil_yacht/P2393.bmp,24,030.Civil_yacht,24,030.Civil_yacht,0.999907
/mnt/e/aircas/dht/graduation/dataset/ship_fine/test/030.Civil_yacht/P2442.bmp,24,030.Civil_yacht,24,030.Civil_yacht,0.999945
/mnt/e/aircas/dht/graduation/dataset/ship_fine/test/030.Civil_yacht/P2595.bmp,24,030.Civil_yacht,24,030.Civil_yacht,0.999863
/mnt/e/aircas/dht/graduation/dataset/ship_fine/test/030.Civil_yacht/P2627.bmp,24,030.Civil_yacht,24,030.Civil_yacht,0.999126
/mnt/e/aircas/dht/graduation/dataset/ship_fine/test/030.Civil_yacht/P2688.bmp,24,030.Civil_yacht,24,030.Civil_yacht,0.999179
/mnt/e/aircas/dht/graduation/dataset/ship_fine/test/030.Civil_yacht/P2925.bmp,24,030.Civil_yacht,24,030.Civil_yacht,0.999949
/mnt/e/aircas/dht/graduation/dataset/ship_fine/test/030.Civil_yacht/P3051.bmp,24,030.Civil_yacht,24,030.Civil_yacht,0.999878
/mnt/e/aircas/dht/graduation/dataset/ship_fine/test/030.Civil_yacht/P3295.bmp,24,030.Civil_yacht,24,030.Civil_yacht,0.999997
/mnt/e/aircas/dht/graduation/dataset/ship_fine/test/030.Civil_yacht/P3399.bmp,24,030.Civil_yacht,24,030.Civil_yacht,0.999724
/mnt/e/aircas/dht/graduation/dataset/ship_fine/test/030.Civil_yacht/P3591.bmp,24,030.Civil_yacht,24,030.Civil_yacht,0.895467
/mnt/e/aircas/dht/graduation/dataset/ship_fine/test/030.Civil_yacht/P3662.bmp,24,030.Civil_yacht,24,030.Civil_yacht,0.998009
/mnt/e/aircas/dht/graduation/dataset/ship_fine/test/030.Civil_yacht/P3745.bmp,24,030.Civil_yacht,24,030.Civil_yacht,0.946373
/mnt/e/aircas/dht/graduation/dataset/ship_fine/test/030.Civil_yacht/P3832.bmp,24,030.Civil_yacht,24,030.Civil_yacht,0.999997
/mnt/e/aircas/dht/graduation/dataset/ship_fine/test/030.Civil_yacht/P4055.bmp,24,030.Civil_yacht,24,030.Civil_yacht,0.999432
/mnt/e/aircas/dht/graduation/dataset/ship_fine/test/030.Civil_yacht/P4221.bmp,24,030.Civil_yacht,24,030.Civil_yacht,0.897673
/mnt/e/aircas/dht/graduation/dataset/ship_fine/test/030.Civil_yacht/P4309.bmp,24,030.Civil_yacht,24,030.Civil_yacht,0.999999
/mnt/e/aircas/dht/graduation/dataset/ship_fine/test/030.Civil_yacht/P4355.bmp,24,030.Civil_yacht,24,030.Civil_yacht,0.999080
/mnt/e/aircas/dht/graduation/dataset/ship_fine/test/030.Civil_yacht/P4387.bmp,24,030.Civil_yacht,24,030.Civil_yacht,0.999860
/mnt/e/aircas/dht/graduation/dataset/ship_fine/test/030.Civil_yacht/P4445.bmp,24,030.Civil_yacht,24,030.Civil_yacht,0.999961
/mnt/e/aircas/dht/graduation/dataset/ship_fine/test/030.Civil_yacht/P4451.bmp,24,030.Civil_yacht,24,030.Civil_yacht,0.999996
/mnt/e/aircas/dht/graduation/dataset/ship_fine/test/030.Civil_yacht/P4566.bmp,24,030.Civil_yacht,24,030.Civil_yacht,0.998215
/mnt/e/aircas/dht/graduation/dataset/ship_fine/test/030.Civil_yacht/P4668.bmp,24,030.Civil_yacht,24,030.Civil_yacht,0.995767
/mnt/e/aircas/dht/graduation/dataset/ship_fine/test/030.Civil_yacht/P4915.bmp,24,030.Civil_yacht,24,030.Civil_yacht,0.999994
/mnt/e/aircas/dht/graduation/dataset/ship_fine/test/030.Civil_yacht/P4933.bmp,24,030.Civil_yacht,24,030.Civil_yacht,0.999998
/mnt/e/aircas/dht/graduation/dataset/ship_fine/test/030.Civil_yacht/P5046.bmp,24,030.Civil_yacht,24,030.Civil_yacht,0.999976
/mnt/e/aircas/dht/graduation/dataset/ship_fine/test/030.Civil_yacht/P5054.bmp,24,030.Civil_yacht,24,030.Civil_yacht,0.999959
/mnt/e/aircas/dht/graduation/dataset/ship_fine/test/030.Civil_yacht/P5079.bmp,24,030.Civil_yacht,24,030.Civil_yacht,0.999995
/mnt/e/aircas/dht/graduation/dataset/ship_fine/test/030.Civil_yacht/P5216.bmp,24,030.Civil_yacht,24,030.Civil_yacht,0.996734
/mnt/e/aircas/dht/graduation/dataset/ship_fine/test/030.Civil_yacht/P5319.bmp,24,030.Civil_yacht,24,030.Civil_yacht,0.999470
/mnt/e/aircas/dht/graduation/dataset/ship_fine/test/030.Civil_yacht/P5532.bmp,24,030.Civil_yacht,24,030.Civil_yacht,0.926654
/mnt/e/aircas/dht/graduation/dataset/ship_fine/test/030.Civil_yacht/P5686.bmp,24,030.Civil_yacht,24,030.Civil_yacht,0.999756
/mnt/e/aircas/dht/graduation/dataset/ship_fine/test/030.Civil_yacht/P5788.bmp,24,030.Civil_yacht,24,030.Civil_yacht,0.997621
/mnt/e/aircas/dht/graduation/dataset/ship_fine/test/030.Civil_yacht/P6065.bmp,24,030.Civil_yacht,24,030.Civil_yacht,0.999995
/mnt/e/aircas/dht/graduation/dataset/ship_fine/test/030.Civil_yacht/P6434.bmp,24,030.Civil_yacht,24,030.Civil_yacht,0.999998
/mnt/e/aircas/dht/graduation/dataset/ship_fine/test/030.Civil_yacht/P6787.bmp,24,030.Civil_yacht,24,030.Civil_yacht,0.999726
/mnt/e/aircas/dht/graduation/dataset/ship_fine/test/030.Civil_yacht/P6946.bmp,24,030.Civil_yacht,24,030.Civil_yacht,0.999117
/mnt/e/aircas/dht/graduation/dataset/ship_fine/test/030.Civil_yacht/P6950.bmp,24,030.Civil_yacht,24,030.Civil_yacht,0.999998
/mnt/e/aircas/dht/graduation/dataset/ship_fine/test/030.Civil_yacht/P6995.bmp,24,030.Civil_yacht,5,009.Arleigh_Burke-class_destroyer,0.691374
/mnt/e/aircas/dht/graduation/dataset/ship_fine/test/030.Civil_yacht/P7153.bmp,24,030.Civil_yacht,4,008.Ticonderoga-class_cruiser,0.838465
/mnt/e/aircas/dht/graduation/dataset/ship_fine/test/030.Civil_yacht/P7160.bmp,24,030.Civil_yacht,24,030.Civil_yacht,0.999501
/mnt/e/aircas/dht/graduation/dataset/ship_fine/test/030.Civil_yacht/P7204.bmp,24,030.Civil_yacht,24,030.Civil_yacht,0.976329
/mnt/e/aircas/dht/graduation/dataset/ship_fine/test/030.Civil_yacht/P7267.bmp,24,030.Civil_yacht,24,030.Civil_yacht,0.999967
/mnt/e/aircas/dht/graduation/dataset/ship_fine/test/030.Civil_yacht/P7525.bmp,24,030.Civil_yacht,24,030.Civil_yacht,0.999985
/mnt/e/aircas/dht/graduation/dataset/ship_fine/test/030.Civil_yacht/P7591.bmp,24,030.Civil_yacht,24,030.Civil_yacht,0.989222
/mnt/e/aircas/dht/graduation/dataset/ship_fine/test/030.Civil_yacht/P7634.bmp,24,030.Civil_yacht,24,030.Civil_yacht,0.999956
/mnt/e/aircas/dht/graduation/dataset/ship_fine/test/030.Civil_yacht/P7690.bmp,24,030.Civil_yacht,24,030.Civil_yacht,0.999931
/mnt/e/aircas/dht/graduation/dataset/ship_fine/test/030.Civil_yacht/P7798.bmp,24,030.Civil_yacht,24,030.Civil_yacht,0.999205
/mnt/e/aircas/dht/graduation/dataset/ship_fine/test/030.Civil_yacht/P7803.bmp,24,030.Civil_yacht,24,030.Civil_yacht,0.999994
/mnt/e/aircas/dht/graduation/dataset/ship_fine/test/030.Civil_yacht/P8498.bmp,24,030.Civil_yacht,24,030.Civil_yacht,0.999915
/mnt/e/aircas/dht/graduation/dataset/ship_fine/test/030.Civil_yacht/P8572.bmp,24,030.Civil_yacht,24,030.Civil_yacht,0.545139
/mnt/e/aircas/dht/graduation/dataset/ship_fine/test/030.Civil_yacht/P9071.bmp,24,030.Civil_yacht,24,030.Civil_yacht,0.999986
/mnt/e/aircas/dht/graduation/dataset/ship_fine/test/030.Civil_yacht/P9178.bmp,24,030.Civil_yacht,24,030.Civil_yacht,0.999697
/mnt/e/aircas/dht/graduation/dataset/ship_fine/test/030.Civil_yacht/P9754.bmp,24,030.Civil_yacht,24,030.Civil_yacht,0.999998
/mnt/e/aircas/dht/graduation/dataset/ship_fine/test/030.Civil_yacht/P9846.bmp,24,030.Civil_yacht,24,030.Civil_yacht,0.990948
/mnt/e/aircas/dht/graduation/dataset/ship_fine/test/030.Civil_yacht/P9944.bmp,24,030.Civil_yacht,24,030.Civil_yacht,0.999873
/mnt/e/aircas/dht/graduation/dataset/ship_fine/test/031.Medical_ship/P1265.bmp,25,031.Medical_ship,25,031.Medical_ship,0.944995
/mnt/e/aircas/dht/graduation/dataset/ship_fine/test/031.Medical_ship/P2290.bmp,25,031.Medical_ship,9,014.Wasp-class_assault_ship,0.801807
/mnt/e/aircas/dht/graduation/dataset/ship_fine/test/031.Medical_ship/P2333.bmp,25,031.Medical_ship,25,031.Medical_ship,0.317547
/mnt/e/aircas/dht/graduation/dataset/ship_fine/test/031.Medical_ship/P2382.bmp,25,031.Medical_ship,25,031.Medical_ship,0.994724
/mnt/e/aircas/dht/graduation/dataset/ship_fine/test/031.Medical_ship/P2535.bmp,25,031.Medical_ship,25,031.Medical_ship,0.999979
/mnt/e/aircas/dht/graduation/dataset/ship_fine/test/031.Medical_ship/P2644.bmp,25,031.Medical_ship,24,030.Civil_yacht,0.963128
/mnt/e/aircas/dht/graduation/dataset/ship_fine/test/031.Medical_ship/P3036.bmp,25,031.Medical_ship,25,031.Medical_ship,0.996535
/mnt/e/aircas/dht/graduation/dataset/ship_fine/test/031.Medical_ship/P3375.bmp,25,031.Medical_ship,19,025.Megayacht,0.677432
/mnt/e/aircas/dht/graduation/dataset/ship_fine/test/031.Medical_ship/P3508.bmp,25,031.Medical_ship,25,031.Medical_ship,0.984435
/mnt/e/aircas/dht/graduation/dataset/ship_fine/test/031.Medical_ship/P5280.bmp,25,031.Medical_ship,25,031.Medical_ship,0.999837
/mnt/e/aircas/dht/graduation/dataset/ship_fine/test/031.Medical_ship/P5436.bmp,25,031.Medical_ship,5,009.Arleigh_Burke-class_destroyer,0.362013
/mnt/e/aircas/dht/graduation/dataset/ship_fine/test/031.Medical_ship/P5621.bmp,25,031.Medical_ship,5,009.Arleigh_Burke-class_destroyer,0.924906
/mnt/e/aircas/dht/graduation/dataset/ship_fine/test/031.Medical_ship/P5676.bmp,25,031.Medical_ship,25,031.Medical_ship,0.999304
/mnt/e/aircas/dht/graduation/dataset/ship_fine/test/031.Medical_ship/P5914.bmp,25,031.Medical_ship,25,031.Medical_ship,0.977958
/mnt/e/aircas/dht/graduation/dataset/ship_fine/test/031.Medical_ship/P6001.bmp,25,031.Medical_ship,25,031.Medical_ship,0.924956
/mnt/e/aircas/dht/graduation/dataset/ship_fine/test/031.Medical_ship/P6231.bmp,25,031.Medical_ship,5,009.Arleigh_Burke-class_destroyer,0.989495
/mnt/e/aircas/dht/graduation/dataset/ship_fine/test/031.Medical_ship/P6648.bmp,25,031.Medical_ship,9,014.Wasp-class_assault_ship,0.844977
/mnt/e/aircas/dht/graduation/dataset/ship_fine/test/031.Medical_ship/P6667.bmp,25,031.Medical_ship,25,031.Medical_ship,0.797607
/mnt/e/aircas/dht/graduation/dataset/ship_fine/test/031.Medical_ship/P7093.bmp,25,031.Medical_ship,25,031.Medical_ship,0.999912
/mnt/e/aircas/dht/graduation/dataset/ship_fine/test/031.Medical_ship/P7098.bmp,25,031.Medical_ship,25,031.Medical_ship,0.745701
/mnt/e/aircas/dht/graduation/dataset/ship_fine/test/031.Medical_ship/P7157.bmp,25,031.Medical_ship,25,031.Medical_ship,0.308427
/mnt/e/aircas/dht/graduation/dataset/ship_fine/test/031.Medical_ship/P8039.bmp,25,031.Medical_ship,25,031.Medical_ship,0.999407
/mnt/e/aircas/dht/graduation/dataset/ship_fine/test/031.Medical_ship/P8118.bmp,25,031.Medical_ship,25,031.Medical_ship,0.939967
/mnt/e/aircas/dht/graduation/dataset/ship_fine/test/031.Medical_ship/P8224.bmp,25,031.Medical_ship,25,031.Medical_ship,0.997419
/mnt/e/aircas/dht/graduation/dataset/ship_fine/test/031.Medical_ship/P8285.bmp,25,031.Medical_ship,24,030.Civil_yacht,0.673370
/mnt/e/aircas/dht/graduation/dataset/ship_fine/test/031.Medical_ship/P8324.bmp,25,031.Medical_ship,25,031.Medical_ship,0.999939
/mnt/e/aircas/dht/graduation/dataset/ship_fine/test/031.Medical_ship/P8330.bmp,25,031.Medical_ship,25,031.Medical_ship,0.999974
/mnt/e/aircas/dht/graduation/dataset/ship_fine/test/031.Medical_ship/P8373.bmp,25,031.Medical_ship,25,031.Medical_ship,0.999980
/mnt/e/aircas/dht/graduation/dataset/ship_fine/test/031.Medical_ship/P8524.bmp,25,031.Medical_ship,25,031.Medical_ship,0.999909
/mnt/e/aircas/dht/graduation/dataset/ship_fine/test/031.Medical_ship/P8797.bmp,25,031.Medical_ship,25,031.Medical_ship,0.877503
/mnt/e/aircas/dht/graduation/dataset/ship_fine/test/031.Medical_ship/P9470.bmp,25,031.Medical_ship,25,031.Medical_ship,0.995994
/mnt/e/aircas/dht/graduation/dataset/ship_fine/test/031.Medical_ship/P9740.bmp,25,031.Medical_ship,25,031.Medical_ship,0.835311
/mnt/e/aircas/dht/graduation/dataset/ship_fine/test/032.Sand_carrier/P0495.bmp,26,032.Sand_carrier,26,032.Sand_carrier,0.999852
/mnt/e/aircas/dht/graduation/dataset/ship_fine/test/032.Sand_carrier/P0939.bmp,26,032.Sand_carrier,26,032.Sand_carrier,0.999503
/mnt/e/aircas/dht/graduation/dataset/ship_fine/test/032.Sand_carrier/P2070.bmp,26,032.Sand_carrier,26,032.Sand_carrier,0.999860
/mnt/e/aircas/dht/graduation/dataset/ship_fine/test/032.Sand_carrier/P2096.bmp,26,032.Sand_carrier,26,032.Sand_carrier,0.994679
/mnt/e/aircas/dht/graduation/dataset/ship_fine/test/032.Sand_carrier/P2432.bmp,26,032.Sand_carrier,26,032.Sand_carrier,0.999902
/mnt/e/aircas/dht/graduation/dataset/ship_fine/test/032.Sand_carrier/P2493.bmp,26,032.Sand_carrier,26,032.Sand_carrier,0.999644
/mnt/e/aircas/dht/graduation/dataset/ship_fine/test/032.Sand_carrier/P2663.bmp,26,032.Sand_carrier,5,009.Arleigh_Burke-class_destroyer,0.505488
/mnt/e/aircas/dht/graduation/dataset/ship_fine/test/032.Sand_carrier/P2701.bmp,26,032.Sand_carrier,26,032.Sand_carrier,0.997647
/mnt/e/aircas/dht/graduation/dataset/ship_fine/test/032.Sand_carrier/P3001.bmp,26,032.Sand_carrier,26,032.Sand_carrier,0.998941
/mnt/e/aircas/dht/graduation/dataset/ship_fine/test/032.Sand_carrier/P3413.bmp,26,032.Sand_carrier,26,032.Sand_carrier,0.999129
/mnt/e/aircas/dht/graduation/dataset/ship_fine/test/032.Sand_carrier/P4333.bmp,26,032.Sand_carrier,26,032.Sand_carrier,0.999250
/mnt/e/aircas/dht/graduation/dataset/ship_fine/test/032.Sand_carrier/P5642.bmp,26,032.Sand_carrier,26,032.Sand_carrier,0.999721
/mnt/e/aircas/dht/graduation/dataset/ship_fine/test/032.Sand_carrier/P6072.bmp,26,032.Sand_carrier,26,032.Sand_carrier,0.998959
/mnt/e/aircas/dht/graduation/dataset/ship_fine/test/032.Sand_carrier/P7152.bmp,26,032.Sand_carrier,26,032.Sand_carrier,0.999494
/mnt/e/aircas/dht/graduation/dataset/ship_fine/test/032.Sand_carrier/P7383.bmp,26,032.Sand_carrier,26,032.Sand_carrier,0.999965
/mnt/e/aircas/dht/graduation/dataset/ship_fine/test/032.Sand_carrier/P7950.bmp,26,032.Sand_carrier,26,032.Sand_carrier,0.956236
/mnt/e/aircas/dht/graduation/dataset/ship_fine/test/032.Sand_carrier/P8071.bmp,26,032.Sand_carrier,26,032.Sand_carrier,0.999954
/mnt/e/aircas/dht/graduation/dataset/ship_fine/test/032.Sand_carrier/P8225.bmp,26,032.Sand_carrier,26,032.Sand_carrier,0.988781
/mnt/e/aircas/dht/graduation/dataset/ship_fine/test/032.Sand_carrier/P8270.bmp,26,032.Sand_carrier,26,032.Sand_carrier,0.989306
/mnt/e/aircas/dht/graduation/dataset/ship_fine/test/032.Sand_carrier/P8382.bmp,26,032.Sand_carrier,26,032.Sand_carrier,0.999415
/mnt/e/aircas/dht/graduation/dataset/ship_fine/test/032.Sand_carrier/P9276.bmp,26,032.Sand_carrier,26,032.Sand_carrier,0.958027
/mnt/e/aircas/dht/graduation/dataset/ship_fine/test/032.Sand_carrier/P9523.bmp,26,032.Sand_carrier,26,032.Sand_carrier,0.999939
/mnt/e/aircas/dht/graduation/dataset/ship_fine/test/033.Tank_ship/P0508.bmp,27,033.Tank_ship,27,033.Tank_ship,0.860097
/mnt/e/aircas/dht/graduation/dataset/ship_fine/test/033.Tank_ship/P0783.bmp,27,033.Tank_ship,27,033.Tank_ship,0.975644
/mnt/e/aircas/dht/graduation/dataset/ship_fine/test/033.Tank_ship/P1228.bmp,27,033.Tank_ship,27,033.Tank_ship,0.976757
/mnt/e/aircas/dht/graduation/dataset/ship_fine/test/033.Tank_ship/P1548.bmp,27,033.Tank_ship,27,033.Tank_ship,0.997669
/mnt/e/aircas/dht/graduation/dataset/ship_fine/test/033.Tank_ship/P2397.bmp,27,033.Tank_ship,27,033.Tank_ship,0.999597
/mnt/e/aircas/dht/graduation/dataset/ship_fine/test/033.Tank_ship/P2649.bmp,27,033.Tank_ship,27,033.Tank_ship,0.771344
/mnt/e/aircas/dht/graduation/dataset/ship_fine/test/033.Tank_ship/P2881.bmp,27,033.Tank_ship,27,033.Tank_ship,0.792512
/mnt/e/aircas/dht/graduation/dataset/ship_fine/test/033.Tank_ship/P3056.bmp,27,033.Tank_ship,27,033.Tank_ship,0.795832
/mnt/e/aircas/dht/graduation/dataset/ship_fine/test/033.Tank_ship/P3627.bmp,27,033.Tank_ship,27,033.Tank_ship,0.963596
/mnt/e/aircas/dht/graduation/dataset/ship_fine/test/033.Tank_ship/P4009.bmp,27,033.Tank_ship,27,033.Tank_ship,0.997827
/mnt/e/aircas/dht/graduation/dataset/ship_fine/test/033.Tank_ship/P4464.bmp,27,033.Tank_ship,27,033.Tank_ship,0.999644
/mnt/e/aircas/dht/graduation/dataset/ship_fine/test/033.Tank_ship/P5803.bmp,27,033.Tank_ship,27,033.Tank_ship,0.962951
/mnt/e/aircas/dht/graduation/dataset/ship_fine/test/033.Tank_ship/P6016.bmp,27,033.Tank_ship,27,033.Tank_ship,0.998868
/mnt/e/aircas/dht/graduation/dataset/ship_fine/test/033.Tank_ship/P6358.bmp,27,033.Tank_ship,27,033.Tank_ship,0.993669
/mnt/e/aircas/dht/graduation/dataset/ship_fine/test/033.Tank_ship/P9073.bmp,27,033.Tank_ship,27,033.Tank_ship,0.495980
/mnt/e/aircas/dht/graduation/dataset/ship_fine/test/033.Tank_ship/P9750.bmp,27,033.Tank_ship,27,033.Tank_ship,0.998261
