filepath,true_idx,true_name,pred_idx,pred_name,prob
/mnt/e/aircas/dht/graduation/dataset/ship_fine/test/001.Nimitz-class_aircraft_carrier/P0031.bmp,0,001.Nimitz-class_aircraft_carrier,0,001.Nimitz-class_aircraft_carrier,0.976534
/mnt/e/aircas/dht/graduation/dataset/ship_fine/test/001.Nimitz-class_aircraft_carrier/P0145.bmp,0,001.Nimitz-class_aircraft_carrier,0,001.Nimitz-class_aircraft_carrier,0.999634
/mnt/e/aircas/dht/graduation/dataset/ship_fine/test/001.Nimitz-class_aircraft_carrier/P0212.bmp,0,001.Nimitz-class_aircraft_carrier,0,001.Nimitz-class_aircraft_carrier,0.999948
/mnt/e/aircas/dht/graduation/dataset/ship_fine/test/001.Nimitz-class_aircraft_carrier/P0267.bmp,0,001.Nimitz-class_aircraft_carrier,0,001.Nimitz-class_aircraft_carrier,0.999786
/mnt/e/aircas/dht/graduation/dataset/ship_fine/test/001.Nimitz-class_aircraft_carrier/P0418.bmp,0,001.Nimitz-class_aircraft_carrier,0,001.Nimitz-class_aircraft_carrier,0.916324
/mnt/e/aircas/dht/graduation/dataset/ship_fine/test/001.Nimitz-class_aircraft_carrier/P0696.bmp,0,001.Nimitz-class_aircraft_carrier,0,001.Nimitz-class_aircraft_carrier,0.737177
/mnt/e/aircas/dht/graduation/dataset/ship_fine/test/001.Nimitz-class_aircraft_carrier/P0835.bmp,0,001.Nimitz-class_aircraft_carrier,0,001.Nimitz-class_aircraft_carrier,0.999492
/mnt/e/aircas/dht/graduation/dataset/ship_fine/test/001.Nimitz-class_aircraft_carrier/P1140.bmp,0,001.Nimitz-class_aircraft_carrier,0,001.Nimitz-class_aircraft_carrier,0.999661
/mnt/e/aircas/dht/graduation/dataset/ship_fine/test/001.Nimitz-class_aircraft_carrier/P1223.bmp,0,001.Nimitz-class_aircraft_carrier,0,001.Nimitz-class_aircraft_carrier,0.822132
/mnt/e/aircas/dht/graduation/dataset/ship_fine/test/001.Nimitz-class_aircraft_carrier/P1252.bmp,0,001.Nimitz-class_aircraft_carrier,0,001.Nimitz-class_aircraft_carrier,0.998868
/mnt/e/aircas/dht/graduation/dataset/ship_fine/test/001.Nimitz-class_aircraft_carrier/P1435.bmp,0,001.Nimitz-class_aircraft_carrier,0,001.Nimitz-class_aircraft_carrier,0.996913
/mnt/e/aircas/dht/graduation/dataset/ship_fine/test/001.Nimitz-class_aircraft_carrier/P1596.bmp,0,001.Nimitz-class_aircraft_carrier,0,001.Nimitz-class_aircraft_carrier,0.998870
/mnt/e/aircas/dht/graduation/dataset/ship_fine/test/001.Nimitz-class_aircraft_carrier/P1651.bmp,0,001.Nimitz-class_aircraft_carrier,0,001.Nimitz-class_aircraft_carrier,0.999747
/mnt/e/aircas/dht/graduation/dataset/ship_fine/test/001.Nimitz-class_aircraft_carrier/P1787.bmp,0,001.Nimitz-class_aircraft_carrier,0,001.Nimitz-class_aircraft_carrier,0.999008
/mnt/e/aircas/dht/graduation/dataset/ship_fine/test/001.Nimitz-class_aircraft_carrier/P2176.bmp,0,001.Nimitz-class_aircraft_carrier,4,008.Ticonderoga-class_cruiser,0.764963
/mnt/e/aircas/dht/graduation/dataset/ship_fine/test/001.Nimitz-class_aircraft_carrier/P2190.bmp,0,001.Nimitz-class_aircraft_carrier,0,001.Nimitz-class_aircraft_carrier,0.999723
/mnt/e/aircas/dht/graduation/dataset/ship_fine/test/001.Nimitz-class_aircraft_carrier/P2198.bmp,0,001.Nimitz-class_aircraft_carrier,0,001.Nimitz-class_aircraft_carrier,0.999843
/mnt/e/aircas/dht/graduation/dataset/ship_fine/test/001.Nimitz-class_aircraft_carrier/P2379.bmp,0,001.Nimitz-class_aircraft_carrier,0,001.Nimitz-class_aircraft_carrier,0.999913
/mnt/e/aircas/dht/graduation/dataset/ship_fine/test/001.Nimitz-class_aircraft_carrier/P2429.bmp,0,001.Nimitz-class_aircraft_carrier,0,001.Nimitz-class_aircraft_carrier,0.999644
/mnt/e/aircas/dht/graduation/dataset/ship_fine/test/001.Nimitz-class_aircraft_carrier/P2674.bmp,0,001.Nimitz-class_aircraft_carrier,0,001.Nimitz-class_aircraft_carrier,0.964187
/mnt/e/aircas/dht/graduation/dataset/ship_fine/test/001.Nimitz-class_aircraft_carrier/P2845.bmp,0,001.Nimitz-class_aircraft_carrier,0,001.Nimitz-class_aircraft_carrier,0.586604
/mnt/e/aircas/dht/graduation/dataset/ship_fine/test/001.Nimitz-class_aircraft_carrier/P2938.bmp,0,001.Nimitz-class_aircraft_carrier,0,001.Nimitz-class_aircraft_carrier,0.999917
/mnt/e/aircas/dht/graduation/dataset/ship_fine/test/001.Nimitz-class_aircraft_carrier/P3016.bmp,0,001.Nimitz-class_aircraft_carrier,0,001.Nimitz-class_aircraft_carrier,0.998565
/mnt/e/aircas/dht/graduation/dataset/ship_fine/test/001.Nimitz-class_aircraft_carrier/P3632.bmp,0,001.Nimitz-class_aircraft_carrier,0,001.Nimitz-class_aircraft_carrier,0.999956
/mnt/e/aircas/dht/graduation/dataset/ship_fine/test/001.Nimitz-class_aircraft_carrier/P3727.bmp,0,001.Nimitz-class_aircraft_carrier,0,001.Nimitz-class_aircraft_carrier,0.998132
/mnt/e/aircas/dht/graduation/dataset/ship_fine/test/001.Nimitz-class_aircraft_carrier/P3976.bmp,0,001.Nimitz-class_aircraft_carrier,0,001.Nimitz-class_aircraft_carrier,0.995152
/mnt/e/aircas/dht/graduation/dataset/ship_fine/test/001.Nimitz-class_aircraft_carrier/P4377.bmp,0,001.Nimitz-class_aircraft_carrier,0,001.Nimitz-class_aircraft_carrier,0.538163
/mnt/e/aircas/dht/graduation/dataset/ship_fine/test/001.Nimitz-class_aircraft_carrier/P4895.bmp,0,001.Nimitz-class_aircraft_carrier,0,001.Nimitz-class_aircraft_carrier,0.990600
/mnt/e/aircas/dht/graduation/dataset/ship_fine/test/001.Nimitz-class_aircraft_carrier/P4958.bmp,0,001.Nimitz-class_aircraft_carrier,0,001.Nimitz-class_aircraft_carrier,0.995909
/mnt/e/aircas/dht/graduation/dataset/ship_fine/test/001.Nimitz-class_aircraft_carrier/P5151.bmp,0,001.Nimitz-class_aircraft_carrier,0,001.Nimitz-class_aircraft_carrier,0.999753
/mnt/e/aircas/dht/graduation/dataset/ship_fine/test/001.Nimitz-class_aircraft_carrier/P5298.bmp,0,001.Nimitz-class_aircraft_carrier,0,001.Nimitz-class_aircraft_carrier,0.999799
/mnt/e/aircas/dht/graduation/dataset/ship_fine/test/001.Nimitz-class_aircraft_carrier/P5299.bmp,0,001.Nimitz-class_aircraft_carrier,0,001.Nimitz-class_aircraft_carrier,0.994508
/mnt/e/aircas/dht/graduation/dataset/ship_fine/test/001.Nimitz-class_aircraft_carrier/P5474.bmp,0,001.Nimitz-class_aircraft_carrier,0,001.Nimitz-class_aircraft_carrier,0.999128
/mnt/e/aircas/dht/graduation/dataset/ship_fine/test/001.Nimitz-class_aircraft_carrier/P5584.bmp,0,001.Nimitz-class_aircraft_carrier,0,001.Nimitz-class_aircraft_carrier,0.998926
/mnt/e/aircas/dht/graduation/dataset/ship_fine/test/001.Nimitz-class_aircraft_carrier/P5641.bmp,0,001.Nimitz-class_aircraft_carrier,0,001.Nimitz-class_aircraft_carrier,0.999377
/mnt/e/aircas/dht/graduation/dataset/ship_fine/test/001.Nimitz-class_aircraft_carrier/P5970.bmp,0,001.Nimitz-class_aircraft_carrier,0,001.Nimitz-class_aircraft_carrier,0.999430
/mnt/e/aircas/dht/graduation/dataset/ship_fine/test/001.Nimitz-class_aircraft_carrier/P6006.bmp,0,001.Nimitz-class_aircraft_carrier,0,001.Nimitz-class_aircraft_carrier,0.999838
/mnt/e/aircas/dht/graduation/dataset/ship_fine/test/001.Nimitz-class_aircraft_carrier/P6041.bmp,0,001.Nimitz-class_aircraft_carrier,0,001.Nimitz-class_aircraft_carrier,0.992224
/mnt/e/aircas/dht/graduation/dataset/ship_fine/test/001.Nimitz-class_aircraft_carrier/P6090.bmp,0,001.Nimitz-class_aircraft_carrier,0,001.Nimitz-class_aircraft_carrier,0.995619
/mnt/e/aircas/dht/graduation/dataset/ship_fine/test/001.Nimitz-class_aircraft_carrier/P6340.bmp,0,001.Nimitz-class_aircraft_carrier,0,001.Nimitz-class_aircraft_carrier,0.999581
/mnt/e/aircas/dht/graduation/dataset/ship_fine/test/001.Nimitz-class_aircraft_carrier/P6546.bmp,0,001.Nimitz-class_aircraft_carrier,0,001.Nimitz-class_aircraft_carrier,0.999810
/mnt/e/aircas/dht/graduation/dataset/ship_fine/test/001.Nimitz-class_aircraft_carrier/P6639.bmp,0,001.Nimitz-class_aircraft_carrier,0,001.Nimitz-class_aircraft_carrier,0.999163
/mnt/e/aircas/dht/graduation/dataset/ship_fine/test/001.Nimitz-class_aircraft_carrier/P6652.bmp,0,001.Nimitz-class_aircraft_carrier,0,001.Nimitz-class_aircraft_carrier,0.999972
/mnt/e/aircas/dht/graduation/dataset/ship_fine/test/001.Nimitz-class_aircraft_carrier/P7110.bmp,0,001.Nimitz-class_aircraft_carrier,0,001.Nimitz-class_aircraft_carrier,0.998913
/mnt/e/aircas/dht/graduation/dataset/ship_fine/test/001.Nimitz-class_aircraft_carrier/P7151.bmp,0,001.Nimitz-class_aircraft_carrier,0,001.Nimitz-class_aircraft_carrier,0.999288
/mnt/e/aircas/dht/graduation/dataset/ship_fine/test/001.Nimitz-class_aircraft_carrier/P7158.bmp,0,001.Nimitz-class_aircraft_carrier,0,001.Nimitz-class_aircraft_carrier,0.980764
/mnt/e/aircas/dht/graduation/dataset/ship_fine/test/001.Nimitz-class_aircraft_carrier/P7675.bmp,0,001.Nimitz-class_aircraft_carrier,0,001.Nimitz-class_aircraft_carrier,0.999482
/mnt/e/aircas/dht/graduation/dataset/ship_fine/test/001.Nimitz-class_aircraft_carrier/P7748.bmp,0,001.Nimitz-class_aircraft_carrier,0,001.Nimitz-class_aircraft_carrier,0.999508
/mnt/e/aircas/dht/graduation/dataset/ship_fine/test/001.Nimitz-class_aircraft_carrier/P7798.bmp,0,001.Nimitz-class_aircraft_carrier,0,001.Nimitz-class_aircraft_carrier,0.901686
/mnt/e/aircas/dht/graduation/dataset/ship_fine/test/001.Nimitz-class_aircraft_carrier/P7846.bmp,0,001.Nimitz-class_aircraft_carrier,0,001.Nimitz-class_aircraft_carrier,0.999776
/mnt/e/aircas/dht/graduation/dataset/ship_fine/test/001.Nimitz-class_aircraft_carrier/P7935.bmp,0,001.Nimitz-class_aircraft_carrier,0,001.Nimitz-class_aircraft_carrier,0.998971
/mnt/e/aircas/dht/graduation/dataset/ship_fine/test/001.Nimitz-class_aircraft_carrier/P8158.bmp,0,001.Nimitz-class_aircraft_carrier,0,001.Nimitz-class_aircraft_carrier,0.987081
/mnt/e/aircas/dht/graduation/dataset/ship_fine/test/001.Nimitz-class_aircraft_carrier/P8200.bmp,0,001.Nimitz-class_aircraft_carrier,0,001.Nimitz-class_aircraft_carrier,0.999537
/mnt/e/aircas/dht/graduation/dataset/ship_fine/test/001.Nimitz-class_aircraft_carrier/P9548.bmp,0,001.Nimitz-class_aircraft_carrier,0,001.Nimitz-class_aircraft_carrier,0.998822
/mnt/e/aircas/dht/graduation/dataset/ship_fine/test/001.Nimitz-class_aircraft_carrier/P9623.bmp,0,001.Nimitz-class_aircraft_carrier,0,001.Nimitz-class_aircraft_carrier,0.999839
/mnt/e/aircas/dht/graduation/dataset/ship_fine/test/002.KittyHawk-class_aircraft_carrier/P3209.bmp,1,002.KittyHawk-class_aircraft_carrier,1,002.KittyHawk-class_aircraft_carrier,0.985909
/mnt/e/aircas/dht/graduation/dataset/ship_fine/test/002.KittyHawk-class_aircraft_carrier/P5939.bmp,1,002.KittyHawk-class_aircraft_carrier,1,002.KittyHawk-class_aircraft_carrier,0.999810
/mnt/e/aircas/dht/graduation/dataset/ship_fine/test/002.KittyHawk-class_aircraft_carrier/P6447.bmp,1,002.KittyHawk-class_aircraft_carrier,1,002.KittyHawk-class_aircraft_carrier,0.999783
/mnt/e/aircas/dht/graduation/dataset/ship_fine/test/002.KittyHawk-class_aircraft_carrier/P7298.bmp,1,002.KittyHawk-class_aircraft_carrier,1,002.KittyHawk-class_aircraft_carrier,0.971394
/mnt/e/aircas/dht/graduation/dataset/ship_fine/test/002.KittyHawk-class_aircraft_carrier/P7353.bmp,1,002.KittyHawk-class_aircraft_carrier,2,003.Midway-class_aircraft_carrier,0.405437
/mnt/e/aircas/dht/graduation/dataset/ship_fine/test/002.KittyHawk-class_aircraft_carrier/P8918.bmp,1,002.KittyHawk-class_aircraft_carrier,1,002.KittyHawk-class_aircraft_carrier,0.999472
/mnt/e/aircas/dht/graduation/dataset/ship_fine/test/003.Midway-class_aircraft_carrier/P0024.bmp,2,003.Midway-class_aircraft_carrier,2,003.Midway-class_aircraft_carrier,0.996966
/mnt/e/aircas/dht/graduation/dataset/ship_fine/test/003.Midway-class_aircraft_carrier/P0116.bmp,2,003.Midway-class_aircraft_carrier,2,003.Midway-class_aircraft_carrier,0.999982
/mnt/e/aircas/dht/graduation/dataset/ship_fine/test/003.Midway-class_aircraft_carrier/P0690.bmp,2,003.Midway-class_aircraft_carrier,2,003.Midway-class_aircraft_carrier,0.999925
/mnt/e/aircas/dht/graduation/dataset/ship_fine/test/003.Midway-class_aircraft_carrier/P1267.bmp,2,003.Midway-class_aircraft_carrier,2,003.Midway-class_aircraft_carrier,0.999519
/mnt/e/aircas/dht/graduation/dataset/ship_fine/test/003.Midway-class_aircraft_carrier/P1450.bmp,2,003.Midway-class_aircraft_carrier,2,003.Midway-class_aircraft_carrier,0.999537
/mnt/e/aircas/dht/graduation/dataset/ship_fine/test/003.Midway-class_aircraft_carrier/P1538.bmp,2,003.Midway-class_aircraft_carrier,2,003.Midway-class_aircraft_carrier,0.998358
/mnt/e/aircas/dht/graduation/dataset/ship_fine/test/003.Midway-class_aircraft_carrier/P1812.bmp,2,003.Midway-class_aircraft_carrier,2,003.Midway-class_aircraft_carrier,0.999251
/mnt/e/aircas/dht/graduation/dataset/ship_fine/test/003.Midway-class_aircraft_carrier/P2395.bmp,2,003.Midway-class_aircraft_carrier,2,003.Midway-class_aircraft_carrier,0.999846
/mnt/e/aircas/dht/graduation/dataset/ship_fine/test/003.Midway-class_aircraft_carrier/P2536.bmp,2,003.Midway-class_aircraft_carrier,2,003.Midway-class_aircraft_carrier,0.927685
/mnt/e/aircas/dht/graduation/dataset/ship_fine/test/003.Midway-class_aircraft_carrier/P3257.bmp,2,003.Midway-class_aircraft_carrier,2,003.Midway-class_aircraft_carrier,0.999830
/mnt/e/aircas/dht/graduation/dataset/ship_fine/test/003.Midway-class_aircraft_carrier/P5317.bmp,2,003.Midway-class_aircraft_carrier,2,003.Midway-class_aircraft_carrier,0.988100
/mnt/e/aircas/dht/graduation/dataset/ship_fine/test/003.Midway-class_aircraft_carrier/P5482.bmp,2,003.Midway-class_aircraft_carrier,2,003.Midway-class_aircraft_carrier,0.999986
/mnt/e/aircas/dht/graduation/dataset/ship_fine/test/003.Midway-class_aircraft_carrier/P6646.bmp,2,003.Midway-class_aircraft_carrier,2,003.Midway-class_aircraft_carrier,0.998779
/mnt/e/aircas/dht/graduation/dataset/ship_fine/test/003.Midway-class_aircraft_carrier/P7096.bmp,2,003.Midway-class_aircraft_carrier,2,003.Midway-class_aircraft_carrier,0.999932
/mnt/e/aircas/dht/graduation/dataset/ship_fine/test/003.Midway-class_aircraft_carrier/P7218.bmp,2,003.Midway-class_aircraft_carrier,2,003.Midway-class_aircraft_carrier,0.996817
/mnt/e/aircas/dht/graduation/dataset/ship_fine/test/003.Midway-class_aircraft_carrier/P7782.bmp,2,003.Midway-class_aircraft_carrier,2,003.Midway-class_aircraft_carrier,0.999954
/mnt/e/aircas/dht/graduation/dataset/ship_fine/test/003.Midway-class_aircraft_carrier/P7951.bmp,2,003.Midway-class_aircraft_carrier,2,003.Midway-class_aircraft_carrier,0.992857
/mnt/e/aircas/dht/graduation/dataset/ship_fine/test/003.Midway-class_aircraft_carrier/P8293.bmp,2,003.Midway-class_aircraft_carrier,2,003.Midway-class_aircraft_carrier,0.999954
/mnt/e/aircas/dht/graduation/dataset/ship_fine/test/003.Midway-class_aircraft_carrier/P9375.bmp,2,003.Midway-class_aircraft_carrier,2,003.Midway-class_aircraft_carrier,0.999961
/mnt/e/aircas/dht/graduation/dataset/ship_fine/test/003.Midway-class_aircraft_carrier/P9766.bmp,2,003.Midway-class_aircraft_carrier,2,003.Midway-class_aircraft_carrier,0.999829
/mnt/e/aircas/dht/graduation/dataset/ship_fine/test/004.Kuznetsov-class_aircraft_carrier/P0190.bmp,3,004.Kuznetsov-class_aircraft_carrier,3,004.Kuznetsov-class_aircraft_carrier,0.999971
/mnt/e/aircas/dht/graduation/dataset/ship_fine/test/004.Kuznetsov-class_aircraft_carrier/P4976.bmp,3,004.Kuznetsov-class_aircraft_carrier,3,004.Kuznetsov-class_aircraft_carrier,0.999786
/mnt/e/aircas/dht/graduation/dataset/ship_fine/test/004.Kuznetsov-class_aircraft_carrier/P6432.bmp,3,004.Kuznetsov-class_aircraft_carrier,3,004.Kuznetsov-class_aircraft_carrier,0.942641
/mnt/e/aircas/dht/graduation/dataset/ship_fine/test/004.Kuznetsov-class_aircraft_carrier/P6613.bmp,3,004.Kuznetsov-class_aircraft_carrier,3,004.Kuznetsov-class_aircraft_carrier,0.886479
/mnt/e/aircas/dht/graduation/dataset/ship_fine/test/004.Kuznetsov-class_aircraft_carrier/P6781.bmp,3,004.Kuznetsov-class_aircraft_carrier,3,004.Kuznetsov-class_aircraft_carrier,0.998049
/mnt/e/aircas/dht/graduation/dataset/ship_fine/test/004.Kuznetsov-class_aircraft_carrier/P9448.bmp,3,004.Kuznetsov-class_aircraft_carrier,3,004.Kuznetsov-class_aircraft_carrier,0.896015
/mnt/e/aircas/dht/graduation/dataset/ship_fine/test/008.Ticonderoga-class_cruiser/P0074.bmp,4,008.Ticonderoga-class_cruiser,4,008.Ticonderoga-class_cruiser,0.998687
/mnt/e/aircas/dht/graduation/dataset/ship_fine/test/008.Ticonderoga-class_cruiser/P0111.bmp,4,008.Ticonderoga-class_cruiser,4,008.Ticonderoga-class_cruiser,0.756358
/mnt/e/aircas/dht/graduation/dataset/ship_fine/test/008.Ticonderoga-class_cruiser/P0181.bmp,4,008.Ticonderoga-class_cruiser,4,008.Ticonderoga-class_cruiser,0.981789
/mnt/e/aircas/dht/graduation/dataset/ship_fine/test/008.Ticonderoga-class_cruiser/P0192.bmp,4,008.Ticonderoga-class_cruiser,4,008.Ticonderoga-class_cruiser,0.997445
/mnt/e/aircas/dht/graduation/dataset/ship_fine/test/008.Ticonderoga-class_cruiser/P0197.bmp,4,008.Ticonderoga-class_cruiser,4,008.Ticonderoga-class_cruiser,0.996847
/mnt/e/aircas/dht/graduation/dataset/ship_fine/test/008.Ticonderoga-class_cruiser/P0263.bmp,4,008.Ticonderoga-class_cruiser,4,008.Ticonderoga-class_cruiser,0.986282
/mnt/e/aircas/dht/graduation/dataset/ship_fine/test/008.Ticonderoga-class_cruiser/P0363.bmp,4,008.Ticonderoga-class_cruiser,4,008.Ticonderoga-class_cruiser,0.862010
/mnt/e/aircas/dht/graduation/dataset/ship_fine/test/008.Ticonderoga-class_cruiser/P0367.bmp,4,008.Ticonderoga-class_cruiser,4,008.Ticonderoga-class_cruiser,0.965282
/mnt/e/aircas/dht/graduation/dataset/ship_fine/test/008.Ticonderoga-class_cruiser/P0404.bmp,4,008.Ticonderoga-class_cruiser,4,008.Ticonderoga-class_cruiser,0.932415
/mnt/e/aircas/dht/graduation/dataset/ship_fine/test/008.Ticonderoga-class_cruiser/P0463.bmp,4,008.Ticonderoga-class_cruiser,4,008.Ticonderoga-class_cruiser,0.999625
/mnt/e/aircas/dht/graduation/dataset/ship_fine/test/008.Ticonderoga-class_cruiser/P0516.bmp,4,008.Ticonderoga-class_cruiser,5,009.Arleigh_Burke-class_destroyer,0.829873
/mnt/e/aircas/dht/graduation/dataset/ship_fine/test/008.Ticonderoga-class_cruiser/P0619.bmp,4,008.Ticonderoga-class_cruiser,4,008.Ticonderoga-class_cruiser,0.979716
/mnt/e/aircas/dht/graduation/dataset/ship_fine/test/008.Ticonderoga-class_cruiser/P0853.bmp,4,008.Ticonderoga-class_cruiser,4,008.Ticonderoga-class_cruiser,0.996056
/mnt/e/aircas/dht/graduation/dataset/ship_fine/test/008.Ticonderoga-class_cruiser/P0915.bmp,4,008.Ticonderoga-class_cruiser,4,008.Ticonderoga-class_cruiser,0.996560
/mnt/e/aircas/dht/graduation/dataset/ship_fine/test/008.Ticonderoga-class_cruiser/P0926.bmp,4,008.Ticonderoga-class_cruiser,4,008.Ticonderoga-class_cruiser,0.974257
/mnt/e/aircas/dht/graduation/dataset/ship_fine/test/008.Ticonderoga-class_cruiser/P0997.bmp,4,008.Ticonderoga-class_cruiser,4,008.Ticonderoga-class_cruiser,0.716280
/mnt/e/aircas/dht/graduation/dataset/ship_fine/test/008.Ticonderoga-class_cruiser/P1050.bmp,4,008.Ticonderoga-class_cruiser,4,008.Ticonderoga-class_cruiser,0.896271
/mnt/e/aircas/dht/graduation/dataset/ship_fine/test/008.Ticonderoga-class_cruiser/P1143.bmp,4,008.Ticonderoga-class_cruiser,4,008.Ticonderoga-class_cruiser,0.997460
/mnt/e/aircas/dht/graduation/dataset/ship_fine/test/008.Ticonderoga-class_cruiser/P1456.bmp,4,008.Ticonderoga-class_cruiser,4,008.Ticonderoga-class_cruiser,0.997853
/mnt/e/aircas/dht/graduation/dataset/ship_fine/test/008.Ticonderoga-class_cruiser/P1881.bmp,4,008.Ticonderoga-class_cruiser,17,023.Crane_ship,0.454308
/mnt/e/aircas/dht/graduation/dataset/ship_fine/test/008.Ticonderoga-class_cruiser/P1889.bmp,4,008.Ticonderoga-class_cruiser,4,008.Ticonderoga-class_cruiser,0.934716
/mnt/e/aircas/dht/graduation/dataset/ship_fine/test/008.Ticonderoga-class_cruiser/P1936.bmp,4,008.Ticonderoga-class_cruiser,4,008.Ticonderoga-class_cruiser,0.840156
/mnt/e/aircas/dht/graduation/dataset/ship_fine/test/008.Ticonderoga-class_cruiser/P1991.bmp,4,008.Ticonderoga-class_cruiser,4,008.Ticonderoga-class_cruiser,0.423350
/mnt/e/aircas/dht/graduation/dataset/ship_fine/test/008.Ticonderoga-class_cruiser/P2341.bmp,4,008.Ticonderoga-class_cruiser,4,008.Ticonderoga-class_cruiser,0.998275
/mnt/e/aircas/dht/graduation/dataset/ship_fine/test/008.Ticonderoga-class_cruiser/P2399.bmp,4,008.Ticonderoga-class_cruiser,4,008.Ticonderoga-class_cruiser,0.998585
/mnt/e/aircas/dht/graduation/dataset/ship_fine/test/008.Ticonderoga-class_cruiser/P2473.bmp,4,008.Ticonderoga-class_cruiser,4,008.Ticonderoga-class_cruiser,0.998166
/mnt/e/aircas/dht/graduation/dataset/ship_fine/test/008.Ticonderoga-class_cruiser/P2577.bmp,4,008.Ticonderoga-class_cruiser,4,008.Ticonderoga-class_cruiser,0.998091
/mnt/e/aircas/dht/graduation/dataset/ship_fine/test/008.Ticonderoga-class_cruiser/P2611.bmp,4,008.Ticonderoga-class_cruiser,4,008.Ticonderoga-class_cruiser,0.862720
/mnt/e/aircas/dht/graduation/dataset/ship_fine/test/008.Ticonderoga-class_cruiser/P2653.bmp,4,008.Ticonderoga-class_cruiser,4,008.Ticonderoga-class_cruiser,0.996448
/mnt/e/aircas/dht/graduation/dataset/ship_fine/test/008.Ticonderoga-class_cruiser/P2656.bmp,4,008.Ticonderoga-class_cruiser,4,008.Ticonderoga-class_cruiser,0.613036
/mnt/e/aircas/dht/graduation/dataset/ship_fine/test/008.Ticonderoga-class_cruiser/P2679.bmp,4,008.Ticonderoga-class_cruiser,4,008.Ticonderoga-class_cruiser,0.696574
/mnt/e/aircas/dht/graduation/dataset/ship_fine/test/008.Ticonderoga-class_cruiser/P2687.bmp,4,008.Ticonderoga-class_cruiser,4,008.Ticonderoga-class_cruiser,0.992231
/mnt/e/aircas/dht/graduation/dataset/ship_fine/test/008.Ticonderoga-class_cruiser/P2738.bmp,4,008.Ticonderoga-class_cruiser,5,009.Arleigh_Burke-class_destroyer,0.870621
/mnt/e/aircas/dht/graduation/dataset/ship_fine/test/008.Ticonderoga-class_cruiser/P2828.bmp,4,008.Ticonderoga-class_cruiser,4,008.Ticonderoga-class_cruiser,0.981120
/mnt/e/aircas/dht/graduation/dataset/ship_fine/test/008.Ticonderoga-class_cruiser/P2839.bmp,4,008.Ticonderoga-class_cruiser,4,008.Ticonderoga-class_cruiser,0.995135
/mnt/e/aircas/dht/graduation/dataset/ship_fine/test/008.Ticonderoga-class_cruiser/P2879.bmp,4,008.Ticonderoga-class_cruiser,4,008.Ticonderoga-class_cruiser,0.995614
/mnt/e/aircas/dht/graduation/dataset/ship_fine/test/008.Ticonderoga-class_cruiser/P2897.bmp,4,008.Ticonderoga-class_cruiser,4,008.Ticonderoga-class_cruiser,0.998568
/mnt/e/aircas/dht/graduation/dataset/ship_fine/test/008.Ticonderoga-class_cruiser/P2942.bmp,4,008.Ticonderoga-class_cruiser,4,008.Ticonderoga-class_cruiser,0.987121
/mnt/e/aircas/dht/graduation/dataset/ship_fine/test/008.Ticonderoga-class_cruiser/P3134.bmp,4,008.Ticonderoga-class_cruiser,4,008.Ticonderoga-class_cruiser,0.999340
/mnt/e/aircas/dht/graduation/dataset/ship_fine/test/008.Ticonderoga-class_cruiser/P3405.bmp,4,008.Ticonderoga-class_cruiser,12,018.Whitby_Island-class_dock_landing_ship,0.660341
/mnt/e/aircas/dht/graduation/dataset/ship_fine/test/008.Ticonderoga-class_cruiser/P3435.bmp,4,008.Ticonderoga-class_cruiser,4,008.Ticonderoga-class_cruiser,0.990496
/mnt/e/aircas/dht/graduation/dataset/ship_fine/test/008.Ticonderoga-class_cruiser/P4194.bmp,4,008.Ticonderoga-class_cruiser,4,008.Ticonderoga-class_cruiser,0.999348
/mnt/e/aircas/dht/graduation/dataset/ship_fine/test/008.Ticonderoga-class_cruiser/P4248.bmp,4,008.Ticonderoga-class_cruiser,4,008.Ticonderoga-class_cruiser,0.995102
/mnt/e/aircas/dht/graduation/dataset/ship_fine/test/008.Ticonderoga-class_cruiser/P4336.bmp,4,008.Ticonderoga-class_cruiser,4,008.Ticonderoga-class_cruiser,0.997123
/mnt/e/aircas/dht/graduation/dataset/ship_fine/test/008.Ticonderoga-class_cruiser/P4363.bmp,4,008.Ticonderoga-class_cruiser,4,008.Ticonderoga-class_cruiser,0.993457
/mnt/e/aircas/dht/graduation/dataset/ship_fine/test/008.Ticonderoga-class_cruiser/P4391.bmp,4,008.Ticonderoga-class_cruiser,4,008.Ticonderoga-class_cruiser,0.910824
/mnt/e/aircas/dht/graduation/dataset/ship_fine/test/008.Ticonderoga-class_cruiser/P4717.bmp,4,008.Ticonderoga-class_cruiser,4,008.Ticonderoga-class_cruiser,0.985708
/mnt/e/aircas/dht/graduation/dataset/ship_fine/test/008.Ticonderoga-class_cruiser/P4719.bmp,4,008.Ticonderoga-class_cruiser,4,008.Ticonderoga-class_cruiser,0.995353
/mnt/e/aircas/dht/graduation/dataset/ship_fine/test/008.Ticonderoga-class_cruiser/P4939.bmp,4,008.Ticonderoga-class_cruiser,5,009.Arleigh_Burke-class_destroyer,0.941680
/mnt/e/aircas/dht/graduation/dataset/ship_fine/test/008.Ticonderoga-class_cruiser/P4974.bmp,4,008.Ticonderoga-class_cruiser,4,008.Ticonderoga-class_cruiser,0.992943
/mnt/e/aircas/dht/graduation/dataset/ship_fine/test/008.Ticonderoga-class_cruiser/P5943.bmp,4,008.Ticonderoga-class_cruiser,22,028.Container_ship,0.981312
/mnt/e/aircas/dht/graduation/dataset/ship_fine/test/008.Ticonderoga-class_cruiser/P6386.bmp,4,008.Ticonderoga-class_cruiser,4,008.Ticonderoga-class_cruiser,0.982900
/mnt/e/aircas/dht/graduation/dataset/ship_fine/test/008.Ticonderoga-class_cruiser/P6395.bmp,4,008.Ticonderoga-class_cruiser,9,014.Wasp-class_assault_ship,0.589944
/mnt/e/aircas/dht/graduation/dataset/ship_fine/test/008.Ticonderoga-class_cruiser/P6455.bmp,4,008.Ticonderoga-class_cruiser,4,008.Ticonderoga-class_cruiser,0.995632
/mnt/e/aircas/dht/graduation/dataset/ship_fine/test/008.Ticonderoga-class_cruiser/P6875.bmp,4,008.Ticonderoga-class_cruiser,4,008.Ticonderoga-class_cruiser,0.990021
/mnt/e/aircas/dht/graduation/dataset/ship_fine/test/008.Ticonderoga-class_cruiser/P6961.bmp,4,008.Ticonderoga-class_cruiser,4,008.Ticonderoga-class_cruiser,0.997846
/mnt/e/aircas/dht/graduation/dataset/ship_fine/test/008.Ticonderoga-class_cruiser/P6983.bmp,4,008.Ticonderoga-class_cruiser,4,008.Ticonderoga-class_cruiser,0.958573
/mnt/e/aircas/dht/graduation/dataset/ship_fine/test/008.Ticonderoga-class_cruiser/P7048.bmp,4,008.Ticonderoga-class_cruiser,4,008.Ticonderoga-class_cruiser,0.778233
/mnt/e/aircas/dht/graduation/dataset/ship_fine/test/008.Ticonderoga-class_cruiser/P7116.bmp,4,008.Ticonderoga-class_cruiser,4,008.Ticonderoga-class_cruiser,0.999116
/mnt/e/aircas/dht/graduation/dataset/ship_fine/test/008.Ticonderoga-class_cruiser/P7175.bmp,4,008.Ticonderoga-class_cruiser,4,008.Ticonderoga-class_cruiser,0.999315
/mnt/e/aircas/dht/graduation/dataset/ship_fine/test/009.Arleigh_Burke-class_destroyer/P0000.bmp,5,009.Arleigh_Burke-class_destroyer,5,009.Arleigh_Burke-class_destroyer,0.580116
/mnt/e/aircas/dht/graduation/dataset/ship_fine/test/009.Arleigh_Burke-class_destroyer/P0026.bmp,5,009.Arleigh_Burke-class_destroyer,5,009.Arleigh_Burke-class_destroyer,0.998833
/mnt/e/aircas/dht/graduation/dataset/ship_fine/test/009.Arleigh_Burke-class_destroyer/P0038.bmp,5,009.Arleigh_Burke-class_destroyer,5,009.Arleigh_Burke-class_destroyer,0.987448
/mnt/e/aircas/dht/graduation/dataset/ship_fine/test/009.Arleigh_Burke-class_destroyer/P0064.bmp,5,009.Arleigh_Burke-class_destroyer,5,009.Arleigh_Burke-class_destroyer,0.998187
/mnt/e/aircas/dht/graduation/dataset/ship_fine/test/009.Arleigh_Burke-class_destroyer/P0070.bmp,5,009.Arleigh_Burke-class_destroyer,5,009.Arleigh_Burke-class_destroyer,0.998240
/mnt/e/aircas/dht/graduation/dataset/ship_fine/test/009.Arleigh_Burke-class_destroyer/P0084.bmp,5,009.Arleigh_Burke-class_destroyer,5,009.Arleigh_Burke-class_destroyer,0.979857
/mnt/e/aircas/dht/graduation/dataset/ship_fine/test/009.Arleigh_Burke-class_destroyer/P0092.bmp,5,009.Arleigh_Burke-class_destroyer,5,009.Arleigh_Burke-class_destroyer,0.950281
/mnt/e/aircas/dht/graduation/dataset/ship_fine/test/009.Arleigh_Burke-class_destroyer/P0216.bmp,5,009.Arleigh_Burke-class_destroyer,5,009.Arleigh_Burke-class_destroyer,0.958027
/mnt/e/aircas/dht/graduation/dataset/ship_fine/test/009.Arleigh_Burke-class_destroyer/P0283.bmp,5,009.Arleigh_Burke-class_destroyer,5,009.Arleigh_Burke-class_destroyer,0.990938
/mnt/e/aircas/dht/graduation/dataset/ship_fine/test/009.Arleigh_Burke-class_destroyer/P0508.bmp,5,009.Arleigh_Burke-class_destroyer,5,009.Arleigh_Burke-class_destroyer,0.975592
/mnt/e/aircas/dht/graduation/dataset/ship_fine/test/009.Arleigh_Burke-class_destroyer/P0653.bmp,5,009.Arleigh_Burke-class_destroyer,5,009.Arleigh_Burke-class_destroyer,0.846106
/mnt/e/aircas/dht/graduation/dataset/ship_fine/test/009.Arleigh_Burke-class_destroyer/P0876.bmp,5,009.Arleigh_Burke-class_destroyer,12,018.Whitby_Island-class_dock_landing_ship,0.844280
/mnt/e/aircas/dht/graduation/dataset/ship_fine/test/009.Arleigh_Burke-class_destroyer/P0919.bmp,5,009.Arleigh_Burke-class_destroyer,5,009.Arleigh_Burke-class_destroyer,0.997415
/mnt/e/aircas/dht/graduation/dataset/ship_fine/test/009.Arleigh_Burke-class_destroyer/P0922.bmp,5,009.Arleigh_Burke-class_destroyer,5,009.Arleigh_Burke-class_destroyer,0.999021
/mnt/e/aircas/dht/graduation/dataset/ship_fine/test/009.Arleigh_Burke-class_destroyer/P0925.bmp,5,009.Arleigh_Burke-class_destroyer,5,009.Arleigh_Burke-class_destroyer,0.994999
/mnt/e/aircas/dht/graduation/dataset/ship_fine/test/009.Arleigh_Burke-class_destroyer/P0939.bmp,5,009.Arleigh_Burke-class_destroyer,5,009.Arleigh_Burke-class_destroyer,0.991282
/mnt/e/aircas/dht/graduation/dataset/ship_fine/test/009.Arleigh_Burke-class_destroyer/P1010.bmp,5,009.Arleigh_Burke-class_destroyer,5,009.Arleigh_Burke-class_destroyer,0.999223
/mnt/e/aircas/dht/graduation/dataset/ship_fine/test/009.Arleigh_Burke-class_destroyer/P1027.bmp,5,009.Arleigh_Burke-class_destroyer,4,008.Ticonderoga-class_cruiser,0.911737
/mnt/e/aircas/dht/graduation/dataset/ship_fine/test/009.Arleigh_Burke-class_destroyer/P1034.bmp,5,009.Arleigh_Burke-class_destroyer,5,009.Arleigh_Burke-class_destroyer,0.998131
/mnt/e/aircas/dht/graduation/dataset/ship_fine/test/009.Arleigh_Burke-class_destroyer/P1046.bmp,5,009.Arleigh_Burke-class_destroyer,4,008.Ticonderoga-class_cruiser,0.968215
/mnt/e/aircas/dht/graduation/dataset/ship_fine/test/009.Arleigh_Burke-class_destroyer/P1098.bmp,5,009.Arleigh_Burke-class_destroyer,5,009.Arleigh_Burke-class_destroyer,0.875235
/mnt/e/aircas/dht/graduation/dataset/ship_fine/test/009.Arleigh_Burke-class_destroyer/P1185.bmp,5,009.Arleigh_Burke-class_destroyer,5,009.Arleigh_Burke-class_destroyer,0.998674
/mnt/e/aircas/dht/graduation/dataset/ship_fine/test/009.Arleigh_Burke-class_destroyer/P1377.bmp,5,009.Arleigh_Burke-class_destroyer,5,009.Arleigh_Burke-class_destroyer,0.985002
/mnt/e/aircas/dht/graduation/dataset/ship_fine/test/009.Arleigh_Burke-class_destroyer/P1445.bmp,5,009.Arleigh_Burke-class_destroyer,5,009.Arleigh_Burke-class_destroyer,0.908665
/mnt/e/aircas/dht/graduation/dataset/ship_fine/test/009.Arleigh_Burke-class_destroyer/P1577.bmp,5,009.Arleigh_Burke-class_destroyer,5,009.Arleigh_Burke-class_destroyer,0.983182
/mnt/e/aircas/dht/graduation/dataset/ship_fine/test/009.Arleigh_Burke-class_destroyer/P1651.bmp,5,009.Arleigh_Burke-class_destroyer,5,009.Arleigh_Burke-class_destroyer,0.997255
/mnt/e/aircas/dht/graduation/dataset/ship_fine/test/009.Arleigh_Burke-class_destroyer/P1710.bmp,5,009.Arleigh_Burke-class_destroyer,5,009.Arleigh_Burke-class_destroyer,0.942587
/mnt/e/aircas/dht/graduation/dataset/ship_fine/test/009.Arleigh_Burke-class_destroyer/P1767.bmp,5,009.Arleigh_Burke-class_destroyer,5,009.Arleigh_Burke-class_destroyer,0.997825
/mnt/e/aircas/dht/graduation/dataset/ship_fine/test/009.Arleigh_Burke-class_destroyer/P1844.bmp,5,009.Arleigh_Burke-class_destroyer,12,018.Whitby_Island-class_dock_landing_ship,0.995897
/mnt/e/aircas/dht/graduation/dataset/ship_fine/test/009.Arleigh_Burke-class_destroyer/P1868.bmp,5,009.Arleigh_Burke-class_destroyer,5,009.Arleigh_Burke-class_destroyer,0.986397
/mnt/e/aircas/dht/graduation/dataset/ship_fine/test/009.Arleigh_Burke-class_destroyer/P1932.bmp,5,009.Arleigh_Burke-class_destroyer,5,009.Arleigh_Burke-class_destroyer,0.877233
/mnt/e/aircas/dht/graduation/dataset/ship_fine/test/009.Arleigh_Burke-class_destroyer/P1949.bmp,5,009.Arleigh_Burke-class_destroyer,5,009.Arleigh_Burke-class_destroyer,0.966125
/mnt/e/aircas/dht/graduation/dataset/ship_fine/test/009.Arleigh_Burke-class_destroyer/P2056.bmp,5,009.Arleigh_Burke-class_destroyer,5,009.Arleigh_Burke-class_destroyer,0.963655
/mnt/e/aircas/dht/graduation/dataset/ship_fine/test/009.Arleigh_Burke-class_destroyer/P2095.bmp,5,009.Arleigh_Burke-class_destroyer,5,009.Arleigh_Burke-class_destroyer,0.596092
/mnt/e/aircas/dht/graduation/dataset/ship_fine/test/009.Arleigh_Burke-class_destroyer/P2384.bmp,5,009.Arleigh_Burke-class_destroyer,5,009.Arleigh_Burke-class_destroyer,0.999702
/mnt/e/aircas/dht/graduation/dataset/ship_fine/test/009.Arleigh_Burke-class_destroyer/P2426.bmp,5,009.Arleigh_Burke-class_destroyer,5,009.Arleigh_Burke-class_destroyer,0.992411
/mnt/e/aircas/dht/graduation/dataset/ship_fine/test/009.Arleigh_Burke-class_destroyer/P2682.bmp,5,009.Arleigh_Burke-class_destroyer,5,009.Arleigh_Burke-class_destroyer,0.995617
/mnt/e/aircas/dht/graduation/dataset/ship_fine/test/009.Arleigh_Burke-class_destroyer/P2739.bmp,5,009.Arleigh_Burke-class_destroyer,5,009.Arleigh_Burke-class_destroyer,0.998628
/mnt/e/aircas/dht/graduation/dataset/ship_fine/test/009.Arleigh_Burke-class_destroyer/P2747.bmp,5,009.Arleigh_Burke-class_destroyer,5,009.Arleigh_Burke-class_destroyer,0.998960
/mnt/e/aircas/dht/graduation/dataset/ship_fine/test/009.Arleigh_Burke-class_destroyer/P2759.bmp,5,009.Arleigh_Burke-class_destroyer,5,009.Arleigh_Burke-class_destroyer,0.990654
/mnt/e/aircas/dht/graduation/dataset/ship_fine/test/009.Arleigh_Burke-class_destroyer/P2770.bmp,5,009.Arleigh_Burke-class_destroyer,5,009.Arleigh_Burke-class_destroyer,0.994646
/mnt/e/aircas/dht/graduation/dataset/ship_fine/test/009.Arleigh_Burke-class_destroyer/P2867.bmp,5,009.Arleigh_Burke-class_destroyer,5,009.Arleigh_Burke-class_destroyer,0.944171
/mnt/e/aircas/dht/graduation/dataset/ship_fine/test/009.Arleigh_Burke-class_destroyer/P2946.bmp,5,009.Arleigh_Burke-class_destroyer,5,009.Arleigh_Burke-class_destroyer,0.683154
/mnt/e/aircas/dht/graduation/dataset/ship_fine/test/009.Arleigh_Burke-class_destroyer/P3123.bmp,5,009.Arleigh_Burke-class_destroyer,5,009.Arleigh_Burke-class_destroyer,0.844123
/mnt/e/aircas/dht/graduation/dataset/ship_fine/test/009.Arleigh_Burke-class_destroyer/P3183.bmp,5,009.Arleigh_Burke-class_destroyer,5,009.Arleigh_Burke-class_destroyer,0.998755
/mnt/e/aircas/dht/graduation/dataset/ship_fine/test/009.Arleigh_Burke-class_destroyer/P3664.bmp,5,009.Arleigh_Burke-class_destroyer,5,009.Arleigh_Burke-class_destroyer,0.975256
/mnt/e/aircas/dht/graduation/dataset/ship_fine/test/009.Arleigh_Burke-class_destroyer/P3680.bmp,5,009.Arleigh_Burke-class_destroyer,5,009.Arleigh_Burke-class_destroyer,0.999184
/mnt/e/aircas/dht/graduation/dataset/ship_fine/test/009.Arleigh_Burke-class_destroyer/P3703.bmp,5,009.Arleigh_Burke-class_destroyer,5,009.Arleigh_Burke-class_destroyer,0.997644
/mnt/e/aircas/dht/graduation/dataset/ship_fine/test/009.Arleigh_Burke-class_destroyer/P3731.bmp,5,009.Arleigh_Burke-class_destroyer,5,009.Arleigh_Burke-class_destroyer,0.994195
/mnt/e/aircas/dht/graduation/dataset/ship_fine/test/009.Arleigh_Burke-class_destroyer/P3772.bmp,5,009.Arleigh_Burke-class_destroyer,5,009.Arleigh_Burke-class_destroyer,0.957754
/mnt/e/aircas/dht/graduation/dataset/ship_fine/test/009.Arleigh_Burke-class_destroyer/P3809.bmp,5,009.Arleigh_Burke-class_destroyer,5,009.Arleigh_Burke-class_destroyer,0.973037
/mnt/e/aircas/dht/graduation/dataset/ship_fine/test/009.Arleigh_Burke-class_destroyer/P3850.bmp,5,009.Arleigh_Burke-class_destroyer,5,009.Arleigh_Burke-class_destroyer,0.999557
/mnt/e/aircas/dht/graduation/dataset/ship_fine/test/009.Arleigh_Burke-class_destroyer/P4063.bmp,5,009.Arleigh_Burke-class_destroyer,5,009.Arleigh_Burke-class_destroyer,0.983453
/mnt/e/aircas/dht/graduation/dataset/ship_fine/test/009.Arleigh_Burke-class_destroyer/P4122.bmp,5,009.Arleigh_Burke-class_destroyer,5,009.Arleigh_Burke-class_destroyer,0.913346
/mnt/e/aircas/dht/graduation/dataset/ship_fine/test/009.Arleigh_Burke-class_destroyer/P4141.bmp,5,009.Arleigh_Burke-class_destroyer,12,018.Whitby_Island-class_dock_landing_ship,0.992981
/mnt/e/aircas/dht/graduation/dataset/ship_fine/test/009.Arleigh_Burke-class_destroyer/P4205.bmp,5,009.Arleigh_Burke-class_destroyer,5,009.Arleigh_Burke-class_destroyer,0.811522
/mnt/e/aircas/dht/graduation/dataset/ship_fine/test/009.Arleigh_Burke-class_destroyer/P4335.bmp,5,009.Arleigh_Burke-class_destroyer,5,009.Arleigh_Burke-class_destroyer,0.973825
/mnt/e/aircas/dht/graduation/dataset/ship_fine/test/009.Arleigh_Burke-class_destroyer/P4448.bmp,5,009.Arleigh_Burke-class_destroyer,5,009.Arleigh_Burke-class_destroyer,0.981392
/mnt/e/aircas/dht/graduation/dataset/ship_fine/test/011.Asagiri-class_destroyer/P0231.bmp,6,011.Asagiri-class_destroyer,6,011.Asagiri-class_destroyer,0.521138
/mnt/e/aircas/dht/graduation/dataset/ship_fine/test/011.Asagiri-class_destroyer/P0339.bmp,6,011.Asagiri-class_destroyer,6,011.Asagiri-class_destroyer,0.971014
/mnt/e/aircas/dht/graduation/dataset/ship_fine/test/011.Asagiri-class_destroyer/P2298.bmp,6,011.Asagiri-class_destroyer,6,011.Asagiri-class_destroyer,0.995496
/mnt/e/aircas/dht/graduation/dataset/ship_fine/test/011.Asagiri-class_destroyer/P4082.bmp,6,011.Asagiri-class_destroyer,6,011.Asagiri-class_destroyer,0.917300
/mnt/e/aircas/dht/graduation/dataset/ship_fine/test/011.Asagiri-class_destroyer/P6088.bmp,6,011.Asagiri-class_destroyer,6,011.Asagiri-class_destroyer,0.990508
/mnt/e/aircas/dht/graduation/dataset/ship_fine/test/011.Asagiri-class_destroyer/P6146.bmp,6,011.Asagiri-class_destroyer,6,011.Asagiri-class_destroyer,0.998502
/mnt/e/aircas/dht/graduation/dataset/ship_fine/test/011.Asagiri-class_destroyer/P9283.bmp,6,011.Asagiri-class_destroyer,6,011.Asagiri-class_destroyer,0.956905
/mnt/e/aircas/dht/graduation/dataset/ship_fine/test/012.Kidd-class_destroyer/P2959.bmp,7,012.Kidd-class_destroyer,7,012.Kidd-class_destroyer,0.999941
/mnt/e/aircas/dht/graduation/dataset/ship_fine/test/012.Kidd-class_destroyer/P3919.bmp,7,012.Kidd-class_destroyer,7,012.Kidd-class_destroyer,0.999641
/mnt/e/aircas/dht/graduation/dataset/ship_fine/test/012.Kidd-class_destroyer/P4132.bmp,7,012.Kidd-class_destroyer,7,012.Kidd-class_destroyer,0.999811
/mnt/e/aircas/dht/graduation/dataset/ship_fine/test/012.Kidd-class_destroyer/P4203.bmp,7,012.Kidd-class_destroyer,7,012.Kidd-class_destroyer,0.999885
/mnt/e/aircas/dht/graduation/dataset/ship_fine/test/012.Kidd-class_destroyer/P4750.bmp,7,012.Kidd-class_destroyer,7,012.Kidd-class_destroyer,0.999863
/mnt/e/aircas/dht/graduation/dataset/ship_fine/test/012.Kidd-class_destroyer/P5322.bmp,7,012.Kidd-class_destroyer,7,012.Kidd-class_destroyer,0.999965
/mnt/e/aircas/dht/graduation/dataset/ship_fine/test/013.Type_45_destroyer/P1911.bmp,8,013.Type_45_destroyer,8,013.Type_45_destroyer,0.993277
/mnt/e/aircas/dht/graduation/dataset/ship_fine/test/013.Type_45_destroyer/P2066.bmp,8,013.Type_45_destroyer,8,013.Type_45_destroyer,0.997553
/mnt/e/aircas/dht/graduation/dataset/ship_fine/test/013.Type_45_destroyer/P2887.bmp,8,013.Type_45_destroyer,8,013.Type_45_destroyer,0.999826
/mnt/e/aircas/dht/graduation/dataset/ship_fine/test/013.Type_45_destroyer/P4157.bmp,8,013.Type_45_destroyer,8,013.Type_45_destroyer,0.999941
/mnt/e/aircas/dht/graduation/dataset/ship_fine/test/013.Type_45_destroyer/P5831.bmp,8,013.Type_45_destroyer,8,013.Type_45_destroyer,0.999896
/mnt/e/aircas/dht/graduation/dataset/ship_fine/test/013.Type_45_destroyer/P6278.bmp,8,013.Type_45_destroyer,8,013.Type_45_destroyer,0.999659
/mnt/e/aircas/dht/graduation/dataset/ship_fine/test/013.Type_45_destroyer/P6745.bmp,8,013.Type_45_destroyer,8,013.Type_45_destroyer,0.999780
/mnt/e/aircas/dht/graduation/dataset/ship_fine/test/013.Type_45_destroyer/P7095.bmp,8,013.Type_45_destroyer,8,013.Type_45_destroyer,0.998118
/mnt/e/aircas/dht/graduation/dataset/ship_fine/test/013.Type_45_destroyer/P7167.bmp,8,013.Type_45_destroyer,8,013.Type_45_destroyer,0.999980
/mnt/e/aircas/dht/graduation/dataset/ship_fine/test/013.Type_45_destroyer/P7467.bmp,8,013.Type_45_destroyer,8,013.Type_45_destroyer,0.999865
/mnt/e/aircas/dht/graduation/dataset/ship_fine/test/013.Type_45_destroyer/P7495.bmp,8,013.Type_45_destroyer,8,013.Type_45_destroyer,0.926127
/mnt/e/aircas/dht/graduation/dataset/ship_fine/test/013.Type_45_destroyer/P7537.bmp,8,013.Type_45_destroyer,9,014.Wasp-class_assault_ship,0.574034
/mnt/e/aircas/dht/graduation/dataset/ship_fine/test/013.Type_45_destroyer/P7940.bmp,8,013.Type_45_destroyer,8,013.Type_45_destroyer,0.998890
/mnt/e/aircas/dht/graduation/dataset/ship_fine/test/013.Type_45_destroyer/P9202.bmp,8,013.Type_45_destroyer,8,013.Type_45_destroyer,0.998864
/mnt/e/aircas/dht/graduation/dataset/ship_fine/test/013.Type_45_destroyer/P9815.bmp,8,013.Type_45_destroyer,8,013.Type_45_destroyer,0.999956
/mnt/e/aircas/dht/graduation/dataset/ship_fine/test/014.Wasp-class_assault_ship/P0129.bmp,9,014.Wasp-class_assault_ship,9,014.Wasp-class_assault_ship,0.999936
/mnt/e/aircas/dht/graduation/dataset/ship_fine/test/014.Wasp-class_assault_ship/P0242.bmp,9,014.Wasp-class_assault_ship,9,014.Wasp-class_assault_ship,0.999874
/mnt/e/aircas/dht/graduation/dataset/ship_fine/test/014.Wasp-class_assault_ship/P0462.bmp,9,014.Wasp-class_assault_ship,9,014.Wasp-class_assault_ship,0.998758
/mnt/e/aircas/dht/graduation/dataset/ship_fine/test/014.Wasp-class_assault_ship/P0594.bmp,9,014.Wasp-class_assault_ship,9,014.Wasp-class_assault_ship,0.997487
/mnt/e/aircas/dht/graduation/dataset/ship_fine/test/014.Wasp-class_assault_ship/P0658.bmp,9,014.Wasp-class_assault_ship,9,014.Wasp-class_assault_ship,0.996082
/mnt/e/aircas/dht/graduation/dataset/ship_fine/test/014.Wasp-class_assault_ship/P0969.bmp,9,014.Wasp-class_assault_ship,9,014.Wasp-class_assault_ship,0.996959
/mnt/e/aircas/dht/graduation/dataset/ship_fine/test/014.Wasp-class_assault_ship/P1080.bmp,9,014.Wasp-class_assault_ship,9,014.Wasp-class_assault_ship,0.992451
/mnt/e/aircas/dht/graduation/dataset/ship_fine/test/014.Wasp-class_assault_ship/P1529.bmp,9,014.Wasp-class_assault_ship,9,014.Wasp-class_assault_ship,0.999918
/mnt/e/aircas/dht/graduation/dataset/ship_fine/test/014.Wasp-class_assault_ship/P1740.bmp,9,014.Wasp-class_assault_ship,9,014.Wasp-class_assault_ship,0.997746
/mnt/e/aircas/dht/graduation/dataset/ship_fine/test/014.Wasp-class_assault_ship/P1773.bmp,9,014.Wasp-class_assault_ship,9,014.Wasp-class_assault_ship,0.999733
/mnt/e/aircas/dht/graduation/dataset/ship_fine/test/014.Wasp-class_assault_ship/P2330.bmp,9,014.Wasp-class_assault_ship,9,014.Wasp-class_assault_ship,0.999219
/mnt/e/aircas/dht/graduation/dataset/ship_fine/test/014.Wasp-class_assault_ship/P2366.bmp,9,014.Wasp-class_assault_ship,9,014.Wasp-class_assault_ship,0.993054
/mnt/e/aircas/dht/graduation/dataset/ship_fine/test/014.Wasp-class_assault_ship/P2457.bmp,9,014.Wasp-class_assault_ship,9,014.Wasp-class_assault_ship,0.999108
/mnt/e/aircas/dht/graduation/dataset/ship_fine/test/014.Wasp-class_assault_ship/P2676.bmp,9,014.Wasp-class_assault_ship,9,014.Wasp-class_assault_ship,0.999874
/mnt/e/aircas/dht/graduation/dataset/ship_fine/test/014.Wasp-class_assault_ship/P2874.bmp,9,014.Wasp-class_assault_ship,9,014.Wasp-class_assault_ship,0.996163
/mnt/e/aircas/dht/graduation/dataset/ship_fine/test/014.Wasp-class_assault_ship/P3485.bmp,9,014.Wasp-class_assault_ship,9,014.Wasp-class_assault_ship,0.996510
/mnt/e/aircas/dht/graduation/dataset/ship_fine/test/014.Wasp-class_assault_ship/P4057.bmp,9,014.Wasp-class_assault_ship,9,014.Wasp-class_assault_ship,0.999860
/mnt/e/aircas/dht/graduation/dataset/ship_fine/test/014.Wasp-class_assault_ship/P4358.bmp,9,014.Wasp-class_assault_ship,9,014.Wasp-class_assault_ship,0.999007
/mnt/e/aircas/dht/graduation/dataset/ship_fine/test/014.Wasp-class_assault_ship/P4371.bmp,9,014.Wasp-class_assault_ship,9,014.Wasp-class_assault_ship,0.652387
/mnt/e/aircas/dht/graduation/dataset/ship_fine/test/014.Wasp-class_assault_ship/P4735.bmp,9,014.Wasp-class_assault_ship,9,014.Wasp-class_assault_ship,0.997079
/mnt/e/aircas/dht/graduation/dataset/ship_fine/test/014.Wasp-class_assault_ship/P5274.bmp,9,014.Wasp-class_assault_ship,9,014.Wasp-class_assault_ship,0.999853
/mnt/e/aircas/dht/graduation/dataset/ship_fine/test/014.Wasp-class_assault_ship/P5350.bmp,9,014.Wasp-class_assault_ship,9,014.Wasp-class_assault_ship,0.993067
/mnt/e/aircas/dht/graduation/dataset/ship_fine/test/014.Wasp-class_assault_ship/P5602.bmp,9,014.Wasp-class_assault_ship,9,014.Wasp-class_assault_ship,0.998309
/mnt/e/aircas/dht/graduation/dataset/ship_fine/test/014.Wasp-class_assault_ship/P5605.bmp,9,014.Wasp-class_assault_ship,9,014.Wasp-class_assault_ship,0.994691
/mnt/e/aircas/dht/graduation/dataset/ship_fine/test/014.Wasp-class_assault_ship/P5727.bmp,9,014.Wasp-class_assault_ship,9,014.Wasp-class_assault_ship,0.999200
/mnt/e/aircas/dht/graduation/dataset/ship_fine/test/014.Wasp-class_assault_ship/P5871.bmp,9,014.Wasp-class_assault_ship,9,014.Wasp-class_assault_ship,0.996119
/mnt/e/aircas/dht/graduation/dataset/ship_fine/test/014.Wasp-class_assault_ship/P6111.bmp,9,014.Wasp-class_assault_ship,9,014.Wasp-class_assault_ship,0.999949
/mnt/e/aircas/dht/graduation/dataset/ship_fine/test/014.Wasp-class_assault_ship/P6361.bmp,9,014.Wasp-class_assault_ship,9,014.Wasp-class_assault_ship,0.991549
/mnt/e/aircas/dht/graduation/dataset/ship_fine/test/014.Wasp-class_assault_ship/P6580.bmp,9,014.Wasp-class_assault_ship,9,014.Wasp-class_assault_ship,0.999796
/mnt/e/aircas/dht/graduation/dataset/ship_fine/test/014.Wasp-class_assault_ship/P6636.bmp,9,014.Wasp-class_assault_ship,9,014.Wasp-class_assault_ship,0.989384
/mnt/e/aircas/dht/graduation/dataset/ship_fine/test/014.Wasp-class_assault_ship/P6809.bmp,9,014.Wasp-class_assault_ship,9,014.Wasp-class_assault_ship,0.987830
/mnt/e/aircas/dht/graduation/dataset/ship_fine/test/014.Wasp-class_assault_ship/P6974.bmp,9,014.Wasp-class_assault_ship,9,014.Wasp-class_assault_ship,0.981211
/mnt/e/aircas/dht/graduation/dataset/ship_fine/test/014.Wasp-class_assault_ship/P6999.bmp,9,014.Wasp-class_assault_ship,9,014.Wasp-class_assault_ship,0.930069
/mnt/e/aircas/dht/graduation/dataset/ship_fine/test/014.Wasp-class_assault_ship/P7229.bmp,9,014.Wasp-class_assault_ship,9,014.Wasp-class_assault_ship,0.527162
/mnt/e/aircas/dht/graduation/dataset/ship_fine/test/014.Wasp-class_assault_ship/P7377.bmp,9,014.Wasp-class_assault_ship,9,014.Wasp-class_assault_ship,0.998663
/mnt/e/aircas/dht/graduation/dataset/ship_fine/test/014.Wasp-class_assault_ship/P7394.bmp,9,014.Wasp-class_assault_ship,9,014.Wasp-class_assault_ship,0.997772
/mnt/e/aircas/dht/graduation/dataset/ship_fine/test/014.Wasp-class_assault_ship/P7426.bmp,9,014.Wasp-class_assault_ship,9,014.Wasp-class_assault_ship,0.999597
/mnt/e/aircas/dht/graduation/dataset/ship_fine/test/014.Wasp-class_assault_ship/P7959.bmp,9,014.Wasp-class_assault_ship,9,014.Wasp-class_assault_ship,0.997119
/mnt/e/aircas/dht/graduation/dataset/ship_fine/test/014.Wasp-class_assault_ship/P8104.bmp,9,014.Wasp-class_assault_ship,9,014.Wasp-class_assault_ship,0.988893
/mnt/e/aircas/dht/graduation/dataset/ship_fine/test/014.Wasp-class_assault_ship/P8835.bmp,9,014.Wasp-class_assault_ship,9,014.Wasp-class_assault_ship,0.999957
/mnt/e/aircas/dht/graduation/dataset/ship_fine/test/014.Wasp-class_assault_ship/P8933.bmp,9,014.Wasp-class_assault_ship,9,014.Wasp-class_assault_ship,0.995242
/mnt/e/aircas/dht/graduation/dataset/ship_fine/test/014.Wasp-class_assault_ship/P9115.bmp,9,014.Wasp-class_assault_ship,9,014.Wasp-class_assault_ship,0.999953
/mnt/e/aircas/dht/graduation/dataset/ship_fine/test/014.Wasp-class_assault_ship/P9143.bmp,9,014.Wasp-class_assault_ship,9,014.Wasp-class_assault_ship,0.998585
/mnt/e/aircas/dht/graduation/dataset/ship_fine/test/014.Wasp-class_assault_ship/P9294.bmp,9,014.Wasp-class_assault_ship,9,014.Wasp-class_assault_ship,0.999169
/mnt/e/aircas/dht/graduation/dataset/ship_fine/test/014.Wasp-class_assault_ship/P9532.bmp,9,014.Wasp-class_assault_ship,9,014.Wasp-class_assault_ship,0.999590
/mnt/e/aircas/dht/graduation/dataset/ship_fine/test/015.Osumi-class_landing_ship/P0141.bmp,10,015.Osumi-class_landing_ship,10,015.Osumi-class_landing_ship,0.999975
/mnt/e/aircas/dht/graduation/dataset/ship_fine/test/015.Osumi-class_landing_ship/P1177.bmp,10,015.Osumi-class_landing_ship,10,015.Osumi-class_landing_ship,0.999833
/mnt/e/aircas/dht/graduation/dataset/ship_fine/test/015.Osumi-class_landing_ship/P2488.bmp,10,015.Osumi-class_landing_ship,10,015.Osumi-class_landing_ship,0.993961
/mnt/e/aircas/dht/graduation/dataset/ship_fine/test/015.Osumi-class_landing_ship/P3875.bmp,10,015.Osumi-class_landing_ship,10,015.Osumi-class_landing_ship,0.999943
/mnt/e/aircas/dht/graduation/dataset/ship_fine/test/015.Osumi-class_landing_ship/P4930.bmp,10,015.Osumi-class_landing_ship,10,015.Osumi-class_landing_ship,0.999881
/mnt/e/aircas/dht/graduation/dataset/ship_fine/test/015.Osumi-class_landing_ship/P6157.bmp,10,015.Osumi-class_landing_ship,10,015.Osumi-class_landing_ship,0.999728
/mnt/e/aircas/dht/graduation/dataset/ship_fine/test/015.Osumi-class_landing_ship/P6838.bmp,10,015.Osumi-class_landing_ship,10,015.Osumi-class_landing_ship,0.999822
/mnt/e/aircas/dht/graduation/dataset/ship_fine/test/015.Osumi-class_landing_ship/P8869.bmp,10,015.Osumi-class_landing_ship,10,015.Osumi-class_landing_ship,0.994896
/mnt/e/aircas/dht/graduation/dataset/ship_fine/test/015.Osumi-class_landing_ship/P9218.bmp,10,015.Osumi-class_landing_ship,10,015.Osumi-class_landing_ship,0.955176
/mnt/e/aircas/dht/graduation/dataset/ship_fine/test/015.Osumi-class_landing_ship/P9583.bmp,10,015.Osumi-class_landing_ship,10,015.Osumi-class_landing_ship,0.999938
/mnt/e/aircas/dht/graduation/dataset/ship_fine/test/015.Osumi-class_landing_ship/P9797.bmp,10,015.Osumi-class_landing_ship,10,015.Osumi-class_landing_ship,0.999960
/mnt/e/aircas/dht/graduation/dataset/ship_fine/test/017.Lzumo-class_helicopter_destroyer/P1737.bmp,11,017.Lzumo-class_helicopter_destroyer,11,017.Lzumo-class_helicopter_destroyer,0.988919
/mnt/e/aircas/dht/graduation/dataset/ship_fine/test/017.Lzumo-class_helicopter_destroyer/P4147.bmp,11,017.Lzumo-class_helicopter_destroyer,11,017.Lzumo-class_helicopter_destroyer,0.832283
/mnt/e/aircas/dht/graduation/dataset/ship_fine/test/017.Lzumo-class_helicopter_destroyer/P6956.bmp,11,017.Lzumo-class_helicopter_destroyer,11,017.Lzumo-class_helicopter_destroyer,0.998701
/mnt/e/aircas/dht/graduation/dataset/ship_fine/test/017.Lzumo-class_helicopter_destroyer/P7519.bmp,11,017.Lzumo-class_helicopter_destroyer,11,017.Lzumo-class_helicopter_destroyer,0.999355
/mnt/e/aircas/dht/graduation/dataset/ship_fine/test/017.Lzumo-class_helicopter_destroyer/P9101.bmp,11,017.Lzumo-class_helicopter_destroyer,11,017.Lzumo-class_helicopter_destroyer,0.999580
/mnt/e/aircas/dht/graduation/dataset/ship_fine/test/017.Lzumo-class_helicopter_destroyer/P9123.bmp,11,017.Lzumo-class_helicopter_destroyer,11,017.Lzumo-class_helicopter_destroyer,0.985491
/mnt/e/aircas/dht/graduation/dataset/ship_fine/test/018.Whitby_Island-class_dock_landing_ship/P0355.bmp,12,018.Whitby_Island-class_dock_landing_ship,12,018.Whitby_Island-class_dock_landing_ship,0.999627
/mnt/e/aircas/dht/graduation/dataset/ship_fine/test/018.Whitby_Island-class_dock_landing_ship/P0540.bmp,12,018.Whitby_Island-class_dock_landing_ship,12,018.Whitby_Island-class_dock_landing_ship,0.939622
/mnt/e/aircas/dht/graduation/dataset/ship_fine/test/018.Whitby_Island-class_dock_landing_ship/P1034.bmp,12,018.Whitby_Island-class_dock_landing_ship,12,018.Whitby_Island-class_dock_landing_ship,0.999670
/mnt/e/aircas/dht/graduation/dataset/ship_fine/test/018.Whitby_Island-class_dock_landing_ship/P1599.bmp,12,018.Whitby_Island-class_dock_landing_ship,12,018.Whitby_Island-class_dock_landing_ship,0.862289
/mnt/e/aircas/dht/graduation/dataset/ship_fine/test/018.Whitby_Island-class_dock_landing_ship/P2090.bmp,12,018.Whitby_Island-class_dock_landing_ship,12,018.Whitby_Island-class_dock_landing_ship,0.995316
/mnt/e/aircas/dht/graduation/dataset/ship_fine/test/018.Whitby_Island-class_dock_landing_ship/P2120.bmp,12,018.Whitby_Island-class_dock_landing_ship,12,018.Whitby_Island-class_dock_landing_ship,0.999915
/mnt/e/aircas/dht/graduation/dataset/ship_fine/test/018.Whitby_Island-class_dock_landing_ship/P2274.bmp,12,018.Whitby_Island-class_dock_landing_ship,12,018.Whitby_Island-class_dock_landing_ship,0.999258
/mnt/e/aircas/dht/graduation/dataset/ship_fine/test/018.Whitby_Island-class_dock_landing_ship/P2301.bmp,12,018.Whitby_Island-class_dock_landing_ship,12,018.Whitby_Island-class_dock_landing_ship,0.990852
/mnt/e/aircas/dht/graduation/dataset/ship_fine/test/018.Whitby_Island-class_dock_landing_ship/P2625.bmp,12,018.Whitby_Island-class_dock_landing_ship,12,018.Whitby_Island-class_dock_landing_ship,0.998546
/mnt/e/aircas/dht/graduation/dataset/ship_fine/test/018.Whitby_Island-class_dock_landing_ship/P3382.bmp,12,018.Whitby_Island-class_dock_landing_ship,12,018.Whitby_Island-class_dock_landing_ship,0.999842
/mnt/e/aircas/dht/graduation/dataset/ship_fine/test/018.Whitby_Island-class_dock_landing_ship/P3533.bmp,12,018.Whitby_Island-class_dock_landing_ship,12,018.Whitby_Island-class_dock_landing_ship,0.882201
/mnt/e/aircas/dht/graduation/dataset/ship_fine/test/018.Whitby_Island-class_dock_landing_ship/P3571.bmp,12,018.Whitby_Island-class_dock_landing_ship,5,009.Arleigh_Burke-class_destroyer,0.985087
/mnt/e/aircas/dht/graduation/dataset/ship_fine/test/018.Whitby_Island-class_dock_landing_ship/P4049.bmp,12,018.Whitby_Island-class_dock_landing_ship,12,018.Whitby_Island-class_dock_landing_ship,0.996734
/mnt/e/aircas/dht/graduation/dataset/ship_fine/test/018.Whitby_Island-class_dock_landing_ship/P4562.bmp,12,018.Whitby_Island-class_dock_landing_ship,12,018.Whitby_Island-class_dock_landing_ship,0.998473
/mnt/e/aircas/dht/graduation/dataset/ship_fine/test/018.Whitby_Island-class_dock_landing_ship/P4759.bmp,12,018.Whitby_Island-class_dock_landing_ship,12,018.Whitby_Island-class_dock_landing_ship,0.998642
/mnt/e/aircas/dht/graduation/dataset/ship_fine/test/018.Whitby_Island-class_dock_landing_ship/P5530.bmp,12,018.Whitby_Island-class_dock_landing_ship,12,018.Whitby_Island-class_dock_landing_ship,0.998516
/mnt/e/aircas/dht/graduation/dataset/ship_fine/test/018.Whitby_Island-class_dock_landing_ship/P5565.bmp,12,018.Whitby_Island-class_dock_landing_ship,12,018.Whitby_Island-class_dock_landing_ship,0.997391
/mnt/e/aircas/dht/graduation/dataset/ship_fine/test/018.Whitby_Island-class_dock_landing_ship/P5847.bmp,12,018.Whitby_Island-class_dock_landing_ship,12,018.Whitby_Island-class_dock_landing_ship,0.999872
/mnt/e/aircas/dht/graduation/dataset/ship_fine/test/018.Whitby_Island-class_dock_landing_ship/P6027.bmp,12,018.Whitby_Island-class_dock_landing_ship,24,030.Civil_yacht,0.782018
/mnt/e/aircas/dht/graduation/dataset/ship_fine/test/018.Whitby_Island-class_dock_landing_ship/P6885.bmp,12,018.Whitby_Island-class_dock_landing_ship,12,018.Whitby_Island-class_dock_landing_ship,0.996002
/mnt/e/aircas/dht/graduation/dataset/ship_fine/test/018.Whitby_Island-class_dock_landing_ship/P7152.bmp,12,018.Whitby_Island-class_dock_landing_ship,12,018.Whitby_Island-class_dock_landing_ship,0.998826
/mnt/e/aircas/dht/graduation/dataset/ship_fine/test/018.Whitby_Island-class_dock_landing_ship/P7258.bmp,12,018.Whitby_Island-class_dock_landing_ship,12,018.Whitby_Island-class_dock_landing_ship,0.998129
/mnt/e/aircas/dht/graduation/dataset/ship_fine/test/018.Whitby_Island-class_dock_landing_ship/P7273.bmp,12,018.Whitby_Island-class_dock_landing_ship,12,018.Whitby_Island-class_dock_landing_ship,0.998841
/mnt/e/aircas/dht/graduation/dataset/ship_fine/test/018.Whitby_Island-class_dock_landing_ship/P7415.bmp,12,018.Whitby_Island-class_dock_landing_ship,9,014.Wasp-class_assault_ship,0.777972
/mnt/e/aircas/dht/graduation/dataset/ship_fine/test/018.Whitby_Island-class_dock_landing_ship/P8011.bmp,12,018.Whitby_Island-class_dock_landing_ship,12,018.Whitby_Island-class_dock_landing_ship,0.994127
/mnt/e/aircas/dht/graduation/dataset/ship_fine/test/018.Whitby_Island-class_dock_landing_ship/P8923.bmp,12,018.Whitby_Island-class_dock_landing_ship,5,009.Arleigh_Burke-class_destroyer,0.475602
/mnt/e/aircas/dht/graduation/dataset/ship_fine/test/018.Whitby_Island-class_dock_landing_ship/P9742.bmp,12,018.Whitby_Island-class_dock_landing_ship,12,018.Whitby_Island-class_dock_landing_ship,0.798106
/mnt/e/aircas/dht/graduation/dataset/ship_fine/test/019.San_Antonio-class_transport_dock/P0081.bmp,13,019.San_Antonio-class_transport_dock,13,019.San_Antonio-class_transport_dock,0.990374
/mnt/e/aircas/dht/graduation/dataset/ship_fine/test/019.San_Antonio-class_transport_dock/P0357.bmp,13,019.San_Antonio-class_transport_dock,13,019.San_Antonio-class_transport_dock,0.958228
/mnt/e/aircas/dht/graduation/dataset/ship_fine/test/019.San_Antonio-class_transport_dock/P0450.bmp,13,019.San_Antonio-class_transport_dock,13,019.San_Antonio-class_transport_dock,0.983825
/mnt/e/aircas/dht/graduation/dataset/ship_fine/test/019.San_Antonio-class_transport_dock/P1049.bmp,13,019.San_Antonio-class_transport_dock,13,019.San_Antonio-class_transport_dock,0.992614
/mnt/e/aircas/dht/graduation/dataset/ship_fine/test/019.San_Antonio-class_transport_dock/P1053.bmp,13,019.San_Antonio-class_transport_dock,13,019.San_Antonio-class_transport_dock,0.989783
/mnt/e/aircas/dht/graduation/dataset/ship_fine/test/019.San_Antonio-class_transport_dock/P1437.bmp,13,019.San_Antonio-class_transport_dock,13,019.San_Antonio-class_transport_dock,0.996770
/mnt/e/aircas/dht/graduation/dataset/ship_fine/test/019.San_Antonio-class_transport_dock/P1624.bmp,13,019.San_Antonio-class_transport_dock,13,019.San_Antonio-class_transport_dock,0.492650
/mnt/e/aircas/dht/graduation/dataset/ship_fine/test/019.San_Antonio-class_transport_dock/P1760.bmp,13,019.San_Antonio-class_transport_dock,13,019.San_Antonio-class_transport_dock,0.663845
/mnt/e/aircas/dht/graduation/dataset/ship_fine/test/019.San_Antonio-class_transport_dock/P1814.bmp,13,019.San_Antonio-class_transport_dock,13,019.San_Antonio-class_transport_dock,0.995865
/mnt/e/aircas/dht/graduation/dataset/ship_fine/test/019.San_Antonio-class_transport_dock/P2131.bmp,13,019.San_Antonio-class_transport_dock,13,019.San_Antonio-class_transport_dock,0.961999
/mnt/e/aircas/dht/graduation/dataset/ship_fine/test/019.San_Antonio-class_transport_dock/P2362.bmp,13,019.San_Antonio-class_transport_dock,13,019.San_Antonio-class_transport_dock,0.996251
/mnt/e/aircas/dht/graduation/dataset/ship_fine/test/019.San_Antonio-class_transport_dock/P2705.bmp,13,019.San_Antonio-class_transport_dock,13,019.San_Antonio-class_transport_dock,0.999884
/mnt/e/aircas/dht/graduation/dataset/ship_fine/test/019.San_Antonio-class_transport_dock/P2719.bmp,13,019.San_Antonio-class_transport_dock,13,019.San_Antonio-class_transport_dock,0.996730
/mnt/e/aircas/dht/graduation/dataset/ship_fine/test/019.San_Antonio-class_transport_dock/P2962.bmp,13,019.San_Antonio-class_transport_dock,13,019.San_Antonio-class_transport_dock,0.533144
/mnt/e/aircas/dht/graduation/dataset/ship_fine/test/019.San_Antonio-class_transport_dock/P3289.bmp,13,019.San_Antonio-class_transport_dock,13,019.San_Antonio-class_transport_dock,0.725647
/mnt/e/aircas/dht/graduation/dataset/ship_fine/test/019.San_Antonio-class_transport_dock/P3357.bmp,13,019.San_Antonio-class_transport_dock,13,019.San_Antonio-class_transport_dock,0.685381
/mnt/e/aircas/dht/graduation/dataset/ship_fine/test/019.San_Antonio-class_transport_dock/P3503.bmp,13,019.San_Antonio-class_transport_dock,13,019.San_Antonio-class_transport_dock,0.998259
/mnt/e/aircas/dht/graduation/dataset/ship_fine/test/019.San_Antonio-class_transport_dock/P3521.bmp,13,019.San_Antonio-class_transport_dock,13,019.San_Antonio-class_transport_dock,0.947072
/mnt/e/aircas/dht/graduation/dataset/ship_fine/test/019.San_Antonio-class_transport_dock/P3602.bmp,13,019.San_Antonio-class_transport_dock,13,019.San_Antonio-class_transport_dock,0.978029
/mnt/e/aircas/dht/graduation/dataset/ship_fine/test/019.San_Antonio-class_transport_dock/P3850.bmp,13,019.San_Antonio-class_transport_dock,12,018.Whitby_Island-class_dock_landing_ship,0.288723
/mnt/e/aircas/dht/graduation/dataset/ship_fine/test/019.San_Antonio-class_transport_dock/P4188.bmp,13,019.San_Antonio-class_transport_dock,13,019.San_Antonio-class_transport_dock,0.975568
/mnt/e/aircas/dht/graduation/dataset/ship_fine/test/019.San_Antonio-class_transport_dock/P4258.bmp,13,019.San_Antonio-class_transport_dock,13,019.San_Antonio-class_transport_dock,0.998320
/mnt/e/aircas/dht/graduation/dataset/ship_fine/test/019.San_Antonio-class_transport_dock/P5576.bmp,13,019.San_Antonio-class_transport_dock,13,019.San_Antonio-class_transport_dock,0.759450
/mnt/e/aircas/dht/graduation/dataset/ship_fine/test/019.San_Antonio-class_transport_dock/P6037.bmp,13,019.San_Antonio-class_transport_dock,13,019.San_Antonio-class_transport_dock,0.986417
/mnt/e/aircas/dht/graduation/dataset/ship_fine/test/019.San_Antonio-class_transport_dock/P7144.bmp,13,019.San_Antonio-class_transport_dock,13,019.San_Antonio-class_transport_dock,0.991725
/mnt/e/aircas/dht/graduation/dataset/ship_fine/test/019.San_Antonio-class_transport_dock/P7190.bmp,13,019.San_Antonio-class_transport_dock,13,019.San_Antonio-class_transport_dock,0.999573
/mnt/e/aircas/dht/graduation/dataset/ship_fine/test/019.San_Antonio-class_transport_dock/P7721.bmp,13,019.San_Antonio-class_transport_dock,13,019.San_Antonio-class_transport_dock,0.999737
/mnt/e/aircas/dht/graduation/dataset/ship_fine/test/019.San_Antonio-class_transport_dock/P7867.bmp,13,019.San_Antonio-class_transport_dock,13,019.San_Antonio-class_transport_dock,0.999901
/mnt/e/aircas/dht/graduation/dataset/ship_fine/test/019.San_Antonio-class_transport_dock/P8277.bmp,13,019.San_Antonio-class_transport_dock,13,019.San_Antonio-class_transport_dock,0.999389
/mnt/e/aircas/dht/graduation/dataset/ship_fine/test/019.San_Antonio-class_transport_dock/P8928.bmp,13,019.San_Antonio-class_transport_dock,13,019.San_Antonio-class_transport_dock,0.996530
/mnt/e/aircas/dht/graduation/dataset/ship_fine/test/019.San_Antonio-class_transport_dock/P9862.bmp,13,019.San_Antonio-class_transport_dock,13,019.San_Antonio-class_transport_dock,0.523705
/mnt/e/aircas/dht/graduation/dataset/ship_fine/test/020.Freedom-class_combat_ship/P1294.bmp,14,020.Freedom-class_combat_ship,14,020.Freedom-class_combat_ship,0.999113
/mnt/e/aircas/dht/graduation/dataset/ship_fine/test/020.Freedom-class_combat_ship/P1475.bmp,14,020.Freedom-class_combat_ship,13,019.San_Antonio-class_transport_dock,0.383181
/mnt/e/aircas/dht/graduation/dataset/ship_fine/test/020.Freedom-class_combat_ship/P1914.bmp,14,020.Freedom-class_combat_ship,14,020.Freedom-class_combat_ship,0.999974
/mnt/e/aircas/dht/graduation/dataset/ship_fine/test/020.Freedom-class_combat_ship/P2673.bmp,14,020.Freedom-class_combat_ship,14,020.Freedom-class_combat_ship,0.999474
/mnt/e/aircas/dht/graduation/dataset/ship_fine/test/020.Freedom-class_combat_ship/P2714.bmp,14,020.Freedom-class_combat_ship,14,020.Freedom-class_combat_ship,0.888878
/mnt/e/aircas/dht/graduation/dataset/ship_fine/test/020.Freedom-class_combat_ship/P3245.bmp,14,020.Freedom-class_combat_ship,14,020.Freedom-class_combat_ship,0.999857
/mnt/e/aircas/dht/graduation/dataset/ship_fine/test/020.Freedom-class_combat_ship/P4264.bmp,14,020.Freedom-class_combat_ship,14,020.Freedom-class_combat_ship,0.999897
/mnt/e/aircas/dht/graduation/dataset/ship_fine/test/020.Freedom-class_combat_ship/P4485.bmp,14,020.Freedom-class_combat_ship,14,020.Freedom-class_combat_ship,0.999932
/mnt/e/aircas/dht/graduation/dataset/ship_fine/test/020.Freedom-class_combat_ship/P5203.bmp,14,020.Freedom-class_combat_ship,14,020.Freedom-class_combat_ship,0.998323
/mnt/e/aircas/dht/graduation/dataset/ship_fine/test/020.Freedom-class_combat_ship/P5338.bmp,14,020.Freedom-class_combat_ship,14,020.Freedom-class_combat_ship,0.940939
/mnt/e/aircas/dht/graduation/dataset/ship_fine/test/020.Freedom-class_combat_ship/P5825.bmp,14,020.Freedom-class_combat_ship,14,020.Freedom-class_combat_ship,0.995814
/mnt/e/aircas/dht/graduation/dataset/ship_fine/test/020.Freedom-class_combat_ship/P6534.bmp,14,020.Freedom-class_combat_ship,14,020.Freedom-class_combat_ship,0.997493
/mnt/e/aircas/dht/graduation/dataset/ship_fine/test/020.Freedom-class_combat_ship/P6707.bmp,14,020.Freedom-class_combat_ship,14,020.Freedom-class_combat_ship,0.999809
/mnt/e/aircas/dht/graduation/dataset/ship_fine/test/020.Freedom-class_combat_ship/P7070.bmp,14,020.Freedom-class_combat_ship,14,020.Freedom-class_combat_ship,0.942833
/mnt/e/aircas/dht/graduation/dataset/ship_fine/test/020.Freedom-class_combat_ship/P7429.bmp,14,020.Freedom-class_combat_ship,14,020.Freedom-class_combat_ship,0.997579
/mnt/e/aircas/dht/graduation/dataset/ship_fine/test/020.Freedom-class_combat_ship/P9066.bmp,14,020.Freedom-class_combat_ship,14,020.Freedom-class_combat_ship,0.999511
/mnt/e/aircas/dht/graduation/dataset/ship_fine/test/020.Freedom-class_combat_ship/P9283.bmp,14,020.Freedom-class_combat_ship,4,008.Ticonderoga-class_cruiser,0.801007
/mnt/e/aircas/dht/graduation/dataset/ship_fine/test/021.Independence-class_combat_ship/P0627.bmp,15,021.Independence-class_combat_ship,15,021.Independence-class_combat_ship,0.999391
/mnt/e/aircas/dht/graduation/dataset/ship_fine/test/021.Independence-class_combat_ship/P1781.bmp,15,021.Independence-class_combat_ship,15,021.Independence-class_combat_ship,0.958951
/mnt/e/aircas/dht/graduation/dataset/ship_fine/test/021.Independence-class_combat_ship/P2691.bmp,15,021.Independence-class_combat_ship,15,021.Independence-class_combat_ship,0.999459
/mnt/e/aircas/dht/graduation/dataset/ship_fine/test/021.Independence-class_combat_ship/P3052.bmp,15,021.Independence-class_combat_ship,15,021.Independence-class_combat_ship,0.997005
/mnt/e/aircas/dht/graduation/dataset/ship_fine/test/021.Independence-class_combat_ship/P3232.bmp,15,021.Independence-class_combat_ship,15,021.Independence-class_combat_ship,0.999699
/mnt/e/aircas/dht/graduation/dataset/ship_fine/test/021.Independence-class_combat_ship/P3296.bmp,15,021.Independence-class_combat_ship,15,021.Independence-class_combat_ship,0.999850
/mnt/e/aircas/dht/graduation/dataset/ship_fine/test/021.Independence-class_combat_ship/P4230.bmp,15,021.Independence-class_combat_ship,15,021.Independence-class_combat_ship,0.999847
/mnt/e/aircas/dht/graduation/dataset/ship_fine/test/021.Independence-class_combat_ship/P4238.bmp,15,021.Independence-class_combat_ship,15,021.Independence-class_combat_ship,0.998308
/mnt/e/aircas/dht/graduation/dataset/ship_fine/test/021.Independence-class_combat_ship/P4301.bmp,15,021.Independence-class_combat_ship,15,021.Independence-class_combat_ship,0.998930
/mnt/e/aircas/dht/graduation/dataset/ship_fine/test/021.Independence-class_combat_ship/P4572.bmp,15,021.Independence-class_combat_ship,15,021.Independence-class_combat_ship,0.999582
/mnt/e/aircas/dht/graduation/dataset/ship_fine/test/021.Independence-class_combat_ship/P4904.bmp,15,021.Independence-class_combat_ship,15,021.Independence-class_combat_ship,0.999450
/mnt/e/aircas/dht/graduation/dataset/ship_fine/test/021.Independence-class_combat_ship/P5071.bmp,15,021.Independence-class_combat_ship,15,021.Independence-class_combat_ship,0.997422
/mnt/e/aircas/dht/graduation/dataset/ship_fine/test/021.Independence-class_combat_ship/P5073.bmp,15,021.Independence-class_combat_ship,15,021.Independence-class_combat_ship,0.998150
/mnt/e/aircas/dht/graduation/dataset/ship_fine/test/021.Independence-class_combat_ship/P6153.bmp,15,021.Independence-class_combat_ship,15,021.Independence-class_combat_ship,0.998137
/mnt/e/aircas/dht/graduation/dataset/ship_fine/test/021.Independence-class_combat_ship/P6277.bmp,15,021.Independence-class_combat_ship,15,021.Independence-class_combat_ship,0.988030
/mnt/e/aircas/dht/graduation/dataset/ship_fine/test/021.Independence-class_combat_ship/P7533.bmp,15,021.Independence-class_combat_ship,15,021.Independence-class_combat_ship,0.999459
/mnt/e/aircas/dht/graduation/dataset/ship_fine/test/021.Independence-class_combat_ship/P8073.bmp,15,021.Independence-class_combat_ship,15,021.Independence-class_combat_ship,0.999886
/mnt/e/aircas/dht/graduation/dataset/ship_fine/test/021.Independence-class_combat_ship/P8460.bmp,15,021.Independence-class_combat_ship,15,021.Independence-class_combat_ship,0.999653
/mnt/e/aircas/dht/graduation/dataset/ship_fine/test/021.Independence-class_combat_ship/P8530.bmp,15,021.Independence-class_combat_ship,15,021.Independence-class_combat_ship,0.999895
/mnt/e/aircas/dht/graduation/dataset/ship_fine/test/021.Independence-class_combat_ship/P8719.bmp,15,021.Independence-class_combat_ship,15,021.Independence-class_combat_ship,0.997791
/mnt/e/aircas/dht/graduation/dataset/ship_fine/test/021.Independence-class_combat_ship/P9656.bmp,15,021.Independence-class_combat_ship,15,021.Independence-class_combat_ship,0.999946
/mnt/e/aircas/dht/graduation/dataset/ship_fine/test/022.Sacramento-class_support_ship/P2518.bmp,16,022.Sacramento-class_support_ship,16,022.Sacramento-class_support_ship,0.999154
/mnt/e/aircas/dht/graduation/dataset/ship_fine/test/022.Sacramento-class_support_ship/P4934.bmp,16,022.Sacramento-class_support_ship,16,022.Sacramento-class_support_ship,0.999631
/mnt/e/aircas/dht/graduation/dataset/ship_fine/test/022.Sacramento-class_support_ship/P6771.bmp,16,022.Sacramento-class_support_ship,16,022.Sacramento-class_support_ship,0.999777
/mnt/e/aircas/dht/graduation/dataset/ship_fine/test/022.Sacramento-class_support_ship/P8310.bmp,16,022.Sacramento-class_support_ship,16,022.Sacramento-class_support_ship,0.998017
/mnt/e/aircas/dht/graduation/dataset/ship_fine/test/022.Sacramento-class_support_ship/P8343.bmp,16,022.Sacramento-class_support_ship,16,022.Sacramento-class_support_ship,0.998924
/mnt/e/aircas/dht/graduation/dataset/ship_fine/test/023.Crane_ship/P0238.bmp,17,023.Crane_ship,17,023.Crane_ship,0.999022
/mnt/e/aircas/dht/graduation/dataset/ship_fine/test/023.Crane_ship/P1862.bmp,17,023.Crane_ship,17,023.Crane_ship,0.999853
/mnt/e/aircas/dht/graduation/dataset/ship_fine/test/023.Crane_ship/P2591.bmp,17,023.Crane_ship,17,023.Crane_ship,0.388329
/mnt/e/aircas/dht/graduation/dataset/ship_fine/test/023.Crane_ship/P2992.bmp,17,023.Crane_ship,17,023.Crane_ship,0.999141
/mnt/e/aircas/dht/graduation/dataset/ship_fine/test/023.Crane_ship/P3170.bmp,17,023.Crane_ship,17,023.Crane_ship,0.956865
/mnt/e/aircas/dht/graduation/dataset/ship_fine/test/023.Crane_ship/P3397.bmp,17,023.Crane_ship,17,023.Crane_ship,0.919007
/mnt/e/aircas/dht/graduation/dataset/ship_fine/test/023.Crane_ship/P3433.bmp,17,023.Crane_ship,17,023.Crane_ship,0.975212
/mnt/e/aircas/dht/graduation/dataset/ship_fine/test/023.Crane_ship/P3665.bmp,17,023.Crane_ship,17,023.Crane_ship,0.997459
/mnt/e/aircas/dht/graduation/dataset/ship_fine/test/023.Crane_ship/P4147.bmp,17,023.Crane_ship,17,023.Crane_ship,0.999271
/mnt/e/aircas/dht/graduation/dataset/ship_fine/test/023.Crane_ship/P4208.bmp,17,023.Crane_ship,17,023.Crane_ship,0.994532
/mnt/e/aircas/dht/graduation/dataset/ship_fine/test/023.Crane_ship/P4882.bmp,17,023.Crane_ship,17,023.Crane_ship,0.733463
/mnt/e/aircas/dht/graduation/dataset/ship_fine/test/023.Crane_ship/P5191.bmp,17,023.Crane_ship,17,023.Crane_ship,0.992997
/mnt/e/aircas/dht/graduation/dataset/ship_fine/test/023.Crane_ship/P5584.bmp,17,023.Crane_ship,17,023.Crane_ship,0.968723
/mnt/e/aircas/dht/graduation/dataset/ship_fine/test/023.Crane_ship/P5873.bmp,17,023.Crane_ship,17,023.Crane_ship,0.998536
/mnt/e/aircas/dht/graduation/dataset/ship_fine/test/024.Abukuma-class_frigate/P0268.bmp,18,024.Abukuma-class_frigate,18,024.Abukuma-class_frigate,0.998489
/mnt/e/aircas/dht/graduation/dataset/ship_fine/test/024.Abukuma-class_frigate/P1940.bmp,18,024.Abukuma-class_frigate,18,024.Abukuma-class_frigate,0.999805
/mnt/e/aircas/dht/graduation/dataset/ship_fine/test/024.Abukuma-class_frigate/P3665.bmp,18,024.Abukuma-class_frigate,18,024.Abukuma-class_frigate,0.999051
/mnt/e/aircas/dht/graduation/dataset/ship_fine/test/024.Abukuma-class_frigate/P3717.bmp,18,024.Abukuma-class_frigate,18,024.Abukuma-class_frigate,0.996559
/mnt/e/aircas/dht/graduation/dataset/ship_fine/test/024.Abukuma-class_frigate/P4443.bmp,18,024.Abukuma-class_frigate,18,024.Abukuma-class_frigate,0.999933
/mnt/e/aircas/dht/graduation/dataset/ship_fine/test/024.Abukuma-class_frigate/P7844.bmp,18,024.Abukuma-class_frigate,18,024.Abukuma-class_frigate,0.987581
/mnt/e/aircas/dht/graduation/dataset/ship_fine/test/024.Abukuma-class_frigate/P8029.bmp,18,024.Abukuma-class_frigate,18,024.Abukuma-class_frigate,0.999160
/mnt/e/aircas/dht/graduation/dataset/ship_fine/test/025.Megayacht/P0241.bmp,19,025.Megayacht,19,025.Megayacht,0.999945
/mnt/e/aircas/dht/graduation/dataset/ship_fine/test/025.Megayacht/P0294.bmp,19,025.Megayacht,19,025.Megayacht,0.980256
/mnt/e/aircas/dht/graduation/dataset/ship_fine/test/025.Megayacht/P1071.bmp,19,025.Megayacht,19,025.Megayacht,0.999306
/mnt/e/aircas/dht/graduation/dataset/ship_fine/test/025.Megayacht/P1654.bmp,19,025.Megayacht,19,025.Megayacht,0.999852
/mnt/e/aircas/dht/graduation/dataset/ship_fine/test/025.Megayacht/P2011.bmp,19,025.Megayacht,19,025.Megayacht,0.998330
/mnt/e/aircas/dht/graduation/dataset/ship_fine/test/025.Megayacht/P2473.bmp,19,025.Megayacht,19,025.Megayacht,0.999882
/mnt/e/aircas/dht/graduation/dataset/ship_fine/test/025.Megayacht/P3240.bmp,19,025.Megayacht,19,025.Megayacht,0.998285
/mnt/e/aircas/dht/graduation/dataset/ship_fine/test/025.Megayacht/P6219.bmp,19,025.Megayacht,19,025.Megayacht,0.999898
/mnt/e/aircas/dht/graduation/dataset/ship_fine/test/025.Megayacht/P6492.bmp,19,025.Megayacht,19,025.Megayacht,0.999384
/mnt/e/aircas/dht/graduation/dataset/ship_fine/test/025.Megayacht/P6928.bmp,19,025.Megayacht,19,025.Megayacht,0.998933
/mnt/e/aircas/dht/graduation/dataset/ship_fine/test/025.Megayacht/P6970.bmp,19,025.Megayacht,19,025.Megayacht,0.999867
/mnt/e/aircas/dht/graduation/dataset/ship_fine/test/025.Megayacht/P7640.bmp,19,025.Megayacht,19,025.Megayacht,0.999949
/mnt/e/aircas/dht/graduation/dataset/ship_fine/test/025.Megayacht/P7747.bmp,19,025.Megayacht,19,025.Megayacht,0.975250
/mnt/e/aircas/dht/graduation/dataset/ship_fine/test/025.Megayacht/P8618.bmp,19,025.Megayacht,19,025.Megayacht,0.990503
/mnt/e/aircas/dht/graduation/dataset/ship_fine/test/025.Megayacht/P8624.bmp,19,025.Megayacht,19,025.Megayacht,0.999553
/mnt/e/aircas/dht/graduation/dataset/ship_fine/test/025.Megayacht/P8792.bmp,19,025.Megayacht,19,025.Megayacht,0.999838
/mnt/e/aircas/dht/graduation/dataset/ship_fine/test/025.Megayacht/P9398.bmp,19,025.Megayacht,19,025.Megayacht,0.999900
/mnt/e/aircas/dht/graduation/dataset/ship_fine/test/025.Megayacht/P9497.bmp,19,025.Megayacht,19,025.Megayacht,0.996730
/mnt/e/aircas/dht/graduation/dataset/ship_fine/test/026.Cargo_ship/P0313.bmp,20,026.Cargo_ship,20,026.Cargo_ship,0.999669
/mnt/e/aircas/dht/graduation/dataset/ship_fine/test/026.Cargo_ship/P0332.bmp,20,026.Cargo_ship,20,026.Cargo_ship,0.520344
/mnt/e/aircas/dht/graduation/dataset/ship_fine/test/026.Cargo_ship/P0364.bmp,20,026.Cargo_ship,20,026.Cargo_ship,0.998033
/mnt/e/aircas/dht/graduation/dataset/ship_fine/test/026.Cargo_ship/P0399.bmp,20,026.Cargo_ship,20,026.Cargo_ship,0.879120
/mnt/e/aircas/dht/graduation/dataset/ship_fine/test/026.Cargo_ship/P1001.bmp,20,026.Cargo_ship,20,026.Cargo_ship,0.998960
/mnt/e/aircas/dht/graduation/dataset/ship_fine/test/026.Cargo_ship/P1125.bmp,20,026.Cargo_ship,20,026.Cargo_ship,0.998311
/mnt/e/aircas/dht/graduation/dataset/ship_fine/test/026.Cargo_ship/P1684.bmp,20,026.Cargo_ship,20,026.Cargo_ship,0.819075
/mnt/e/aircas/dht/graduation/dataset/ship_fine/test/026.Cargo_ship/P1795.bmp,20,026.Cargo_ship,20,026.Cargo_ship,0.999424
/mnt/e/aircas/dht/graduation/dataset/ship_fine/test/026.Cargo_ship/P1892.bmp,20,026.Cargo_ship,20,026.Cargo_ship,0.962252
/mnt/e/aircas/dht/graduation/dataset/ship_fine/test/026.Cargo_ship/P2055.bmp,20,026.Cargo_ship,20,026.Cargo_ship,0.964371
/mnt/e/aircas/dht/graduation/dataset/ship_fine/test/026.Cargo_ship/P2092.bmp,20,026.Cargo_ship,20,026.Cargo_ship,0.998748
/mnt/e/aircas/dht/graduation/dataset/ship_fine/test/026.Cargo_ship/P2237.bmp,20,026.Cargo_ship,20,026.Cargo_ship,0.968442
/mnt/e/aircas/dht/graduation/dataset/ship_fine/test/026.Cargo_ship/P3047.bmp,20,026.Cargo_ship,20,026.Cargo_ship,0.987666
/mnt/e/aircas/dht/graduation/dataset/ship_fine/test/026.Cargo_ship/P3493.bmp,20,026.Cargo_ship,20,026.Cargo_ship,0.999449
/mnt/e/aircas/dht/graduation/dataset/ship_fine/test/026.Cargo_ship/P3698.bmp,20,026.Cargo_ship,20,026.Cargo_ship,0.999933
/mnt/e/aircas/dht/graduation/dataset/ship_fine/test/026.Cargo_ship/P3699.bmp,20,026.Cargo_ship,20,026.Cargo_ship,0.987844
/mnt/e/aircas/dht/graduation/dataset/ship_fine/test/026.Cargo_ship/P4361.bmp,20,026.Cargo_ship,20,026.Cargo_ship,0.999588
/mnt/e/aircas/dht/graduation/dataset/ship_fine/test/026.Cargo_ship/P4552.bmp,20,026.Cargo_ship,20,026.Cargo_ship,0.999842
/mnt/e/aircas/dht/graduation/dataset/ship_fine/test/026.Cargo_ship/P4696.bmp,20,026.Cargo_ship,20,026.Cargo_ship,0.986241
/mnt/e/aircas/dht/graduation/dataset/ship_fine/test/026.Cargo_ship/P5177.bmp,20,026.Cargo_ship,20,026.Cargo_ship,0.998803
/mnt/e/aircas/dht/graduation/dataset/ship_fine/test/026.Cargo_ship/P5290.bmp,20,026.Cargo_ship,20,026.Cargo_ship,0.984939
/mnt/e/aircas/dht/graduation/dataset/ship_fine/test/026.Cargo_ship/P5410.bmp,20,026.Cargo_ship,26,032.Sand_carrier,0.738524
/mnt/e/aircas/dht/graduation/dataset/ship_fine/test/026.Cargo_ship/P5497.bmp,20,026.Cargo_ship,20,026.Cargo_ship,0.998957
/mnt/e/aircas/dht/graduation/dataset/ship_fine/test/026.Cargo_ship/P5556.bmp,20,026.Cargo_ship,20,026.Cargo_ship,0.999436
/mnt/e/aircas/dht/graduation/dataset/ship_fine/test/026.Cargo_ship/P5739.bmp,20,026.Cargo_ship,20,026.Cargo_ship,0.997487
/mnt/e/aircas/dht/graduation/dataset/ship_fine/test/026.Cargo_ship/P5936.bmp,20,026.Cargo_ship,20,026.Cargo_ship,0.999809
/mnt/e/aircas/dht/graduation/dataset/ship_fine/test/026.Cargo_ship/P6483.bmp,20,026.Cargo_ship,20,026.Cargo_ship,0.996113
/mnt/e/aircas/dht/graduation/dataset/ship_fine/test/026.Cargo_ship/P6587.bmp,20,026.Cargo_ship,20,026.Cargo_ship,0.998592
/mnt/e/aircas/dht/graduation/dataset/ship_fine/test/026.Cargo_ship/P6835.bmp,20,026.Cargo_ship,20,026.Cargo_ship,0.967583
/mnt/e/aircas/dht/graduation/dataset/ship_fine/test/026.Cargo_ship/P6902.bmp,20,026.Cargo_ship,20,026.Cargo_ship,0.984723
/mnt/e/aircas/dht/graduation/dataset/ship_fine/test/026.Cargo_ship/P7105.bmp,20,026.Cargo_ship,20,026.Cargo_ship,0.999792
/mnt/e/aircas/dht/graduation/dataset/ship_fine/test/026.Cargo_ship/P7234.bmp,20,026.Cargo_ship,20,026.Cargo_ship,0.997188
/mnt/e/aircas/dht/graduation/dataset/ship_fine/test/026.Cargo_ship/P7404.bmp,20,026.Cargo_ship,20,026.Cargo_ship,0.982098
/mnt/e/aircas/dht/graduation/dataset/ship_fine/test/026.Cargo_ship/P8103.bmp,20,026.Cargo_ship,20,026.Cargo_ship,0.996500
/mnt/e/aircas/dht/graduation/dataset/ship_fine/test/026.Cargo_ship/P8395.bmp,20,026.Cargo_ship,20,026.Cargo_ship,0.998079
/mnt/e/aircas/dht/graduation/dataset/ship_fine/test/026.Cargo_ship/P8773.bmp,20,026.Cargo_ship,20,026.Cargo_ship,0.848869
/mnt/e/aircas/dht/graduation/dataset/ship_fine/test/026.Cargo_ship/P9753.bmp,20,026.Cargo_ship,20,026.Cargo_ship,0.999074
/mnt/e/aircas/dht/graduation/dataset/ship_fine/test/027.Murasame-class_destroyer/P2465.bmp,21,027.Murasame-class_destroyer,21,027.Murasame-class_destroyer,0.963485
/mnt/e/aircas/dht/graduation/dataset/ship_fine/test/027.Murasame-class_destroyer/P6141.bmp,21,027.Murasame-class_destroyer,21,027.Murasame-class_destroyer,0.947012
/mnt/e/aircas/dht/graduation/dataset/ship_fine/test/027.Murasame-class_destroyer/P8373.bmp,21,027.Murasame-class_destroyer,21,027.Murasame-class_destroyer,0.966963
/mnt/e/aircas/dht/graduation/dataset/ship_fine/test/027.Murasame-class_destroyer/P8668.bmp,21,027.Murasame-class_destroyer,21,027.Murasame-class_destroyer,0.952947
/mnt/e/aircas/dht/graduation/dataset/ship_fine/test/027.Murasame-class_destroyer/P9277.bmp,21,027.Murasame-class_destroyer,21,027.Murasame-class_destroyer,0.914982
/mnt/e/aircas/dht/graduation/dataset/ship_fine/test/027.Murasame-class_destroyer/P9862.bmp,21,027.Murasame-class_destroyer,6,011.Asagiri-class_destroyer,0.591164
/mnt/e/aircas/dht/graduation/dataset/ship_fine/test/028.Container_ship/P0218.bmp,22,028.Container_ship,22,028.Container_ship,0.997822
/mnt/e/aircas/dht/graduation/dataset/ship_fine/test/028.Container_ship/P0339.bmp,22,028.Container_ship,22,028.Container_ship,0.999793
/mnt/e/aircas/dht/graduation/dataset/ship_fine/test/028.Container_ship/P0704.bmp,22,028.Container_ship,22,028.Container_ship,0.999906
/mnt/e/aircas/dht/graduation/dataset/ship_fine/test/028.Container_ship/P1011.bmp,22,028.Container_ship,22,028.Container_ship,0.999972
/mnt/e/aircas/dht/graduation/dataset/ship_fine/test/028.Container_ship/P1940.bmp,22,028.Container_ship,22,028.Container_ship,0.999663
/mnt/e/aircas/dht/graduation/dataset/ship_fine/test/028.Container_ship/P2174.bmp,22,028.Container_ship,22,028.Container_ship,0.999834
/mnt/e/aircas/dht/graduation/dataset/ship_fine/test/028.Container_ship/P2248.bmp,22,028.Container_ship,22,028.Container_ship,0.999877
/mnt/e/aircas/dht/graduation/dataset/ship_fine/test/028.Container_ship/P2429.bmp,22,028.Container_ship,22,028.Container_ship,0.999305
/mnt/e/aircas/dht/graduation/dataset/ship_fine/test/028.Container_ship/P2609.bmp,22,028.Container_ship,22,028.Container_ship,0.999928
/mnt/e/aircas/dht/graduation/dataset/ship_fine/test/028.Container_ship/P2704.bmp,22,028.Container_ship,22,028.Container_ship,0.989269
/mnt/e/aircas/dht/graduation/dataset/ship_fine/test/028.Container_ship/P4161.bmp,22,028.Container_ship,22,028.Container_ship,0.999846
/mnt/e/aircas/dht/graduation/dataset/ship_fine/test/028.Container_ship/P4458.bmp,22,028.Container_ship,22,028.Container_ship,0.999206
/mnt/e/aircas/dht/graduation/dataset/ship_fine/test/028.Container_ship/P4795.bmp,22,028.Container_ship,22,028.Container_ship,0.991797
/mnt/e/aircas/dht/graduation/dataset/ship_fine/test/028.Container_ship/P4801.bmp,22,028.Container_ship,22,028.Container_ship,0.999524
/mnt/e/aircas/dht/graduation/dataset/ship_fine/test/028.Container_ship/P4989.bmp,22,028.Container_ship,22,028.Container_ship,0.999252
/mnt/e/aircas/dht/graduation/dataset/ship_fine/test/028.Container_ship/P4998.bmp,22,028.Container_ship,22,028.Container_ship,0.943394
/mnt/e/aircas/dht/graduation/dataset/ship_fine/test/028.Container_ship/P5597.bmp,22,028.Container_ship,22,028.Container_ship,0.999946
/mnt/e/aircas/dht/graduation/dataset/ship_fine/test/028.Container_ship/P5628.bmp,22,028.Container_ship,22,028.Container_ship,0.999968
/mnt/e/aircas/dht/graduation/dataset/ship_fine/test/028.Container_ship/P5652.bmp,22,028.Container_ship,22,028.Container_ship,0.999765
/mnt/e/aircas/dht/graduation/dataset/ship_fine/test/028.Container_ship/P5824.bmp,22,028.Container_ship,22,028.Container_ship,0.999831
/mnt/e/aircas/dht/graduation/dataset/ship_fine/test/028.Container_ship/P6029.bmp,22,028.Container_ship,22,028.Container_ship,0.998380
/mnt/e/aircas/dht/graduation/dataset/ship_fine/test/028.Container_ship/P6112.bmp,22,028.Container_ship,22,028.Container_ship,0.999833
/mnt/e/aircas/dht/graduation/dataset/ship_fine/test/028.Container_ship/P6351.bmp,22,028.Container_ship,22,028.Container_ship,0.999882
/mnt/e/aircas/dht/graduation/dataset/ship_fine/test/028.Container_ship/P6364.bmp,22,028.Container_ship,22,028.Container_ship,0.999806
/mnt/e/aircas/dht/graduation/dataset/ship_fine/test/028.Container_ship/P6398.bmp,22,028.Container_ship,22,028.Container_ship,0.999361
/mnt/e/aircas/dht/graduation/dataset/ship_fine/test/028.Container_ship/P6459.bmp,22,028.Container_ship,22,028.Container_ship,0.998035
/mnt/e/aircas/dht/graduation/dataset/ship_fine/test/028.Container_ship/P7364.bmp,22,028.Container_ship,22,028.Container_ship,0.999148
/mnt/e/aircas/dht/graduation/dataset/ship_fine/test/028.Container_ship/P7486.bmp,22,028.Container_ship,22,028.Container_ship,0.999905
/mnt/e/aircas/dht/graduation/dataset/ship_fine/test/028.Container_ship/P7861.bmp,22,028.Container_ship,22,028.Container_ship,0.999376
/mnt/e/aircas/dht/graduation/dataset/ship_fine/test/028.Container_ship/P7866.bmp,22,028.Container_ship,22,028.Container_ship,0.999630
/mnt/e/aircas/dht/graduation/dataset/ship_fine/test/028.Container_ship/P8039.bmp,22,028.Container_ship,22,028.Container_ship,0.999924
/mnt/e/aircas/dht/graduation/dataset/ship_fine/test/028.Container_ship/P8280.bmp,22,028.Container_ship,22,028.Container_ship,0.999904
/mnt/e/aircas/dht/graduation/dataset/ship_fine/test/028.Container_ship/P8578.bmp,22,028.Container_ship,12,018.Whitby_Island-class_dock_landing_ship,0.468558
/mnt/e/aircas/dht/graduation/dataset/ship_fine/test/028.Container_ship/P8733.bmp,22,028.Container_ship,22,028.Container_ship,0.999322
/mnt/e/aircas/dht/graduation/dataset/ship_fine/test/028.Container_ship/P9050.bmp,22,028.Container_ship,22,028.Container_ship,0.999851
/mnt/e/aircas/dht/graduation/dataset/ship_fine/test/028.Container_ship/P9111.bmp,22,028.Container_ship,22,028.Container_ship,0.999530
/mnt/e/aircas/dht/graduation/dataset/ship_fine/test/028.Container_ship/P9128.bmp,22,028.Container_ship,22,028.Container_ship,0.999953
/mnt/e/aircas/dht/graduation/dataset/ship_fine/test/028.Container_ship/P9148.bmp,22,028.Container_ship,22,028.Container_ship,0.993180
/mnt/e/aircas/dht/graduation/dataset/ship_fine/test/028.Container_ship/P9210.bmp,22,028.Container_ship,22,028.Container_ship,0.999771
/mnt/e/aircas/dht/graduation/dataset/ship_fine/test/028.Container_ship/P9279.bmp,22,028.Container_ship,22,028.Container_ship,0.999550
/mnt/e/aircas/dht/graduation/dataset/ship_fine/test/028.Container_ship/P9459.bmp,22,028.Container_ship,22,028.Container_ship,0.999964
/mnt/e/aircas/dht/graduation/dataset/ship_fine/test/028.Container_ship/P9478.bmp,22,028.Container_ship,22,028.Container_ship,0.999872
/mnt/e/aircas/dht/graduation/dataset/ship_fine/test/028.Container_ship/P9579.bmp,22,028.Container_ship,22,028.Container_ship,0.999711
/mnt/e/aircas/dht/graduation/dataset/ship_fine/test/028.Container_ship/P9844.bmp,22,028.Container_ship,22,028.Container_ship,0.999927
/mnt/e/aircas/dht/graduation/dataset/ship_fine/test/028.Container_ship/P9969.bmp,22,028.Container_ship,22,028.Container_ship,0.998814
/mnt/e/aircas/dht/graduation/dataset/ship_fine/test/029.Towing_vessel/P0089.bmp,23,029.Towing_vessel,23,029.Towing_vessel,0.999498
/mnt/e/aircas/dht/graduation/dataset/ship_fine/test/029.Towing_vessel/P0133.bmp,23,029.Towing_vessel,23,029.Towing_vessel,0.999920
/mnt/e/aircas/dht/graduation/dataset/ship_fine/test/029.Towing_vessel/P0357.bmp,23,029.Towing_vessel,23,029.Towing_vessel,0.999972
/mnt/e/aircas/dht/graduation/dataset/ship_fine/test/029.Towing_vessel/P0439.bmp,23,029.Towing_vessel,23,029.Towing_vessel,0.996769
/mnt/e/aircas/dht/graduation/dataset/ship_fine/test/029.Towing_vessel/P0441.bmp,23,029.Towing_vessel,23,029.Towing_vessel,0.998809
/mnt/e/aircas/dht/graduation/dataset/ship_fine/test/029.Towing_vessel/P0592.bmp,23,029.Towing_vessel,23,029.Towing_vessel,0.999987
/mnt/e/aircas/dht/graduation/dataset/ship_fine/test/029.Towing_vessel/P0625.bmp,23,029.Towing_vessel,23,029.Towing_vessel,0.999810
/mnt/e/aircas/dht/graduation/dataset/ship_fine/test/029.Towing_vessel/P0749.bmp,23,029.Towing_vessel,23,029.Towing_vessel,0.999946
/mnt/e/aircas/dht/graduation/dataset/ship_fine/test/029.Towing_vessel/P0773.bmp,23,029.Towing_vessel,23,029.Towing_vessel,0.999983
/mnt/e/aircas/dht/graduation/dataset/ship_fine/test/029.Towing_vessel/P0831.bmp,23,029.Towing_vessel,23,029.Towing_vessel,0.918621
/mnt/e/aircas/dht/graduation/dataset/ship_fine/test/029.Towing_vessel/P1389.bmp,23,029.Towing_vessel,23,029.Towing_vessel,0.999852
/mnt/e/aircas/dht/graduation/dataset/ship_fine/test/029.Towing_vessel/P1567.bmp,23,029.Towing_vessel,23,029.Towing_vessel,0.999777
/mnt/e/aircas/dht/graduation/dataset/ship_fine/test/029.Towing_vessel/P1671.bmp,23,029.Towing_vessel,23,029.Towing_vessel,0.999755
/mnt/e/aircas/dht/graduation/dataset/ship_fine/test/029.Towing_vessel/P1745.bmp,23,029.Towing_vessel,23,029.Towing_vessel,0.999975
/mnt/e/aircas/dht/graduation/dataset/ship_fine/test/029.Towing_vessel/P1749.bmp,23,029.Towing_vessel,23,029.Towing_vessel,0.999338
/mnt/e/aircas/dht/graduation/dataset/ship_fine/test/029.Towing_vessel/P2170.bmp,23,029.Towing_vessel,23,029.Towing_vessel,0.999757
/mnt/e/aircas/dht/graduation/dataset/ship_fine/test/029.Towing_vessel/P2192.bmp,23,029.Towing_vessel,23,029.Towing_vessel,0.999694
/mnt/e/aircas/dht/graduation/dataset/ship_fine/test/029.Towing_vessel/P2341.bmp,23,029.Towing_vessel,23,029.Towing_vessel,0.999934
/mnt/e/aircas/dht/graduation/dataset/ship_fine/test/029.Towing_vessel/P2405.bmp,23,029.Towing_vessel,23,029.Towing_vessel,0.999943
/mnt/e/aircas/dht/graduation/dataset/ship_fine/test/029.Towing_vessel/P2423.bmp,23,029.Towing_vessel,23,029.Towing_vessel,0.999967
/mnt/e/aircas/dht/graduation/dataset/ship_fine/test/029.Towing_vessel/P2442.bmp,23,029.Towing_vessel,23,029.Towing_vessel,0.999877
/mnt/e/aircas/dht/graduation/dataset/ship_fine/test/029.Towing_vessel/P2562.bmp,23,029.Towing_vessel,23,029.Towing_vessel,0.993977
/mnt/e/aircas/dht/graduation/dataset/ship_fine/test/029.Towing_vessel/P2583.bmp,23,029.Towing_vessel,23,029.Towing_vessel,0.999978
/mnt/e/aircas/dht/graduation/dataset/ship_fine/test/029.Towing_vessel/P2603.bmp,23,029.Towing_vessel,23,029.Towing_vessel,0.999976
/mnt/e/aircas/dht/graduation/dataset/ship_fine/test/029.Towing_vessel/P2658.bmp,23,029.Towing_vessel,23,029.Towing_vessel,0.999850
/mnt/e/aircas/dht/graduation/dataset/ship_fine/test/029.Towing_vessel/P2701.bmp,23,029.Towing_vessel,23,029.Towing_vessel,0.999985
/mnt/e/aircas/dht/graduation/dataset/ship_fine/test/029.Towing_vessel/P3072.bmp,23,029.Towing_vessel,23,029.Towing_vessel,0.995755
/mnt/e/aircas/dht/graduation/dataset/ship_fine/test/029.Towing_vessel/P3218.bmp,23,029.Towing_vessel,23,029.Towing_vessel,0.999981
/mnt/e/aircas/dht/graduation/dataset/ship_fine/test/029.Towing_vessel/P3285.bmp,23,029.Towing_vessel,23,029.Towing_vessel,0.990198
/mnt/e/aircas/dht/graduation/dataset/ship_fine/test/029.Towing_vessel/P3545.bmp,23,029.Towing_vessel,23,029.Towing_vessel,0.999750
/mnt/e/aircas/dht/graduation/dataset/ship_fine/test/029.Towing_vessel/P3552.bmp,23,029.Towing_vessel,23,029.Towing_vessel,0.999984
/mnt/e/aircas/dht/graduation/dataset/ship_fine/test/029.Towing_vessel/P3647.bmp,23,029.Towing_vessel,23,029.Towing_vessel,0.999920
/mnt/e/aircas/dht/graduation/dataset/ship_fine/test/029.Towing_vessel/P3679.bmp,23,029.Towing_vessel,23,029.Towing_vessel,0.999477
/mnt/e/aircas/dht/graduation/dataset/ship_fine/test/029.Towing_vessel/P3690.bmp,23,029.Towing_vessel,23,029.Towing_vessel,0.999978
/mnt/e/aircas/dht/graduation/dataset/ship_fine/test/029.Towing_vessel/P3715.bmp,23,029.Towing_vessel,23,029.Towing_vessel,0.999732
/mnt/e/aircas/dht/graduation/dataset/ship_fine/test/029.Towing_vessel/P3930.bmp,23,029.Towing_vessel,23,029.Towing_vessel,0.999983
/mnt/e/aircas/dht/graduation/dataset/ship_fine/test/029.Towing_vessel/P4074.bmp,23,029.Towing_vessel,23,029.Towing_vessel,0.999881
/mnt/e/aircas/dht/graduation/dataset/ship_fine/test/029.Towing_vessel/P4251.bmp,23,029.Towing_vessel,23,029.Towing_vessel,0.999955
/mnt/e/aircas/dht/graduation/dataset/ship_fine/test/029.Towing_vessel/P4300.bmp,23,029.Towing_vessel,23,029.Towing_vessel,0.999965
/mnt/e/aircas/dht/graduation/dataset/ship_fine/test/029.Towing_vessel/P4382.bmp,23,029.Towing_vessel,23,029.Towing_vessel,0.999939
/mnt/e/aircas/dht/graduation/dataset/ship_fine/test/029.Towing_vessel/P4916.bmp,23,029.Towing_vessel,23,029.Towing_vessel,0.997209
/mnt/e/aircas/dht/graduation/dataset/ship_fine/test/029.Towing_vessel/P5122.bmp,23,029.Towing_vessel,23,029.Towing_vessel,0.999978
/mnt/e/aircas/dht/graduation/dataset/ship_fine/test/029.Towing_vessel/P5171.bmp,23,029.Towing_vessel,23,029.Towing_vessel,0.999857
/mnt/e/aircas/dht/graduation/dataset/ship_fine/test/029.Towing_vessel/P5283.bmp,23,029.Towing_vessel,23,029.Towing_vessel,0.999838
/mnt/e/aircas/dht/graduation/dataset/ship_fine/test/029.Towing_vessel/P5365.bmp,23,029.Towing_vessel,23,029.Towing_vessel,0.999980
/mnt/e/aircas/dht/graduation/dataset/ship_fine/test/029.Towing_vessel/P5410.bmp,23,029.Towing_vessel,23,029.Towing_vessel,0.994694
/mnt/e/aircas/dht/graduation/dataset/ship_fine/test/029.Towing_vessel/P5423.bmp,23,029.Towing_vessel,23,029.Towing_vessel,0.986183
/mnt/e/aircas/dht/graduation/dataset/ship_fine/test/029.Towing_vessel/P5613.bmp,23,029.Towing_vessel,23,029.Towing_vessel,0.999971
/mnt/e/aircas/dht/graduation/dataset/ship_fine/test/029.Towing_vessel/P5642.bmp,23,029.Towing_vessel,23,029.Towing_vessel,0.999942
/mnt/e/aircas/dht/graduation/dataset/ship_fine/test/029.Towing_vessel/P5685.bmp,23,029.Towing_vessel,23,029.Towing_vessel,0.999652
/mnt/e/aircas/dht/graduation/dataset/ship_fine/test/029.Towing_vessel/P5688.bmp,23,029.Towing_vessel,23,029.Towing_vessel,0.999963
/mnt/e/aircas/dht/graduation/dataset/ship_fine/test/029.Towing_vessel/P5695.bmp,23,029.Towing_vessel,23,029.Towing_vessel,0.999929
/mnt/e/aircas/dht/graduation/dataset/ship_fine/test/029.Towing_vessel/P5856.bmp,23,029.Towing_vessel,23,029.Towing_vessel,0.998572
/mnt/e/aircas/dht/graduation/dataset/ship_fine/test/029.Towing_vessel/P5901.bmp,23,029.Towing_vessel,23,029.Towing_vessel,0.999985
/mnt/e/aircas/dht/graduation/dataset/ship_fine/test/029.Towing_vessel/P5982.bmp,23,029.Towing_vessel,23,029.Towing_vessel,0.999986
/mnt/e/aircas/dht/graduation/dataset/ship_fine/test/029.Towing_vessel/P6061.bmp,23,029.Towing_vessel,23,029.Towing_vessel,0.999986
/mnt/e/aircas/dht/graduation/dataset/ship_fine/test/029.Towing_vessel/P6089.bmp,23,029.Towing_vessel,23,029.Towing_vessel,0.999976
/mnt/e/aircas/dht/graduation/dataset/ship_fine/test/029.Towing_vessel/P6115.bmp,23,029.Towing_vessel,23,029.Towing_vessel,0.999926
/mnt/e/aircas/dht/graduation/dataset/ship_fine/test/029.Towing_vessel/P6268.bmp,23,029.Towing_vessel,23,029.Towing_vessel,0.999946
/mnt/e/aircas/dht/graduation/dataset/ship_fine/test/029.Towing_vessel/P6400.bmp,23,029.Towing_vessel,23,029.Towing_vessel,0.999881
/mnt/e/aircas/dht/graduation/dataset/ship_fine/test/029.Towing_vessel/P6428.bmp,23,029.Towing_vessel,23,029.Towing_vessel,0.999916
/mnt/e/aircas/dht/graduation/dataset/ship_fine/test/029.Towing_vessel/P6725.bmp,23,029.Towing_vessel,23,029.Towing_vessel,0.977492
/mnt/e/aircas/dht/graduation/dataset/ship_fine/test/029.Towing_vessel/P7137.bmp,23,029.Towing_vessel,23,029.Towing_vessel,0.999991
/mnt/e/aircas/dht/graduation/dataset/ship_fine/test/029.Towing_vessel/P7297.bmp,23,029.Towing_vessel,23,029.Towing_vessel,0.999977
/mnt/e/aircas/dht/graduation/dataset/ship_fine/test/029.Towing_vessel/P7616.bmp,23,029.Towing_vessel,23,029.Towing_vessel,0.999955
/mnt/e/aircas/dht/graduation/dataset/ship_fine/test/029.Towing_vessel/P7694.bmp,23,029.Towing_vessel,23,029.Towing_vessel,0.999789
/mnt/e/aircas/dht/graduation/dataset/ship_fine/test/029.Towing_vessel/P7856.bmp,23,029.Towing_vessel,23,029.Towing_vessel,0.999917
/mnt/e/aircas/dht/graduation/dataset/ship_fine/test/029.Towing_vessel/P7878.bmp,23,029.Towing_vessel,23,029.Towing_vessel,0.999390
/mnt/e/aircas/dht/graduation/dataset/ship_fine/test/029.Towing_vessel/P7903.bmp,23,029.Towing_vessel,23,029.Towing_vessel,0.999213
/mnt/e/aircas/dht/graduation/dataset/ship_fine/test/029.Towing_vessel/P8882.bmp,23,029.Towing_vessel,23,029.Towing_vessel,0.999980
/mnt/e/aircas/dht/graduation/dataset/ship_fine/test/029.Towing_vessel/P9065.bmp,23,029.Towing_vessel,23,029.Towing_vessel,0.938768
/mnt/e/aircas/dht/graduation/dataset/ship_fine/test/029.Towing_vessel/P9401.bmp,23,029.Towing_vessel,23,029.Towing_vessel,0.999951
/mnt/e/aircas/dht/graduation/dataset/ship_fine/test/029.Towing_vessel/P9776.bmp,23,029.Towing_vessel,23,029.Towing_vessel,0.999962
/mnt/e/aircas/dht/graduation/dataset/ship_fine/test/029.Towing_vessel/P9857.bmp,23,029.Towing_vessel,23,029.Towing_vessel,0.999976
/mnt/e/aircas/dht/graduation/dataset/ship_fine/test/029.Towing_vessel/P9889.bmp,23,029.Towing_vessel,23,029.Towing_vessel,0.998915
/mnt/e/aircas/dht/graduation/dataset/ship_fine/test/029.Towing_vessel/P9892.bmp,23,029.Towing_vessel,23,029.Towing_vessel,0.999192
/mnt/e/aircas/dht/graduation/dataset/ship_fine/test/029.Towing_vessel/P9959.bmp,23,029.Towing_vessel,23,029.Towing_vessel,0.999974
/mnt/e/aircas/dht/graduation/dataset/ship_fine/test/030.Civil_yacht/P0073.bmp,24,030.Civil_yacht,24,030.Civil_yacht,0.999976
/mnt/e/aircas/dht/graduation/dataset/ship_fine/test/030.Civil_yacht/P0216.bmp,24,030.Civil_yacht,24,030.Civil_yacht,0.999991
/mnt/e/aircas/dht/graduation/dataset/ship_fine/test/030.Civil_yacht/P0290.bmp,24,030.Civil_yacht,24,030.Civil_yacht,0.999771
/mnt/e/aircas/dht/graduation/dataset/ship_fine/test/030.Civil_yacht/P0421.bmp,24,030.Civil_yacht,24,030.Civil_yacht,0.999979
/mnt/e/aircas/dht/graduation/dataset/ship_fine/test/030.Civil_yacht/P0437.bmp,24,030.Civil_yacht,24,030.Civil_yacht,0.999986
/mnt/e/aircas/dht/graduation/dataset/ship_fine/test/030.Civil_yacht/P0603.bmp,24,030.Civil_yacht,24,030.Civil_yacht,0.999949
/mnt/e/aircas/dht/graduation/dataset/ship_fine/test/030.Civil_yacht/P0741.bmp,24,030.Civil_yacht,24,030.Civil_yacht,0.999970
/mnt/e/aircas/dht/graduation/dataset/ship_fine/test/030.Civil_yacht/P0839.bmp,24,030.Civil_yacht,24,030.Civil_yacht,0.999937
/mnt/e/aircas/dht/graduation/dataset/ship_fine/test/030.Civil_yacht/P0844.bmp,24,030.Civil_yacht,24,030.Civil_yacht,0.999993
/mnt/e/aircas/dht/graduation/dataset/ship_fine/test/030.Civil_yacht/P1172.bmp,24,030.Civil_yacht,24,030.Civil_yacht,0.999885
/mnt/e/aircas/dht/graduation/dataset/ship_fine/test/030.Civil_yacht/P1226.bmp,24,030.Civil_yacht,24,030.Civil_yacht,0.999990
/mnt/e/aircas/dht/graduation/dataset/ship_fine/test/030.Civil_yacht/P1325.bmp,24,030.Civil_yacht,24,030.Civil_yacht,0.999982
/mnt/e/aircas/dht/graduation/dataset/ship_fine/test/030.Civil_yacht/P1416.bmp,24,030.Civil_yacht,24,030.Civil_yacht,0.999988
/mnt/e/aircas/dht/graduation/dataset/ship_fine/test/030.Civil_yacht/P1423.bmp,24,030.Civil_yacht,24,030.Civil_yacht,0.999962
/mnt/e/aircas/dht/graduation/dataset/ship_fine/test/030.Civil_yacht/P1459.bmp,24,030.Civil_yacht,24,030.Civil_yacht,0.999925
/mnt/e/aircas/dht/graduation/dataset/ship_fine/test/030.Civil_yacht/P1512.bmp,24,030.Civil_yacht,24,030.Civil_yacht,0.999946
/mnt/e/aircas/dht/graduation/dataset/ship_fine/test/030.Civil_yacht/P1524.bmp,24,030.Civil_yacht,24,030.Civil_yacht,0.999927
/mnt/e/aircas/dht/graduation/dataset/ship_fine/test/030.Civil_yacht/P1941.bmp,24,030.Civil_yacht,24,030.Civil_yacht,0.997859
/mnt/e/aircas/dht/graduation/dataset/ship_fine/test/030.Civil_yacht/P2043.bmp,24,030.Civil_yacht,24,030.Civil_yacht,0.999921
/mnt/e/aircas/dht/graduation/dataset/ship_fine/test/030.Civil_yacht/P2178.bmp,24,030.Civil_yacht,24,030.Civil_yacht,0.999991
/mnt/e/aircas/dht/graduation/dataset/ship_fine/test/030.Civil_yacht/P2184.bmp,24,030.Civil_yacht,24,030.Civil_yacht,0.999959
/mnt/e/aircas/dht/graduation/dataset/ship_fine/test/030.Civil_yacht/P2385.bmp,24,030.Civil_yacht,24,030.Civil_yacht,0.999958
/mnt/e/aircas/dht/graduation/dataset/ship_fine/test/030.Civil_yacht/P2393.bmp,24,030.Civil_yacht,24,030.Civil_yacht,0.999854
/mnt/e/aircas/dht/graduation/dataset/ship_fine/test/030.Civil_yacht/P2442.bmp,24,030.Civil_yacht,24,030.Civil_yacht,0.999980
/mnt/e/aircas/dht/graduation/dataset/ship_fine/test/030.Civil_yacht/P2595.bmp,24,030.Civil_yacht,24,030.Civil_yacht,0.999982
/mnt/e/aircas/dht/graduation/dataset/ship_fine/test/030.Civil_yacht/P2627.bmp,24,030.Civil_yacht,24,030.Civil_yacht,0.999992
/mnt/e/aircas/dht/graduation/dataset/ship_fine/test/030.Civil_yacht/P2688.bmp,24,030.Civil_yacht,24,030.Civil_yacht,0.999987
/mnt/e/aircas/dht/graduation/dataset/ship_fine/test/030.Civil_yacht/P2925.bmp,24,030.Civil_yacht,24,030.Civil_yacht,0.999991
/mnt/e/aircas/dht/graduation/dataset/ship_fine/test/030.Civil_yacht/P3051.bmp,24,030.Civil_yacht,24,030.Civil_yacht,0.999988
/mnt/e/aircas/dht/graduation/dataset/ship_fine/test/030.Civil_yacht/P3295.bmp,24,030.Civil_yacht,24,030.Civil_yacht,0.999990
/mnt/e/aircas/dht/graduation/dataset/ship_fine/test/030.Civil_yacht/P3399.bmp,24,030.Civil_yacht,24,030.Civil_yacht,0.953619
/mnt/e/aircas/dht/graduation/dataset/ship_fine/test/030.Civil_yacht/P3591.bmp,24,030.Civil_yacht,24,030.Civil_yacht,0.999640
/mnt/e/aircas/dht/graduation/dataset/ship_fine/test/030.Civil_yacht/P3662.bmp,24,030.Civil_yacht,24,030.Civil_yacht,0.999948
/mnt/e/aircas/dht/graduation/dataset/ship_fine/test/030.Civil_yacht/P3745.bmp,24,030.Civil_yacht,24,030.Civil_yacht,0.999778
/mnt/e/aircas/dht/graduation/dataset/ship_fine/test/030.Civil_yacht/P3832.bmp,24,030.Civil_yacht,24,030.Civil_yacht,0.999934
/mnt/e/aircas/dht/graduation/dataset/ship_fine/test/030.Civil_yacht/P4055.bmp,24,030.Civil_yacht,24,030.Civil_yacht,0.999974
/mnt/e/aircas/dht/graduation/dataset/ship_fine/test/030.Civil_yacht/P4221.bmp,24,030.Civil_yacht,24,030.Civil_yacht,0.999635
/mnt/e/aircas/dht/graduation/dataset/ship_fine/test/030.Civil_yacht/P4309.bmp,24,030.Civil_yacht,24,030.Civil_yacht,0.999991
/mnt/e/aircas/dht/graduation/dataset/ship_fine/test/030.Civil_yacht/P4355.bmp,24,030.Civil_yacht,24,030.Civil_yacht,0.999986
/mnt/e/aircas/dht/graduation/dataset/ship_fine/test/030.Civil_yacht/P4387.bmp,24,030.Civil_yacht,24,030.Civil_yacht,0.999992
/mnt/e/aircas/dht/graduation/dataset/ship_fine/test/030.Civil_yacht/P4445.bmp,24,030.Civil_yacht,24,030.Civil_yacht,0.999993
/mnt/e/aircas/dht/graduation/dataset/ship_fine/test/030.Civil_yacht/P4451.bmp,24,030.Civil_yacht,24,030.Civil_yacht,0.999971
/mnt/e/aircas/dht/graduation/dataset/ship_fine/test/030.Civil_yacht/P4566.bmp,24,030.Civil_yacht,24,030.Civil_yacht,0.999990
/mnt/e/aircas/dht/graduation/dataset/ship_fine/test/030.Civil_yacht/P4668.bmp,24,030.Civil_yacht,24,030.Civil_yacht,0.999991
/mnt/e/aircas/dht/graduation/dataset/ship_fine/test/030.Civil_yacht/P4915.bmp,24,030.Civil_yacht,24,030.Civil_yacht,0.999967
/mnt/e/aircas/dht/graduation/dataset/ship_fine/test/030.Civil_yacht/P4933.bmp,24,030.Civil_yacht,24,030.Civil_yacht,0.999978
/mnt/e/aircas/dht/graduation/dataset/ship_fine/test/030.Civil_yacht/P5046.bmp,24,030.Civil_yacht,24,030.Civil_yacht,0.999886
/mnt/e/aircas/dht/graduation/dataset/ship_fine/test/030.Civil_yacht/P5054.bmp,24,030.Civil_yacht,24,030.Civil_yacht,0.999984
/mnt/e/aircas/dht/graduation/dataset/ship_fine/test/030.Civil_yacht/P5079.bmp,24,030.Civil_yacht,24,030.Civil_yacht,0.999989
/mnt/e/aircas/dht/graduation/dataset/ship_fine/test/030.Civil_yacht/P5216.bmp,24,030.Civil_yacht,24,030.Civil_yacht,0.999990
/mnt/e/aircas/dht/graduation/dataset/ship_fine/test/030.Civil_yacht/P5319.bmp,24,030.Civil_yacht,24,030.Civil_yacht,0.999993
/mnt/e/aircas/dht/graduation/dataset/ship_fine/test/030.Civil_yacht/P5532.bmp,24,030.Civil_yacht,24,030.Civil_yacht,0.999961
/mnt/e/aircas/dht/graduation/dataset/ship_fine/test/030.Civil_yacht/P5686.bmp,24,030.Civil_yacht,24,030.Civil_yacht,0.999888
/mnt/e/aircas/dht/graduation/dataset/ship_fine/test/030.Civil_yacht/P5788.bmp,24,030.Civil_yacht,24,030.Civil_yacht,0.999984
/mnt/e/aircas/dht/graduation/dataset/ship_fine/test/030.Civil_yacht/P6065.bmp,24,030.Civil_yacht,24,030.Civil_yacht,0.999990
/mnt/e/aircas/dht/graduation/dataset/ship_fine/test/030.Civil_yacht/P6434.bmp,24,030.Civil_yacht,24,030.Civil_yacht,0.999963
/mnt/e/aircas/dht/graduation/dataset/ship_fine/test/030.Civil_yacht/P6787.bmp,24,030.Civil_yacht,24,030.Civil_yacht,0.999982
/mnt/e/aircas/dht/graduation/dataset/ship_fine/test/030.Civil_yacht/P6946.bmp,24,030.Civil_yacht,24,030.Civil_yacht,0.999903
/mnt/e/aircas/dht/graduation/dataset/ship_fine/test/030.Civil_yacht/P6950.bmp,24,030.Civil_yacht,24,030.Civil_yacht,0.999993
/mnt/e/aircas/dht/graduation/dataset/ship_fine/test/030.Civil_yacht/P6995.bmp,24,030.Civil_yacht,24,030.Civil_yacht,0.998112
/mnt/e/aircas/dht/graduation/dataset/ship_fine/test/030.Civil_yacht/P7153.bmp,24,030.Civil_yacht,22,028.Container_ship,0.822879
/mnt/e/aircas/dht/graduation/dataset/ship_fine/test/030.Civil_yacht/P7160.bmp,24,030.Civil_yacht,24,030.Civil_yacht,0.999990
/mnt/e/aircas/dht/graduation/dataset/ship_fine/test/030.Civil_yacht/P7204.bmp,24,030.Civil_yacht,24,030.Civil_yacht,0.991358
/mnt/e/aircas/dht/graduation/dataset/ship_fine/test/030.Civil_yacht/P7267.bmp,24,030.Civil_yacht,24,030.Civil_yacht,0.999981
/mnt/e/aircas/dht/graduation/dataset/ship_fine/test/030.Civil_yacht/P7525.bmp,24,030.Civil_yacht,24,030.Civil_yacht,0.999982
/mnt/e/aircas/dht/graduation/dataset/ship_fine/test/030.Civil_yacht/P7591.bmp,24,030.Civil_yacht,24,030.Civil_yacht,0.999931
/mnt/e/aircas/dht/graduation/dataset/ship_fine/test/030.Civil_yacht/P7634.bmp,24,030.Civil_yacht,24,030.Civil_yacht,0.999990
/mnt/e/aircas/dht/graduation/dataset/ship_fine/test/030.Civil_yacht/P7690.bmp,24,030.Civil_yacht,24,030.Civil_yacht,0.999990
/mnt/e/aircas/dht/graduation/dataset/ship_fine/test/030.Civil_yacht/P7798.bmp,24,030.Civil_yacht,24,030.Civil_yacht,0.999654
/mnt/e/aircas/dht/graduation/dataset/ship_fine/test/030.Civil_yacht/P7803.bmp,24,030.Civil_yacht,24,030.Civil_yacht,0.999991
/mnt/e/aircas/dht/graduation/dataset/ship_fine/test/030.Civil_yacht/P8498.bmp,24,030.Civil_yacht,24,030.Civil_yacht,0.999981
/mnt/e/aircas/dht/graduation/dataset/ship_fine/test/030.Civil_yacht/P8572.bmp,24,030.Civil_yacht,24,030.Civil_yacht,0.999569
/mnt/e/aircas/dht/graduation/dataset/ship_fine/test/030.Civil_yacht/P9071.bmp,24,030.Civil_yacht,24,030.Civil_yacht,0.999697
/mnt/e/aircas/dht/graduation/dataset/ship_fine/test/030.Civil_yacht/P9178.bmp,24,030.Civil_yacht,24,030.Civil_yacht,0.999993
/mnt/e/aircas/dht/graduation/dataset/ship_fine/test/030.Civil_yacht/P9754.bmp,24,030.Civil_yacht,24,030.Civil_yacht,0.999991
/mnt/e/aircas/dht/graduation/dataset/ship_fine/test/030.Civil_yacht/P9846.bmp,24,030.Civil_yacht,24,030.Civil_yacht,0.996661
/mnt/e/aircas/dht/graduation/dataset/ship_fine/test/030.Civil_yacht/P9944.bmp,24,030.Civil_yacht,24,030.Civil_yacht,0.999993
/mnt/e/aircas/dht/graduation/dataset/ship_fine/test/031.Medical_ship/P1265.bmp,25,031.Medical_ship,25,031.Medical_ship,0.999986
/mnt/e/aircas/dht/graduation/dataset/ship_fine/test/031.Medical_ship/P2290.bmp,25,031.Medical_ship,25,031.Medical_ship,0.998654
/mnt/e/aircas/dht/graduation/dataset/ship_fine/test/031.Medical_ship/P2333.bmp,25,031.Medical_ship,25,031.Medical_ship,0.999754
/mnt/e/aircas/dht/graduation/dataset/ship_fine/test/031.Medical_ship/P2382.bmp,25,031.Medical_ship,25,031.Medical_ship,0.999972
/mnt/e/aircas/dht/graduation/dataset/ship_fine/test/031.Medical_ship/P2535.bmp,25,031.Medical_ship,25,031.Medical_ship,0.998776
/mnt/e/aircas/dht/graduation/dataset/ship_fine/test/031.Medical_ship/P2644.bmp,25,031.Medical_ship,25,031.Medical_ship,0.981008
/mnt/e/aircas/dht/graduation/dataset/ship_fine/test/031.Medical_ship/P3036.bmp,25,031.Medical_ship,25,031.Medical_ship,0.992043
/mnt/e/aircas/dht/graduation/dataset/ship_fine/test/031.Medical_ship/P3375.bmp,25,031.Medical_ship,25,031.Medical_ship,0.999803
/mnt/e/aircas/dht/graduation/dataset/ship_fine/test/031.Medical_ship/P3508.bmp,25,031.Medical_ship,25,031.Medical_ship,0.999954
/mnt/e/aircas/dht/graduation/dataset/ship_fine/test/031.Medical_ship/P5280.bmp,25,031.Medical_ship,25,031.Medical_ship,0.999796
/mnt/e/aircas/dht/graduation/dataset/ship_fine/test/031.Medical_ship/P5436.bmp,25,031.Medical_ship,25,031.Medical_ship,0.999333
/mnt/e/aircas/dht/graduation/dataset/ship_fine/test/031.Medical_ship/P5621.bmp,25,031.Medical_ship,25,031.Medical_ship,0.989199
/mnt/e/aircas/dht/graduation/dataset/ship_fine/test/031.Medical_ship/P5676.bmp,25,031.Medical_ship,25,031.Medical_ship,0.999867
/mnt/e/aircas/dht/graduation/dataset/ship_fine/test/031.Medical_ship/P5914.bmp,25,031.Medical_ship,25,031.Medical_ship,0.999792
/mnt/e/aircas/dht/graduation/dataset/ship_fine/test/031.Medical_ship/P6001.bmp,25,031.Medical_ship,25,031.Medical_ship,0.991244
/mnt/e/aircas/dht/graduation/dataset/ship_fine/test/031.Medical_ship/P6231.bmp,25,031.Medical_ship,25,031.Medical_ship,0.999954
/mnt/e/aircas/dht/graduation/dataset/ship_fine/test/031.Medical_ship/P6648.bmp,25,031.Medical_ship,25,031.Medical_ship,0.999470
/mnt/e/aircas/dht/graduation/dataset/ship_fine/test/031.Medical_ship/P6667.bmp,25,031.Medical_ship,25,031.Medical_ship,0.999801
/mnt/e/aircas/dht/graduation/dataset/ship_fine/test/031.Medical_ship/P7093.bmp,25,031.Medical_ship,25,031.Medical_ship,0.999858
/mnt/e/aircas/dht/graduation/dataset/ship_fine/test/031.Medical_ship/P7098.bmp,25,031.Medical_ship,15,021.Independence-class_combat_ship,0.978975
/mnt/e/aircas/dht/graduation/dataset/ship_fine/test/031.Medical_ship/P7157.bmp,25,031.Medical_ship,25,031.Medical_ship,0.993390
/mnt/e/aircas/dht/graduation/dataset/ship_fine/test/031.Medical_ship/P8039.bmp,25,031.Medical_ship,25,031.Medical_ship,0.999871
/mnt/e/aircas/dht/graduation/dataset/ship_fine/test/031.Medical_ship/P8118.bmp,25,031.Medical_ship,25,031.Medical_ship,0.999907
/mnt/e/aircas/dht/graduation/dataset/ship_fine/test/031.Medical_ship/P8224.bmp,25,031.Medical_ship,25,031.Medical_ship,0.971130
/mnt/e/aircas/dht/graduation/dataset/ship_fine/test/031.Medical_ship/P8285.bmp,25,031.Medical_ship,25,031.Medical_ship,0.993014
/mnt/e/aircas/dht/graduation/dataset/ship_fine/test/031.Medical_ship/P8324.bmp,25,031.Medical_ship,25,031.Medical_ship,0.993525
/mnt/e/aircas/dht/graduation/dataset/ship_fine/test/031.Medical_ship/P8330.bmp,25,031.Medical_ship,25,031.Medical_ship,0.999906
/mnt/e/aircas/dht/graduation/dataset/ship_fine/test/031.Medical_ship/P8373.bmp,25,031.Medical_ship,25,031.Medical_ship,0.999957
/mnt/e/aircas/dht/graduation/dataset/ship_fine/test/031.Medical_ship/P8524.bmp,25,031.Medical_ship,17,023.Crane_ship,0.457069
/mnt/e/aircas/dht/graduation/dataset/ship_fine/test/031.Medical_ship/P8797.bmp,25,031.Medical_ship,25,031.Medical_ship,0.999014
/mnt/e/aircas/dht/graduation/dataset/ship_fine/test/031.Medical_ship/P9470.bmp,25,031.Medical_ship,25,031.Medical_ship,0.999978
/mnt/e/aircas/dht/graduation/dataset/ship_fine/test/031.Medical_ship/P9740.bmp,25,031.Medical_ship,25,031.Medical_ship,0.725878
/mnt/e/aircas/dht/graduation/dataset/ship_fine/test/032.Sand_carrier/P0495.bmp,26,032.Sand_carrier,26,032.Sand_carrier,0.999129
/mnt/e/aircas/dht/graduation/dataset/ship_fine/test/032.Sand_carrier/P0939.bmp,26,032.Sand_carrier,26,032.Sand_carrier,0.999968
/mnt/e/aircas/dht/graduation/dataset/ship_fine/test/032.Sand_carrier/P2070.bmp,26,032.Sand_carrier,26,032.Sand_carrier,0.999690
/mnt/e/aircas/dht/graduation/dataset/ship_fine/test/032.Sand_carrier/P2096.bmp,26,032.Sand_carrier,26,032.Sand_carrier,0.998687
/mnt/e/aircas/dht/graduation/dataset/ship_fine/test/032.Sand_carrier/P2432.bmp,26,032.Sand_carrier,26,032.Sand_carrier,0.999873
/mnt/e/aircas/dht/graduation/dataset/ship_fine/test/032.Sand_carrier/P2493.bmp,26,032.Sand_carrier,26,032.Sand_carrier,0.999875
/mnt/e/aircas/dht/graduation/dataset/ship_fine/test/032.Sand_carrier/P2663.bmp,26,032.Sand_carrier,26,032.Sand_carrier,0.932538
/mnt/e/aircas/dht/graduation/dataset/ship_fine/test/032.Sand_carrier/P2701.bmp,26,032.Sand_carrier,26,032.Sand_carrier,0.999884
/mnt/e/aircas/dht/graduation/dataset/ship_fine/test/032.Sand_carrier/P3001.bmp,26,032.Sand_carrier,26,032.Sand_carrier,0.999593
/mnt/e/aircas/dht/graduation/dataset/ship_fine/test/032.Sand_carrier/P3413.bmp,26,032.Sand_carrier,26,032.Sand_carrier,0.999659
/mnt/e/aircas/dht/graduation/dataset/ship_fine/test/032.Sand_carrier/P4333.bmp,26,032.Sand_carrier,26,032.Sand_carrier,0.999576
/mnt/e/aircas/dht/graduation/dataset/ship_fine/test/032.Sand_carrier/P5642.bmp,26,032.Sand_carrier,26,032.Sand_carrier,0.999954
/mnt/e/aircas/dht/graduation/dataset/ship_fine/test/032.Sand_carrier/P6072.bmp,26,032.Sand_carrier,26,032.Sand_carrier,0.999972
/mnt/e/aircas/dht/graduation/dataset/ship_fine/test/032.Sand_carrier/P7152.bmp,26,032.Sand_carrier,26,032.Sand_carrier,0.999969
/mnt/e/aircas/dht/graduation/dataset/ship_fine/test/032.Sand_carrier/P7383.bmp,26,032.Sand_carrier,26,032.Sand_carrier,0.999969
/mnt/e/aircas/dht/graduation/dataset/ship_fine/test/032.Sand_carrier/P7950.bmp,26,032.Sand_carrier,26,032.Sand_carrier,0.999660
/mnt/e/aircas/dht/graduation/dataset/ship_fine/test/032.Sand_carrier/P8071.bmp,26,032.Sand_carrier,26,032.Sand_carrier,0.992535
/mnt/e/aircas/dht/graduation/dataset/ship_fine/test/032.Sand_carrier/P8225.bmp,26,032.Sand_carrier,26,032.Sand_carrier,0.999052
/mnt/e/aircas/dht/graduation/dataset/ship_fine/test/032.Sand_carrier/P8270.bmp,26,032.Sand_carrier,26,032.Sand_carrier,0.999922
/mnt/e/aircas/dht/graduation/dataset/ship_fine/test/032.Sand_carrier/P8382.bmp,26,032.Sand_carrier,26,032.Sand_carrier,0.999968
/mnt/e/aircas/dht/graduation/dataset/ship_fine/test/032.Sand_carrier/P9276.bmp,26,032.Sand_carrier,26,032.Sand_carrier,0.998849
/mnt/e/aircas/dht/graduation/dataset/ship_fine/test/032.Sand_carrier/P9523.bmp,26,032.Sand_carrier,26,032.Sand_carrier,0.999968
/mnt/e/aircas/dht/graduation/dataset/ship_fine/test/033.Tank_ship/P0508.bmp,27,033.Tank_ship,27,033.Tank_ship,0.999958
/mnt/e/aircas/dht/graduation/dataset/ship_fine/test/033.Tank_ship/P0783.bmp,27,033.Tank_ship,27,033.Tank_ship,0.997164
/mnt/e/aircas/dht/graduation/dataset/ship_fine/test/033.Tank_ship/P1228.bmp,27,033.Tank_ship,27,033.Tank_ship,0.998057
/mnt/e/aircas/dht/graduation/dataset/ship_fine/test/033.Tank_ship/P1548.bmp,27,033.Tank_ship,27,033.Tank_ship,0.998838
/mnt/e/aircas/dht/graduation/dataset/ship_fine/test/033.Tank_ship/P2397.bmp,27,033.Tank_ship,27,033.Tank_ship,0.998430
/mnt/e/aircas/dht/graduation/dataset/ship_fine/test/033.Tank_ship/P2649.bmp,27,033.Tank_ship,27,033.Tank_ship,0.999827
/mnt/e/aircas/dht/graduation/dataset/ship_fine/test/033.Tank_ship/P2881.bmp,27,033.Tank_ship,27,033.Tank_ship,0.990397
/mnt/e/aircas/dht/graduation/dataset/ship_fine/test/033.Tank_ship/P3056.bmp,27,033.Tank_ship,27,033.Tank_ship,0.999552
/mnt/e/aircas/dht/graduation/dataset/ship_fine/test/033.Tank_ship/P3627.bmp,27,033.Tank_ship,27,033.Tank_ship,0.983634
/mnt/e/aircas/dht/graduation/dataset/ship_fine/test/033.Tank_ship/P4009.bmp,27,033.Tank_ship,27,033.Tank_ship,0.994425
/mnt/e/aircas/dht/graduation/dataset/ship_fine/test/033.Tank_ship/P4464.bmp,27,033.Tank_ship,27,033.Tank_ship,0.999898
/mnt/e/aircas/dht/graduation/dataset/ship_fine/test/033.Tank_ship/P5803.bmp,27,033.Tank_ship,27,033.Tank_ship,0.996262
/mnt/e/aircas/dht/graduation/dataset/ship_fine/test/033.Tank_ship/P6016.bmp,27,033.Tank_ship,27,033.Tank_ship,0.994951
/mnt/e/aircas/dht/graduation/dataset/ship_fine/test/033.Tank_ship/P6358.bmp,27,033.Tank_ship,27,033.Tank_ship,0.999201
/mnt/e/aircas/dht/graduation/dataset/ship_fine/test/033.Tank_ship/P9073.bmp,27,033.Tank_ship,27,033.Tank_ship,0.999043
/mnt/e/aircas/dht/graduation/dataset/ship_fine/test/033.Tank_ship/P9750.bmp,27,033.Tank_ship,27,033.Tank_ship,0.993715
