filepath,true_idx,true_name,pred_idx,pred_name,prob
/mnt/e/aircas/dht/graduation/dataset/ship_fine/test/001.Nimitz-class_aircraft_carrier/P0031.bmp,0,001.Nimitz-class_aircraft_carrier,5,009.Arleigh_Burke-class_destroyer,0.861117
/mnt/e/aircas/dht/graduation/dataset/ship_fine/test/001.Nimitz-class_aircraft_carrier/P0145.bmp,0,001.Nimitz-class_aircraft_carrier,21,027.Murasame-class_destroyer,0.813162
/mnt/e/aircas/dht/graduation/dataset/ship_fine/test/001.Nimitz-class_aircraft_carrier/P0212.bmp,0,001.Nimitz-class_aircraft_carrier,9,014.Wasp-class_assault_ship,0.998836
/mnt/e/aircas/dht/graduation/dataset/ship_fine/test/001.Nimitz-class_aircraft_carrier/P0267.bmp,0,001.Nimitz-class_aircraft_carrier,9,014.Wasp-class_assault_ship,0.544084
/mnt/e/aircas/dht/graduation/dataset/ship_fine/test/001.Nimitz-class_aircraft_carrier/P0418.bmp,0,001.Nimitz-class_aircraft_carrier,0,001.Nimitz-class_aircraft_carrier,0.995901
/mnt/e/aircas/dht/graduation/dataset/ship_fine/test/001.Nimitz-class_aircraft_carrier/P0696.bmp,0,001.Nimitz-class_aircraft_carrier,0,001.Nimitz-class_aircraft_carrier,0.553616
/mnt/e/aircas/dht/graduation/dataset/ship_fine/test/001.Nimitz-class_aircraft_carrier/P0835.bmp,0,001.Nimitz-class_aircraft_carrier,0,001.Nimitz-class_aircraft_carrier,0.998516
/mnt/e/aircas/dht/graduation/dataset/ship_fine/test/001.Nimitz-class_aircraft_carrier/P1140.bmp,0,001.Nimitz-class_aircraft_carrier,0,001.Nimitz-class_aircraft_carrier,0.999288
/mnt/e/aircas/dht/graduation/dataset/ship_fine/test/001.Nimitz-class_aircraft_carrier/P1223.bmp,0,001.Nimitz-class_aircraft_carrier,9,014.Wasp-class_assault_ship,0.948457
/mnt/e/aircas/dht/graduation/dataset/ship_fine/test/001.Nimitz-class_aircraft_carrier/P1252.bmp,0,001.Nimitz-class_aircraft_carrier,0,001.Nimitz-class_aircraft_carrier,0.638813
/mnt/e/aircas/dht/graduation/dataset/ship_fine/test/001.Nimitz-class_aircraft_carrier/P1435.bmp,0,001.Nimitz-class_aircraft_carrier,4,008.Ticonderoga-class_cruiser,0.436345
/mnt/e/aircas/dht/graduation/dataset/ship_fine/test/001.Nimitz-class_aircraft_carrier/P1596.bmp,0,001.Nimitz-class_aircraft_carrier,0,001.Nimitz-class_aircraft_carrier,0.999936
/mnt/e/aircas/dht/graduation/dataset/ship_fine/test/001.Nimitz-class_aircraft_carrier/P1651.bmp,0,001.Nimitz-class_aircraft_carrier,0,001.Nimitz-class_aircraft_carrier,0.976670
/mnt/e/aircas/dht/graduation/dataset/ship_fine/test/001.Nimitz-class_aircraft_carrier/P1787.bmp,0,001.Nimitz-class_aircraft_carrier,5,009.Arleigh_Burke-class_destroyer,0.938612
/mnt/e/aircas/dht/graduation/dataset/ship_fine/test/001.Nimitz-class_aircraft_carrier/P2176.bmp,0,001.Nimitz-class_aircraft_carrier,0,001.Nimitz-class_aircraft_carrier,0.993310
/mnt/e/aircas/dht/graduation/dataset/ship_fine/test/001.Nimitz-class_aircraft_carrier/P2190.bmp,0,001.Nimitz-class_aircraft_carrier,0,001.Nimitz-class_aircraft_carrier,0.987535
/mnt/e/aircas/dht/graduation/dataset/ship_fine/test/001.Nimitz-class_aircraft_carrier/P2198.bmp,0,001.Nimitz-class_aircraft_carrier,0,001.Nimitz-class_aircraft_carrier,0.996143
/mnt/e/aircas/dht/graduation/dataset/ship_fine/test/001.Nimitz-class_aircraft_carrier/P2379.bmp,0,001.Nimitz-class_aircraft_carrier,0,001.Nimitz-class_aircraft_carrier,0.997665
/mnt/e/aircas/dht/graduation/dataset/ship_fine/test/001.Nimitz-class_aircraft_carrier/P2429.bmp,0,001.Nimitz-class_aircraft_carrier,0,001.Nimitz-class_aircraft_carrier,0.999400
/mnt/e/aircas/dht/graduation/dataset/ship_fine/test/001.Nimitz-class_aircraft_carrier/P2674.bmp,0,001.Nimitz-class_aircraft_carrier,9,014.Wasp-class_assault_ship,0.999709
/mnt/e/aircas/dht/graduation/dataset/ship_fine/test/001.Nimitz-class_aircraft_carrier/P2845.bmp,0,001.Nimitz-class_aircraft_carrier,0,001.Nimitz-class_aircraft_carrier,0.773244
/mnt/e/aircas/dht/graduation/dataset/ship_fine/test/001.Nimitz-class_aircraft_carrier/P2938.bmp,0,001.Nimitz-class_aircraft_carrier,0,001.Nimitz-class_aircraft_carrier,0.992973
/mnt/e/aircas/dht/graduation/dataset/ship_fine/test/001.Nimitz-class_aircraft_carrier/P3016.bmp,0,001.Nimitz-class_aircraft_carrier,0,001.Nimitz-class_aircraft_carrier,0.956875
/mnt/e/aircas/dht/graduation/dataset/ship_fine/test/001.Nimitz-class_aircraft_carrier/P3632.bmp,0,001.Nimitz-class_aircraft_carrier,0,001.Nimitz-class_aircraft_carrier,0.515617
/mnt/e/aircas/dht/graduation/dataset/ship_fine/test/001.Nimitz-class_aircraft_carrier/P3727.bmp,0,001.Nimitz-class_aircraft_carrier,0,001.Nimitz-class_aircraft_carrier,0.920460
/mnt/e/aircas/dht/graduation/dataset/ship_fine/test/001.Nimitz-class_aircraft_carrier/P3976.bmp,0,001.Nimitz-class_aircraft_carrier,0,001.Nimitz-class_aircraft_carrier,0.721444
/mnt/e/aircas/dht/graduation/dataset/ship_fine/test/001.Nimitz-class_aircraft_carrier/P4377.bmp,0,001.Nimitz-class_aircraft_carrier,9,014.Wasp-class_assault_ship,0.839626
/mnt/e/aircas/dht/graduation/dataset/ship_fine/test/001.Nimitz-class_aircraft_carrier/P4895.bmp,0,001.Nimitz-class_aircraft_carrier,0,001.Nimitz-class_aircraft_carrier,0.985630
/mnt/e/aircas/dht/graduation/dataset/ship_fine/test/001.Nimitz-class_aircraft_carrier/P4958.bmp,0,001.Nimitz-class_aircraft_carrier,0,001.Nimitz-class_aircraft_carrier,0.983825
/mnt/e/aircas/dht/graduation/dataset/ship_fine/test/001.Nimitz-class_aircraft_carrier/P5151.bmp,0,001.Nimitz-class_aircraft_carrier,27,033.Tank_ship,0.539080
/mnt/e/aircas/dht/graduation/dataset/ship_fine/test/001.Nimitz-class_aircraft_carrier/P5298.bmp,0,001.Nimitz-class_aircraft_carrier,0,001.Nimitz-class_aircraft_carrier,0.827828
/mnt/e/aircas/dht/graduation/dataset/ship_fine/test/001.Nimitz-class_aircraft_carrier/P5299.bmp,0,001.Nimitz-class_aircraft_carrier,9,014.Wasp-class_assault_ship,0.993661
/mnt/e/aircas/dht/graduation/dataset/ship_fine/test/001.Nimitz-class_aircraft_carrier/P5474.bmp,0,001.Nimitz-class_aircraft_carrier,5,009.Arleigh_Burke-class_destroyer,0.713008
/mnt/e/aircas/dht/graduation/dataset/ship_fine/test/001.Nimitz-class_aircraft_carrier/P5584.bmp,0,001.Nimitz-class_aircraft_carrier,0,001.Nimitz-class_aircraft_carrier,0.570715
/mnt/e/aircas/dht/graduation/dataset/ship_fine/test/001.Nimitz-class_aircraft_carrier/P5641.bmp,0,001.Nimitz-class_aircraft_carrier,0,001.Nimitz-class_aircraft_carrier,0.963728
/mnt/e/aircas/dht/graduation/dataset/ship_fine/test/001.Nimitz-class_aircraft_carrier/P5970.bmp,0,001.Nimitz-class_aircraft_carrier,5,009.Arleigh_Burke-class_destroyer,0.462519
/mnt/e/aircas/dht/graduation/dataset/ship_fine/test/001.Nimitz-class_aircraft_carrier/P6006.bmp,0,001.Nimitz-class_aircraft_carrier,0,001.Nimitz-class_aircraft_carrier,0.998646
/mnt/e/aircas/dht/graduation/dataset/ship_fine/test/001.Nimitz-class_aircraft_carrier/P6041.bmp,0,001.Nimitz-class_aircraft_carrier,0,001.Nimitz-class_aircraft_carrier,0.996659
/mnt/e/aircas/dht/graduation/dataset/ship_fine/test/001.Nimitz-class_aircraft_carrier/P6090.bmp,0,001.Nimitz-class_aircraft_carrier,0,001.Nimitz-class_aircraft_carrier,0.964205
/mnt/e/aircas/dht/graduation/dataset/ship_fine/test/001.Nimitz-class_aircraft_carrier/P6340.bmp,0,001.Nimitz-class_aircraft_carrier,0,001.Nimitz-class_aircraft_carrier,0.952601
/mnt/e/aircas/dht/graduation/dataset/ship_fine/test/001.Nimitz-class_aircraft_carrier/P6546.bmp,0,001.Nimitz-class_aircraft_carrier,5,009.Arleigh_Burke-class_destroyer,0.626922
/mnt/e/aircas/dht/graduation/dataset/ship_fine/test/001.Nimitz-class_aircraft_carrier/P6639.bmp,0,001.Nimitz-class_aircraft_carrier,9,014.Wasp-class_assault_ship,0.899153
/mnt/e/aircas/dht/graduation/dataset/ship_fine/test/001.Nimitz-class_aircraft_carrier/P6652.bmp,0,001.Nimitz-class_aircraft_carrier,0,001.Nimitz-class_aircraft_carrier,0.952199
/mnt/e/aircas/dht/graduation/dataset/ship_fine/test/001.Nimitz-class_aircraft_carrier/P7110.bmp,0,001.Nimitz-class_aircraft_carrier,0,001.Nimitz-class_aircraft_carrier,0.979052
/mnt/e/aircas/dht/graduation/dataset/ship_fine/test/001.Nimitz-class_aircraft_carrier/P7151.bmp,0,001.Nimitz-class_aircraft_carrier,0,001.Nimitz-class_aircraft_carrier,0.908932
/mnt/e/aircas/dht/graduation/dataset/ship_fine/test/001.Nimitz-class_aircraft_carrier/P7158.bmp,0,001.Nimitz-class_aircraft_carrier,2,003.Midway-class_aircraft_carrier,0.564318
/mnt/e/aircas/dht/graduation/dataset/ship_fine/test/001.Nimitz-class_aircraft_carrier/P7675.bmp,0,001.Nimitz-class_aircraft_carrier,9,014.Wasp-class_assault_ship,0.965535
/mnt/e/aircas/dht/graduation/dataset/ship_fine/test/001.Nimitz-class_aircraft_carrier/P7748.bmp,0,001.Nimitz-class_aircraft_carrier,0,001.Nimitz-class_aircraft_carrier,0.645276
/mnt/e/aircas/dht/graduation/dataset/ship_fine/test/001.Nimitz-class_aircraft_carrier/P7798.bmp,0,001.Nimitz-class_aircraft_carrier,0,001.Nimitz-class_aircraft_carrier,0.994094
/mnt/e/aircas/dht/graduation/dataset/ship_fine/test/001.Nimitz-class_aircraft_carrier/P7846.bmp,0,001.Nimitz-class_aircraft_carrier,9,014.Wasp-class_assault_ship,0.995202
/mnt/e/aircas/dht/graduation/dataset/ship_fine/test/001.Nimitz-class_aircraft_carrier/P7935.bmp,0,001.Nimitz-class_aircraft_carrier,9,014.Wasp-class_assault_ship,0.964927
/mnt/e/aircas/dht/graduation/dataset/ship_fine/test/001.Nimitz-class_aircraft_carrier/P8158.bmp,0,001.Nimitz-class_aircraft_carrier,0,001.Nimitz-class_aircraft_carrier,0.999754
/mnt/e/aircas/dht/graduation/dataset/ship_fine/test/001.Nimitz-class_aircraft_carrier/P8200.bmp,0,001.Nimitz-class_aircraft_carrier,0,001.Nimitz-class_aircraft_carrier,0.997488
/mnt/e/aircas/dht/graduation/dataset/ship_fine/test/001.Nimitz-class_aircraft_carrier/P9548.bmp,0,001.Nimitz-class_aircraft_carrier,0,001.Nimitz-class_aircraft_carrier,0.999854
/mnt/e/aircas/dht/graduation/dataset/ship_fine/test/001.Nimitz-class_aircraft_carrier/P9623.bmp,0,001.Nimitz-class_aircraft_carrier,0,001.Nimitz-class_aircraft_carrier,0.985128
/mnt/e/aircas/dht/graduation/dataset/ship_fine/test/002.KittyHawk-class_aircraft_carrier/P3209.bmp,1,002.KittyHawk-class_aircraft_carrier,9,014.Wasp-class_assault_ship,0.892499
/mnt/e/aircas/dht/graduation/dataset/ship_fine/test/002.KittyHawk-class_aircraft_carrier/P5939.bmp,1,002.KittyHawk-class_aircraft_carrier,1,002.KittyHawk-class_aircraft_carrier,0.870087
/mnt/e/aircas/dht/graduation/dataset/ship_fine/test/002.KittyHawk-class_aircraft_carrier/P6447.bmp,1,002.KittyHawk-class_aircraft_carrier,1,002.KittyHawk-class_aircraft_carrier,0.999990
/mnt/e/aircas/dht/graduation/dataset/ship_fine/test/002.KittyHawk-class_aircraft_carrier/P7298.bmp,1,002.KittyHawk-class_aircraft_carrier,24,030.Civil_yacht,0.532205
/mnt/e/aircas/dht/graduation/dataset/ship_fine/test/002.KittyHawk-class_aircraft_carrier/P7353.bmp,1,002.KittyHawk-class_aircraft_carrier,1,002.KittyHawk-class_aircraft_carrier,0.450512
/mnt/e/aircas/dht/graduation/dataset/ship_fine/test/002.KittyHawk-class_aircraft_carrier/P8918.bmp,1,002.KittyHawk-class_aircraft_carrier,1,002.KittyHawk-class_aircraft_carrier,0.415163
/mnt/e/aircas/dht/graduation/dataset/ship_fine/test/003.Midway-class_aircraft_carrier/P0024.bmp,2,003.Midway-class_aircraft_carrier,2,003.Midway-class_aircraft_carrier,0.974936
/mnt/e/aircas/dht/graduation/dataset/ship_fine/test/003.Midway-class_aircraft_carrier/P0116.bmp,2,003.Midway-class_aircraft_carrier,2,003.Midway-class_aircraft_carrier,0.990703
/mnt/e/aircas/dht/graduation/dataset/ship_fine/test/003.Midway-class_aircraft_carrier/P0690.bmp,2,003.Midway-class_aircraft_carrier,2,003.Midway-class_aircraft_carrier,0.999976
/mnt/e/aircas/dht/graduation/dataset/ship_fine/test/003.Midway-class_aircraft_carrier/P1267.bmp,2,003.Midway-class_aircraft_carrier,2,003.Midway-class_aircraft_carrier,0.708593
/mnt/e/aircas/dht/graduation/dataset/ship_fine/test/003.Midway-class_aircraft_carrier/P1450.bmp,2,003.Midway-class_aircraft_carrier,5,009.Arleigh_Burke-class_destroyer,0.627915
/mnt/e/aircas/dht/graduation/dataset/ship_fine/test/003.Midway-class_aircraft_carrier/P1538.bmp,2,003.Midway-class_aircraft_carrier,2,003.Midway-class_aircraft_carrier,0.996286
/mnt/e/aircas/dht/graduation/dataset/ship_fine/test/003.Midway-class_aircraft_carrier/P1812.bmp,2,003.Midway-class_aircraft_carrier,2,003.Midway-class_aircraft_carrier,0.995936
/mnt/e/aircas/dht/graduation/dataset/ship_fine/test/003.Midway-class_aircraft_carrier/P2395.bmp,2,003.Midway-class_aircraft_carrier,9,014.Wasp-class_assault_ship,0.643575
/mnt/e/aircas/dht/graduation/dataset/ship_fine/test/003.Midway-class_aircraft_carrier/P2536.bmp,2,003.Midway-class_aircraft_carrier,2,003.Midway-class_aircraft_carrier,0.950490
/mnt/e/aircas/dht/graduation/dataset/ship_fine/test/003.Midway-class_aircraft_carrier/P3257.bmp,2,003.Midway-class_aircraft_carrier,2,003.Midway-class_aircraft_carrier,0.999724
/mnt/e/aircas/dht/graduation/dataset/ship_fine/test/003.Midway-class_aircraft_carrier/P5317.bmp,2,003.Midway-class_aircraft_carrier,2,003.Midway-class_aircraft_carrier,0.993922
/mnt/e/aircas/dht/graduation/dataset/ship_fine/test/003.Midway-class_aircraft_carrier/P5482.bmp,2,003.Midway-class_aircraft_carrier,2,003.Midway-class_aircraft_carrier,0.999278
/mnt/e/aircas/dht/graduation/dataset/ship_fine/test/003.Midway-class_aircraft_carrier/P6646.bmp,2,003.Midway-class_aircraft_carrier,2,003.Midway-class_aircraft_carrier,0.948752
/mnt/e/aircas/dht/graduation/dataset/ship_fine/test/003.Midway-class_aircraft_carrier/P7096.bmp,2,003.Midway-class_aircraft_carrier,2,003.Midway-class_aircraft_carrier,0.875662
/mnt/e/aircas/dht/graduation/dataset/ship_fine/test/003.Midway-class_aircraft_carrier/P7218.bmp,2,003.Midway-class_aircraft_carrier,2,003.Midway-class_aircraft_carrier,0.999471
/mnt/e/aircas/dht/graduation/dataset/ship_fine/test/003.Midway-class_aircraft_carrier/P7782.bmp,2,003.Midway-class_aircraft_carrier,2,003.Midway-class_aircraft_carrier,0.880339
/mnt/e/aircas/dht/graduation/dataset/ship_fine/test/003.Midway-class_aircraft_carrier/P7951.bmp,2,003.Midway-class_aircraft_carrier,2,003.Midway-class_aircraft_carrier,0.994504
/mnt/e/aircas/dht/graduation/dataset/ship_fine/test/003.Midway-class_aircraft_carrier/P8293.bmp,2,003.Midway-class_aircraft_carrier,2,003.Midway-class_aircraft_carrier,0.999968
/mnt/e/aircas/dht/graduation/dataset/ship_fine/test/003.Midway-class_aircraft_carrier/P9375.bmp,2,003.Midway-class_aircraft_carrier,2,003.Midway-class_aircraft_carrier,0.975042
/mnt/e/aircas/dht/graduation/dataset/ship_fine/test/003.Midway-class_aircraft_carrier/P9766.bmp,2,003.Midway-class_aircraft_carrier,2,003.Midway-class_aircraft_carrier,0.999427
/mnt/e/aircas/dht/graduation/dataset/ship_fine/test/004.Kuznetsov-class_aircraft_carrier/P0190.bmp,3,004.Kuznetsov-class_aircraft_carrier,3,004.Kuznetsov-class_aircraft_carrier,0.999562
/mnt/e/aircas/dht/graduation/dataset/ship_fine/test/004.Kuznetsov-class_aircraft_carrier/P4976.bmp,3,004.Kuznetsov-class_aircraft_carrier,3,004.Kuznetsov-class_aircraft_carrier,0.999952
/mnt/e/aircas/dht/graduation/dataset/ship_fine/test/004.Kuznetsov-class_aircraft_carrier/P6432.bmp,3,004.Kuznetsov-class_aircraft_carrier,3,004.Kuznetsov-class_aircraft_carrier,0.999801
/mnt/e/aircas/dht/graduation/dataset/ship_fine/test/004.Kuznetsov-class_aircraft_carrier/P6613.bmp,3,004.Kuznetsov-class_aircraft_carrier,3,004.Kuznetsov-class_aircraft_carrier,0.999933
/mnt/e/aircas/dht/graduation/dataset/ship_fine/test/004.Kuznetsov-class_aircraft_carrier/P6781.bmp,3,004.Kuznetsov-class_aircraft_carrier,3,004.Kuznetsov-class_aircraft_carrier,0.986046
/mnt/e/aircas/dht/graduation/dataset/ship_fine/test/004.Kuznetsov-class_aircraft_carrier/P9448.bmp,3,004.Kuznetsov-class_aircraft_carrier,3,004.Kuznetsov-class_aircraft_carrier,0.999639
/mnt/e/aircas/dht/graduation/dataset/ship_fine/test/008.Ticonderoga-class_cruiser/P0074.bmp,4,008.Ticonderoga-class_cruiser,4,008.Ticonderoga-class_cruiser,0.991309
/mnt/e/aircas/dht/graduation/dataset/ship_fine/test/008.Ticonderoga-class_cruiser/P0111.bmp,4,008.Ticonderoga-class_cruiser,4,008.Ticonderoga-class_cruiser,0.839252
/mnt/e/aircas/dht/graduation/dataset/ship_fine/test/008.Ticonderoga-class_cruiser/P0181.bmp,4,008.Ticonderoga-class_cruiser,4,008.Ticonderoga-class_cruiser,0.977442
/mnt/e/aircas/dht/graduation/dataset/ship_fine/test/008.Ticonderoga-class_cruiser/P0192.bmp,4,008.Ticonderoga-class_cruiser,9,014.Wasp-class_assault_ship,0.976658
/mnt/e/aircas/dht/graduation/dataset/ship_fine/test/008.Ticonderoga-class_cruiser/P0197.bmp,4,008.Ticonderoga-class_cruiser,4,008.Ticonderoga-class_cruiser,0.968882
/mnt/e/aircas/dht/graduation/dataset/ship_fine/test/008.Ticonderoga-class_cruiser/P0263.bmp,4,008.Ticonderoga-class_cruiser,4,008.Ticonderoga-class_cruiser,0.865094
/mnt/e/aircas/dht/graduation/dataset/ship_fine/test/008.Ticonderoga-class_cruiser/P0363.bmp,4,008.Ticonderoga-class_cruiser,4,008.Ticonderoga-class_cruiser,0.990417
/mnt/e/aircas/dht/graduation/dataset/ship_fine/test/008.Ticonderoga-class_cruiser/P0367.bmp,4,008.Ticonderoga-class_cruiser,4,008.Ticonderoga-class_cruiser,0.673026
/mnt/e/aircas/dht/graduation/dataset/ship_fine/test/008.Ticonderoga-class_cruiser/P0404.bmp,4,008.Ticonderoga-class_cruiser,5,009.Arleigh_Burke-class_destroyer,0.773220
/mnt/e/aircas/dht/graduation/dataset/ship_fine/test/008.Ticonderoga-class_cruiser/P0463.bmp,4,008.Ticonderoga-class_cruiser,4,008.Ticonderoga-class_cruiser,0.995404
/mnt/e/aircas/dht/graduation/dataset/ship_fine/test/008.Ticonderoga-class_cruiser/P0516.bmp,4,008.Ticonderoga-class_cruiser,5,009.Arleigh_Burke-class_destroyer,0.943740
/mnt/e/aircas/dht/graduation/dataset/ship_fine/test/008.Ticonderoga-class_cruiser/P0619.bmp,4,008.Ticonderoga-class_cruiser,5,009.Arleigh_Burke-class_destroyer,0.786625
/mnt/e/aircas/dht/graduation/dataset/ship_fine/test/008.Ticonderoga-class_cruiser/P0853.bmp,4,008.Ticonderoga-class_cruiser,4,008.Ticonderoga-class_cruiser,0.901648
/mnt/e/aircas/dht/graduation/dataset/ship_fine/test/008.Ticonderoga-class_cruiser/P0915.bmp,4,008.Ticonderoga-class_cruiser,4,008.Ticonderoga-class_cruiser,0.822557
/mnt/e/aircas/dht/graduation/dataset/ship_fine/test/008.Ticonderoga-class_cruiser/P0926.bmp,4,008.Ticonderoga-class_cruiser,4,008.Ticonderoga-class_cruiser,0.859041
/mnt/e/aircas/dht/graduation/dataset/ship_fine/test/008.Ticonderoga-class_cruiser/P0997.bmp,4,008.Ticonderoga-class_cruiser,4,008.Ticonderoga-class_cruiser,0.935094
/mnt/e/aircas/dht/graduation/dataset/ship_fine/test/008.Ticonderoga-class_cruiser/P1050.bmp,4,008.Ticonderoga-class_cruiser,9,014.Wasp-class_assault_ship,0.735379
/mnt/e/aircas/dht/graduation/dataset/ship_fine/test/008.Ticonderoga-class_cruiser/P1143.bmp,4,008.Ticonderoga-class_cruiser,5,009.Arleigh_Burke-class_destroyer,0.877474
/mnt/e/aircas/dht/graduation/dataset/ship_fine/test/008.Ticonderoga-class_cruiser/P1456.bmp,4,008.Ticonderoga-class_cruiser,4,008.Ticonderoga-class_cruiser,0.992698
/mnt/e/aircas/dht/graduation/dataset/ship_fine/test/008.Ticonderoga-class_cruiser/P1881.bmp,4,008.Ticonderoga-class_cruiser,4,008.Ticonderoga-class_cruiser,0.965641
/mnt/e/aircas/dht/graduation/dataset/ship_fine/test/008.Ticonderoga-class_cruiser/P1889.bmp,4,008.Ticonderoga-class_cruiser,22,028.Container_ship,0.908861
/mnt/e/aircas/dht/graduation/dataset/ship_fine/test/008.Ticonderoga-class_cruiser/P1936.bmp,4,008.Ticonderoga-class_cruiser,5,009.Arleigh_Burke-class_destroyer,0.758696
/mnt/e/aircas/dht/graduation/dataset/ship_fine/test/008.Ticonderoga-class_cruiser/P1991.bmp,4,008.Ticonderoga-class_cruiser,4,008.Ticonderoga-class_cruiser,0.839671
/mnt/e/aircas/dht/graduation/dataset/ship_fine/test/008.Ticonderoga-class_cruiser/P2341.bmp,4,008.Ticonderoga-class_cruiser,4,008.Ticonderoga-class_cruiser,0.368506
/mnt/e/aircas/dht/graduation/dataset/ship_fine/test/008.Ticonderoga-class_cruiser/P2399.bmp,4,008.Ticonderoga-class_cruiser,4,008.Ticonderoga-class_cruiser,0.950769
/mnt/e/aircas/dht/graduation/dataset/ship_fine/test/008.Ticonderoga-class_cruiser/P2473.bmp,4,008.Ticonderoga-class_cruiser,9,014.Wasp-class_assault_ship,0.765181
/mnt/e/aircas/dht/graduation/dataset/ship_fine/test/008.Ticonderoga-class_cruiser/P2577.bmp,4,008.Ticonderoga-class_cruiser,24,030.Civil_yacht,0.998275
/mnt/e/aircas/dht/graduation/dataset/ship_fine/test/008.Ticonderoga-class_cruiser/P2611.bmp,4,008.Ticonderoga-class_cruiser,24,030.Civil_yacht,0.799892
/mnt/e/aircas/dht/graduation/dataset/ship_fine/test/008.Ticonderoga-class_cruiser/P2653.bmp,4,008.Ticonderoga-class_cruiser,17,023.Crane_ship,0.571430
/mnt/e/aircas/dht/graduation/dataset/ship_fine/test/008.Ticonderoga-class_cruiser/P2656.bmp,4,008.Ticonderoga-class_cruiser,9,014.Wasp-class_assault_ship,0.654402
/mnt/e/aircas/dht/graduation/dataset/ship_fine/test/008.Ticonderoga-class_cruiser/P2679.bmp,4,008.Ticonderoga-class_cruiser,9,014.Wasp-class_assault_ship,0.760178
/mnt/e/aircas/dht/graduation/dataset/ship_fine/test/008.Ticonderoga-class_cruiser/P2687.bmp,4,008.Ticonderoga-class_cruiser,4,008.Ticonderoga-class_cruiser,0.989962
/mnt/e/aircas/dht/graduation/dataset/ship_fine/test/008.Ticonderoga-class_cruiser/P2738.bmp,4,008.Ticonderoga-class_cruiser,5,009.Arleigh_Burke-class_destroyer,0.512552
/mnt/e/aircas/dht/graduation/dataset/ship_fine/test/008.Ticonderoga-class_cruiser/P2828.bmp,4,008.Ticonderoga-class_cruiser,5,009.Arleigh_Burke-class_destroyer,0.407659
/mnt/e/aircas/dht/graduation/dataset/ship_fine/test/008.Ticonderoga-class_cruiser/P2839.bmp,4,008.Ticonderoga-class_cruiser,4,008.Ticonderoga-class_cruiser,0.996219
/mnt/e/aircas/dht/graduation/dataset/ship_fine/test/008.Ticonderoga-class_cruiser/P2879.bmp,4,008.Ticonderoga-class_cruiser,4,008.Ticonderoga-class_cruiser,0.994932
/mnt/e/aircas/dht/graduation/dataset/ship_fine/test/008.Ticonderoga-class_cruiser/P2897.bmp,4,008.Ticonderoga-class_cruiser,4,008.Ticonderoga-class_cruiser,0.999643
/mnt/e/aircas/dht/graduation/dataset/ship_fine/test/008.Ticonderoga-class_cruiser/P2942.bmp,4,008.Ticonderoga-class_cruiser,4,008.Ticonderoga-class_cruiser,0.788584
/mnt/e/aircas/dht/graduation/dataset/ship_fine/test/008.Ticonderoga-class_cruiser/P3134.bmp,4,008.Ticonderoga-class_cruiser,4,008.Ticonderoga-class_cruiser,0.557045
/mnt/e/aircas/dht/graduation/dataset/ship_fine/test/008.Ticonderoga-class_cruiser/P3405.bmp,4,008.Ticonderoga-class_cruiser,9,014.Wasp-class_assault_ship,0.991381
/mnt/e/aircas/dht/graduation/dataset/ship_fine/test/008.Ticonderoga-class_cruiser/P3435.bmp,4,008.Ticonderoga-class_cruiser,9,014.Wasp-class_assault_ship,0.869166
/mnt/e/aircas/dht/graduation/dataset/ship_fine/test/008.Ticonderoga-class_cruiser/P4194.bmp,4,008.Ticonderoga-class_cruiser,4,008.Ticonderoga-class_cruiser,0.682662
/mnt/e/aircas/dht/graduation/dataset/ship_fine/test/008.Ticonderoga-class_cruiser/P4248.bmp,4,008.Ticonderoga-class_cruiser,3,004.Kuznetsov-class_aircraft_carrier,0.939955
/mnt/e/aircas/dht/graduation/dataset/ship_fine/test/008.Ticonderoga-class_cruiser/P4336.bmp,4,008.Ticonderoga-class_cruiser,4,008.Ticonderoga-class_cruiser,0.820288
/mnt/e/aircas/dht/graduation/dataset/ship_fine/test/008.Ticonderoga-class_cruiser/P4363.bmp,4,008.Ticonderoga-class_cruiser,4,008.Ticonderoga-class_cruiser,0.945162
/mnt/e/aircas/dht/graduation/dataset/ship_fine/test/008.Ticonderoga-class_cruiser/P4391.bmp,4,008.Ticonderoga-class_cruiser,4,008.Ticonderoga-class_cruiser,0.991722
/mnt/e/aircas/dht/graduation/dataset/ship_fine/test/008.Ticonderoga-class_cruiser/P4717.bmp,4,008.Ticonderoga-class_cruiser,4,008.Ticonderoga-class_cruiser,0.996933
/mnt/e/aircas/dht/graduation/dataset/ship_fine/test/008.Ticonderoga-class_cruiser/P4719.bmp,4,008.Ticonderoga-class_cruiser,5,009.Arleigh_Burke-class_destroyer,0.861066
/mnt/e/aircas/dht/graduation/dataset/ship_fine/test/008.Ticonderoga-class_cruiser/P4939.bmp,4,008.Ticonderoga-class_cruiser,9,014.Wasp-class_assault_ship,0.440278
/mnt/e/aircas/dht/graduation/dataset/ship_fine/test/008.Ticonderoga-class_cruiser/P4974.bmp,4,008.Ticonderoga-class_cruiser,4,008.Ticonderoga-class_cruiser,0.528129
/mnt/e/aircas/dht/graduation/dataset/ship_fine/test/008.Ticonderoga-class_cruiser/P5943.bmp,4,008.Ticonderoga-class_cruiser,19,025.Megayacht,0.457580
/mnt/e/aircas/dht/graduation/dataset/ship_fine/test/008.Ticonderoga-class_cruiser/P6386.bmp,4,008.Ticonderoga-class_cruiser,4,008.Ticonderoga-class_cruiser,0.958600
/mnt/e/aircas/dht/graduation/dataset/ship_fine/test/008.Ticonderoga-class_cruiser/P6395.bmp,4,008.Ticonderoga-class_cruiser,9,014.Wasp-class_assault_ship,0.901640
/mnt/e/aircas/dht/graduation/dataset/ship_fine/test/008.Ticonderoga-class_cruiser/P6455.bmp,4,008.Ticonderoga-class_cruiser,4,008.Ticonderoga-class_cruiser,0.755073
/mnt/e/aircas/dht/graduation/dataset/ship_fine/test/008.Ticonderoga-class_cruiser/P6875.bmp,4,008.Ticonderoga-class_cruiser,4,008.Ticonderoga-class_cruiser,0.996953
/mnt/e/aircas/dht/graduation/dataset/ship_fine/test/008.Ticonderoga-class_cruiser/P6961.bmp,4,008.Ticonderoga-class_cruiser,4,008.Ticonderoga-class_cruiser,0.990362
/mnt/e/aircas/dht/graduation/dataset/ship_fine/test/008.Ticonderoga-class_cruiser/P6983.bmp,4,008.Ticonderoga-class_cruiser,9,014.Wasp-class_assault_ship,0.532930
/mnt/e/aircas/dht/graduation/dataset/ship_fine/test/008.Ticonderoga-class_cruiser/P7048.bmp,4,008.Ticonderoga-class_cruiser,4,008.Ticonderoga-class_cruiser,0.448301
/mnt/e/aircas/dht/graduation/dataset/ship_fine/test/008.Ticonderoga-class_cruiser/P7116.bmp,4,008.Ticonderoga-class_cruiser,11,017.Lzumo-class_helicopter_destroyer,0.549673
/mnt/e/aircas/dht/graduation/dataset/ship_fine/test/008.Ticonderoga-class_cruiser/P7175.bmp,4,008.Ticonderoga-class_cruiser,4,008.Ticonderoga-class_cruiser,0.872570
/mnt/e/aircas/dht/graduation/dataset/ship_fine/test/009.Arleigh_Burke-class_destroyer/P0000.bmp,5,009.Arleigh_Burke-class_destroyer,5,009.Arleigh_Burke-class_destroyer,0.982731
/mnt/e/aircas/dht/graduation/dataset/ship_fine/test/009.Arleigh_Burke-class_destroyer/P0026.bmp,5,009.Arleigh_Burke-class_destroyer,5,009.Arleigh_Burke-class_destroyer,0.998282
/mnt/e/aircas/dht/graduation/dataset/ship_fine/test/009.Arleigh_Burke-class_destroyer/P0038.bmp,5,009.Arleigh_Burke-class_destroyer,9,014.Wasp-class_assault_ship,0.749447
/mnt/e/aircas/dht/graduation/dataset/ship_fine/test/009.Arleigh_Burke-class_destroyer/P0064.bmp,5,009.Arleigh_Burke-class_destroyer,5,009.Arleigh_Burke-class_destroyer,0.991573
/mnt/e/aircas/dht/graduation/dataset/ship_fine/test/009.Arleigh_Burke-class_destroyer/P0070.bmp,5,009.Arleigh_Burke-class_destroyer,5,009.Arleigh_Burke-class_destroyer,0.999893
/mnt/e/aircas/dht/graduation/dataset/ship_fine/test/009.Arleigh_Burke-class_destroyer/P0084.bmp,5,009.Arleigh_Burke-class_destroyer,5,009.Arleigh_Burke-class_destroyer,0.972438
/mnt/e/aircas/dht/graduation/dataset/ship_fine/test/009.Arleigh_Burke-class_destroyer/P0092.bmp,5,009.Arleigh_Burke-class_destroyer,5,009.Arleigh_Burke-class_destroyer,0.854357
/mnt/e/aircas/dht/graduation/dataset/ship_fine/test/009.Arleigh_Burke-class_destroyer/P0216.bmp,5,009.Arleigh_Burke-class_destroyer,5,009.Arleigh_Burke-class_destroyer,0.859647
/mnt/e/aircas/dht/graduation/dataset/ship_fine/test/009.Arleigh_Burke-class_destroyer/P0283.bmp,5,009.Arleigh_Burke-class_destroyer,9,014.Wasp-class_assault_ship,0.997772
/mnt/e/aircas/dht/graduation/dataset/ship_fine/test/009.Arleigh_Burke-class_destroyer/P0508.bmp,5,009.Arleigh_Burke-class_destroyer,5,009.Arleigh_Burke-class_destroyer,0.772185
/mnt/e/aircas/dht/graduation/dataset/ship_fine/test/009.Arleigh_Burke-class_destroyer/P0653.bmp,5,009.Arleigh_Burke-class_destroyer,5,009.Arleigh_Burke-class_destroyer,0.914540
/mnt/e/aircas/dht/graduation/dataset/ship_fine/test/009.Arleigh_Burke-class_destroyer/P0876.bmp,5,009.Arleigh_Burke-class_destroyer,12,018.Whitby_Island-class_dock_landing_ship,0.872683
/mnt/e/aircas/dht/graduation/dataset/ship_fine/test/009.Arleigh_Burke-class_destroyer/P0919.bmp,5,009.Arleigh_Burke-class_destroyer,5,009.Arleigh_Burke-class_destroyer,0.994826
/mnt/e/aircas/dht/graduation/dataset/ship_fine/test/009.Arleigh_Burke-class_destroyer/P0922.bmp,5,009.Arleigh_Burke-class_destroyer,5,009.Arleigh_Burke-class_destroyer,0.979005
/mnt/e/aircas/dht/graduation/dataset/ship_fine/test/009.Arleigh_Burke-class_destroyer/P0925.bmp,5,009.Arleigh_Burke-class_destroyer,5,009.Arleigh_Burke-class_destroyer,0.987878
/mnt/e/aircas/dht/graduation/dataset/ship_fine/test/009.Arleigh_Burke-class_destroyer/P0939.bmp,5,009.Arleigh_Burke-class_destroyer,21,027.Murasame-class_destroyer,0.548072
/mnt/e/aircas/dht/graduation/dataset/ship_fine/test/009.Arleigh_Burke-class_destroyer/P1010.bmp,5,009.Arleigh_Burke-class_destroyer,5,009.Arleigh_Burke-class_destroyer,0.872907
/mnt/e/aircas/dht/graduation/dataset/ship_fine/test/009.Arleigh_Burke-class_destroyer/P1027.bmp,5,009.Arleigh_Burke-class_destroyer,5,009.Arleigh_Burke-class_destroyer,0.579559
/mnt/e/aircas/dht/graduation/dataset/ship_fine/test/009.Arleigh_Burke-class_destroyer/P1034.bmp,5,009.Arleigh_Burke-class_destroyer,5,009.Arleigh_Burke-class_destroyer,0.431224
/mnt/e/aircas/dht/graduation/dataset/ship_fine/test/009.Arleigh_Burke-class_destroyer/P1046.bmp,5,009.Arleigh_Burke-class_destroyer,5,009.Arleigh_Burke-class_destroyer,0.922759
/mnt/e/aircas/dht/graduation/dataset/ship_fine/test/009.Arleigh_Burke-class_destroyer/P1098.bmp,5,009.Arleigh_Burke-class_destroyer,5,009.Arleigh_Burke-class_destroyer,0.995693
/mnt/e/aircas/dht/graduation/dataset/ship_fine/test/009.Arleigh_Burke-class_destroyer/P1185.bmp,5,009.Arleigh_Burke-class_destroyer,5,009.Arleigh_Burke-class_destroyer,0.995571
/mnt/e/aircas/dht/graduation/dataset/ship_fine/test/009.Arleigh_Burke-class_destroyer/P1377.bmp,5,009.Arleigh_Burke-class_destroyer,5,009.Arleigh_Burke-class_destroyer,0.998514
/mnt/e/aircas/dht/graduation/dataset/ship_fine/test/009.Arleigh_Burke-class_destroyer/P1445.bmp,5,009.Arleigh_Burke-class_destroyer,5,009.Arleigh_Burke-class_destroyer,0.993496
/mnt/e/aircas/dht/graduation/dataset/ship_fine/test/009.Arleigh_Burke-class_destroyer/P1577.bmp,5,009.Arleigh_Burke-class_destroyer,5,009.Arleigh_Burke-class_destroyer,0.951309
/mnt/e/aircas/dht/graduation/dataset/ship_fine/test/009.Arleigh_Burke-class_destroyer/P1651.bmp,5,009.Arleigh_Burke-class_destroyer,17,023.Crane_ship,0.989491
/mnt/e/aircas/dht/graduation/dataset/ship_fine/test/009.Arleigh_Burke-class_destroyer/P1710.bmp,5,009.Arleigh_Burke-class_destroyer,5,009.Arleigh_Burke-class_destroyer,0.424642
/mnt/e/aircas/dht/graduation/dataset/ship_fine/test/009.Arleigh_Burke-class_destroyer/P1767.bmp,5,009.Arleigh_Burke-class_destroyer,5,009.Arleigh_Burke-class_destroyer,0.993543
/mnt/e/aircas/dht/graduation/dataset/ship_fine/test/009.Arleigh_Burke-class_destroyer/P1844.bmp,5,009.Arleigh_Burke-class_destroyer,12,018.Whitby_Island-class_dock_landing_ship,0.992646
/mnt/e/aircas/dht/graduation/dataset/ship_fine/test/009.Arleigh_Burke-class_destroyer/P1868.bmp,5,009.Arleigh_Burke-class_destroyer,5,009.Arleigh_Burke-class_destroyer,0.953315
/mnt/e/aircas/dht/graduation/dataset/ship_fine/test/009.Arleigh_Burke-class_destroyer/P1932.bmp,5,009.Arleigh_Burke-class_destroyer,5,009.Arleigh_Burke-class_destroyer,0.715241
/mnt/e/aircas/dht/graduation/dataset/ship_fine/test/009.Arleigh_Burke-class_destroyer/P1949.bmp,5,009.Arleigh_Burke-class_destroyer,22,028.Container_ship,0.553824
/mnt/e/aircas/dht/graduation/dataset/ship_fine/test/009.Arleigh_Burke-class_destroyer/P2056.bmp,5,009.Arleigh_Burke-class_destroyer,4,008.Ticonderoga-class_cruiser,0.669266
/mnt/e/aircas/dht/graduation/dataset/ship_fine/test/009.Arleigh_Burke-class_destroyer/P2095.bmp,5,009.Arleigh_Burke-class_destroyer,5,009.Arleigh_Burke-class_destroyer,0.830102
/mnt/e/aircas/dht/graduation/dataset/ship_fine/test/009.Arleigh_Burke-class_destroyer/P2384.bmp,5,009.Arleigh_Burke-class_destroyer,5,009.Arleigh_Burke-class_destroyer,0.999952
/mnt/e/aircas/dht/graduation/dataset/ship_fine/test/009.Arleigh_Burke-class_destroyer/P2426.bmp,5,009.Arleigh_Burke-class_destroyer,4,008.Ticonderoga-class_cruiser,0.545701
/mnt/e/aircas/dht/graduation/dataset/ship_fine/test/009.Arleigh_Burke-class_destroyer/P2682.bmp,5,009.Arleigh_Burke-class_destroyer,5,009.Arleigh_Burke-class_destroyer,0.993520
/mnt/e/aircas/dht/graduation/dataset/ship_fine/test/009.Arleigh_Burke-class_destroyer/P2739.bmp,5,009.Arleigh_Burke-class_destroyer,5,009.Arleigh_Burke-class_destroyer,0.996817
/mnt/e/aircas/dht/graduation/dataset/ship_fine/test/009.Arleigh_Burke-class_destroyer/P2747.bmp,5,009.Arleigh_Burke-class_destroyer,5,009.Arleigh_Burke-class_destroyer,0.995144
/mnt/e/aircas/dht/graduation/dataset/ship_fine/test/009.Arleigh_Burke-class_destroyer/P2759.bmp,5,009.Arleigh_Burke-class_destroyer,5,009.Arleigh_Burke-class_destroyer,0.972197
/mnt/e/aircas/dht/graduation/dataset/ship_fine/test/009.Arleigh_Burke-class_destroyer/P2770.bmp,5,009.Arleigh_Burke-class_destroyer,5,009.Arleigh_Burke-class_destroyer,0.997761
/mnt/e/aircas/dht/graduation/dataset/ship_fine/test/009.Arleigh_Burke-class_destroyer/P2867.bmp,5,009.Arleigh_Burke-class_destroyer,5,009.Arleigh_Burke-class_destroyer,0.929694
/mnt/e/aircas/dht/graduation/dataset/ship_fine/test/009.Arleigh_Burke-class_destroyer/P2946.bmp,5,009.Arleigh_Burke-class_destroyer,5,009.Arleigh_Burke-class_destroyer,0.925546
/mnt/e/aircas/dht/graduation/dataset/ship_fine/test/009.Arleigh_Burke-class_destroyer/P3123.bmp,5,009.Arleigh_Burke-class_destroyer,5,009.Arleigh_Burke-class_destroyer,0.969265
/mnt/e/aircas/dht/graduation/dataset/ship_fine/test/009.Arleigh_Burke-class_destroyer/P3183.bmp,5,009.Arleigh_Burke-class_destroyer,5,009.Arleigh_Burke-class_destroyer,0.995902
/mnt/e/aircas/dht/graduation/dataset/ship_fine/test/009.Arleigh_Burke-class_destroyer/P3664.bmp,5,009.Arleigh_Burke-class_destroyer,5,009.Arleigh_Burke-class_destroyer,0.544521
/mnt/e/aircas/dht/graduation/dataset/ship_fine/test/009.Arleigh_Burke-class_destroyer/P3680.bmp,5,009.Arleigh_Burke-class_destroyer,12,018.Whitby_Island-class_dock_landing_ship,0.518766
/mnt/e/aircas/dht/graduation/dataset/ship_fine/test/009.Arleigh_Burke-class_destroyer/P3703.bmp,5,009.Arleigh_Burke-class_destroyer,5,009.Arleigh_Burke-class_destroyer,0.999968
/mnt/e/aircas/dht/graduation/dataset/ship_fine/test/009.Arleigh_Burke-class_destroyer/P3731.bmp,5,009.Arleigh_Burke-class_destroyer,5,009.Arleigh_Burke-class_destroyer,0.560874
/mnt/e/aircas/dht/graduation/dataset/ship_fine/test/009.Arleigh_Burke-class_destroyer/P3772.bmp,5,009.Arleigh_Burke-class_destroyer,17,023.Crane_ship,0.680137
/mnt/e/aircas/dht/graduation/dataset/ship_fine/test/009.Arleigh_Burke-class_destroyer/P3809.bmp,5,009.Arleigh_Burke-class_destroyer,9,014.Wasp-class_assault_ship,0.523600
/mnt/e/aircas/dht/graduation/dataset/ship_fine/test/009.Arleigh_Burke-class_destroyer/P3850.bmp,5,009.Arleigh_Burke-class_destroyer,5,009.Arleigh_Burke-class_destroyer,0.793791
/mnt/e/aircas/dht/graduation/dataset/ship_fine/test/009.Arleigh_Burke-class_destroyer/P4063.bmp,5,009.Arleigh_Burke-class_destroyer,5,009.Arleigh_Burke-class_destroyer,0.962271
/mnt/e/aircas/dht/graduation/dataset/ship_fine/test/009.Arleigh_Burke-class_destroyer/P4122.bmp,5,009.Arleigh_Burke-class_destroyer,5,009.Arleigh_Burke-class_destroyer,0.767448
/mnt/e/aircas/dht/graduation/dataset/ship_fine/test/009.Arleigh_Burke-class_destroyer/P4141.bmp,5,009.Arleigh_Burke-class_destroyer,12,018.Whitby_Island-class_dock_landing_ship,0.995879
/mnt/e/aircas/dht/graduation/dataset/ship_fine/test/009.Arleigh_Burke-class_destroyer/P4205.bmp,5,009.Arleigh_Burke-class_destroyer,9,014.Wasp-class_assault_ship,0.605134
/mnt/e/aircas/dht/graduation/dataset/ship_fine/test/009.Arleigh_Burke-class_destroyer/P4335.bmp,5,009.Arleigh_Burke-class_destroyer,5,009.Arleigh_Burke-class_destroyer,0.934750
/mnt/e/aircas/dht/graduation/dataset/ship_fine/test/009.Arleigh_Burke-class_destroyer/P4448.bmp,5,009.Arleigh_Burke-class_destroyer,5,009.Arleigh_Burke-class_destroyer,0.575109
/mnt/e/aircas/dht/graduation/dataset/ship_fine/test/011.Asagiri-class_destroyer/P0231.bmp,6,011.Asagiri-class_destroyer,6,011.Asagiri-class_destroyer,0.773079
/mnt/e/aircas/dht/graduation/dataset/ship_fine/test/011.Asagiri-class_destroyer/P0339.bmp,6,011.Asagiri-class_destroyer,21,027.Murasame-class_destroyer,0.620299
/mnt/e/aircas/dht/graduation/dataset/ship_fine/test/011.Asagiri-class_destroyer/P2298.bmp,6,011.Asagiri-class_destroyer,1,002.KittyHawk-class_aircraft_carrier,0.489625
/mnt/e/aircas/dht/graduation/dataset/ship_fine/test/011.Asagiri-class_destroyer/P4082.bmp,6,011.Asagiri-class_destroyer,21,027.Murasame-class_destroyer,0.640973
/mnt/e/aircas/dht/graduation/dataset/ship_fine/test/011.Asagiri-class_destroyer/P6088.bmp,6,011.Asagiri-class_destroyer,24,030.Civil_yacht,0.402289
/mnt/e/aircas/dht/graduation/dataset/ship_fine/test/011.Asagiri-class_destroyer/P6146.bmp,6,011.Asagiri-class_destroyer,6,011.Asagiri-class_destroyer,0.983003
/mnt/e/aircas/dht/graduation/dataset/ship_fine/test/011.Asagiri-class_destroyer/P9283.bmp,6,011.Asagiri-class_destroyer,9,014.Wasp-class_assault_ship,0.403214
/mnt/e/aircas/dht/graduation/dataset/ship_fine/test/012.Kidd-class_destroyer/P2959.bmp,7,012.Kidd-class_destroyer,7,012.Kidd-class_destroyer,0.989393
/mnt/e/aircas/dht/graduation/dataset/ship_fine/test/012.Kidd-class_destroyer/P3919.bmp,7,012.Kidd-class_destroyer,9,014.Wasp-class_assault_ship,0.542060
/mnt/e/aircas/dht/graduation/dataset/ship_fine/test/012.Kidd-class_destroyer/P4132.bmp,7,012.Kidd-class_destroyer,7,012.Kidd-class_destroyer,0.999900
/mnt/e/aircas/dht/graduation/dataset/ship_fine/test/012.Kidd-class_destroyer/P4203.bmp,7,012.Kidd-class_destroyer,7,012.Kidd-class_destroyer,0.995947
/mnt/e/aircas/dht/graduation/dataset/ship_fine/test/012.Kidd-class_destroyer/P4750.bmp,7,012.Kidd-class_destroyer,7,012.Kidd-class_destroyer,0.998308
/mnt/e/aircas/dht/graduation/dataset/ship_fine/test/012.Kidd-class_destroyer/P5322.bmp,7,012.Kidd-class_destroyer,7,012.Kidd-class_destroyer,0.980630
/mnt/e/aircas/dht/graduation/dataset/ship_fine/test/013.Type_45_destroyer/P1911.bmp,8,013.Type_45_destroyer,8,013.Type_45_destroyer,0.958713
/mnt/e/aircas/dht/graduation/dataset/ship_fine/test/013.Type_45_destroyer/P2066.bmp,8,013.Type_45_destroyer,9,014.Wasp-class_assault_ship,0.997945
/mnt/e/aircas/dht/graduation/dataset/ship_fine/test/013.Type_45_destroyer/P2887.bmp,8,013.Type_45_destroyer,8,013.Type_45_destroyer,0.714814
/mnt/e/aircas/dht/graduation/dataset/ship_fine/test/013.Type_45_destroyer/P4157.bmp,8,013.Type_45_destroyer,8,013.Type_45_destroyer,0.555876
/mnt/e/aircas/dht/graduation/dataset/ship_fine/test/013.Type_45_destroyer/P5831.bmp,8,013.Type_45_destroyer,8,013.Type_45_destroyer,0.909189
/mnt/e/aircas/dht/graduation/dataset/ship_fine/test/013.Type_45_destroyer/P6278.bmp,8,013.Type_45_destroyer,8,013.Type_45_destroyer,0.999288
/mnt/e/aircas/dht/graduation/dataset/ship_fine/test/013.Type_45_destroyer/P6745.bmp,8,013.Type_45_destroyer,8,013.Type_45_destroyer,0.600192
/mnt/e/aircas/dht/graduation/dataset/ship_fine/test/013.Type_45_destroyer/P7095.bmp,8,013.Type_45_destroyer,8,013.Type_45_destroyer,0.695774
/mnt/e/aircas/dht/graduation/dataset/ship_fine/test/013.Type_45_destroyer/P7167.bmp,8,013.Type_45_destroyer,5,009.Arleigh_Burke-class_destroyer,0.613817
/mnt/e/aircas/dht/graduation/dataset/ship_fine/test/013.Type_45_destroyer/P7467.bmp,8,013.Type_45_destroyer,8,013.Type_45_destroyer,0.962667
/mnt/e/aircas/dht/graduation/dataset/ship_fine/test/013.Type_45_destroyer/P7495.bmp,8,013.Type_45_destroyer,8,013.Type_45_destroyer,0.499706
/mnt/e/aircas/dht/graduation/dataset/ship_fine/test/013.Type_45_destroyer/P7537.bmp,8,013.Type_45_destroyer,8,013.Type_45_destroyer,0.999853
/mnt/e/aircas/dht/graduation/dataset/ship_fine/test/013.Type_45_destroyer/P7940.bmp,8,013.Type_45_destroyer,8,013.Type_45_destroyer,0.467602
/mnt/e/aircas/dht/graduation/dataset/ship_fine/test/013.Type_45_destroyer/P9202.bmp,8,013.Type_45_destroyer,8,013.Type_45_destroyer,0.999971
/mnt/e/aircas/dht/graduation/dataset/ship_fine/test/013.Type_45_destroyer/P9815.bmp,8,013.Type_45_destroyer,9,014.Wasp-class_assault_ship,0.864273
/mnt/e/aircas/dht/graduation/dataset/ship_fine/test/014.Wasp-class_assault_ship/P0129.bmp,9,014.Wasp-class_assault_ship,9,014.Wasp-class_assault_ship,0.999457
/mnt/e/aircas/dht/graduation/dataset/ship_fine/test/014.Wasp-class_assault_ship/P0242.bmp,9,014.Wasp-class_assault_ship,9,014.Wasp-class_assault_ship,0.999242
/mnt/e/aircas/dht/graduation/dataset/ship_fine/test/014.Wasp-class_assault_ship/P0462.bmp,9,014.Wasp-class_assault_ship,9,014.Wasp-class_assault_ship,0.998181
/mnt/e/aircas/dht/graduation/dataset/ship_fine/test/014.Wasp-class_assault_ship/P0594.bmp,9,014.Wasp-class_assault_ship,9,014.Wasp-class_assault_ship,0.613766
/mnt/e/aircas/dht/graduation/dataset/ship_fine/test/014.Wasp-class_assault_ship/P0658.bmp,9,014.Wasp-class_assault_ship,5,009.Arleigh_Burke-class_destroyer,0.692958
/mnt/e/aircas/dht/graduation/dataset/ship_fine/test/014.Wasp-class_assault_ship/P0969.bmp,9,014.Wasp-class_assault_ship,9,014.Wasp-class_assault_ship,0.999153
/mnt/e/aircas/dht/graduation/dataset/ship_fine/test/014.Wasp-class_assault_ship/P1080.bmp,9,014.Wasp-class_assault_ship,9,014.Wasp-class_assault_ship,0.993834
/mnt/e/aircas/dht/graduation/dataset/ship_fine/test/014.Wasp-class_assault_ship/P1529.bmp,9,014.Wasp-class_assault_ship,9,014.Wasp-class_assault_ship,0.972114
/mnt/e/aircas/dht/graduation/dataset/ship_fine/test/014.Wasp-class_assault_ship/P1740.bmp,9,014.Wasp-class_assault_ship,9,014.Wasp-class_assault_ship,0.999701
/mnt/e/aircas/dht/graduation/dataset/ship_fine/test/014.Wasp-class_assault_ship/P1773.bmp,9,014.Wasp-class_assault_ship,9,014.Wasp-class_assault_ship,0.999915
/mnt/e/aircas/dht/graduation/dataset/ship_fine/test/014.Wasp-class_assault_ship/P2330.bmp,9,014.Wasp-class_assault_ship,2,003.Midway-class_aircraft_carrier,0.807914
/mnt/e/aircas/dht/graduation/dataset/ship_fine/test/014.Wasp-class_assault_ship/P2366.bmp,9,014.Wasp-class_assault_ship,2,003.Midway-class_aircraft_carrier,0.916713
/mnt/e/aircas/dht/graduation/dataset/ship_fine/test/014.Wasp-class_assault_ship/P2457.bmp,9,014.Wasp-class_assault_ship,9,014.Wasp-class_assault_ship,0.589796
/mnt/e/aircas/dht/graduation/dataset/ship_fine/test/014.Wasp-class_assault_ship/P2676.bmp,9,014.Wasp-class_assault_ship,9,014.Wasp-class_assault_ship,0.831950
/mnt/e/aircas/dht/graduation/dataset/ship_fine/test/014.Wasp-class_assault_ship/P2874.bmp,9,014.Wasp-class_assault_ship,9,014.Wasp-class_assault_ship,0.998791
/mnt/e/aircas/dht/graduation/dataset/ship_fine/test/014.Wasp-class_assault_ship/P3485.bmp,9,014.Wasp-class_assault_ship,9,014.Wasp-class_assault_ship,0.699002
/mnt/e/aircas/dht/graduation/dataset/ship_fine/test/014.Wasp-class_assault_ship/P4057.bmp,9,014.Wasp-class_assault_ship,9,014.Wasp-class_assault_ship,0.998611
/mnt/e/aircas/dht/graduation/dataset/ship_fine/test/014.Wasp-class_assault_ship/P4358.bmp,9,014.Wasp-class_assault_ship,9,014.Wasp-class_assault_ship,0.999809
/mnt/e/aircas/dht/graduation/dataset/ship_fine/test/014.Wasp-class_assault_ship/P4371.bmp,9,014.Wasp-class_assault_ship,9,014.Wasp-class_assault_ship,0.998820
/mnt/e/aircas/dht/graduation/dataset/ship_fine/test/014.Wasp-class_assault_ship/P4735.bmp,9,014.Wasp-class_assault_ship,9,014.Wasp-class_assault_ship,0.986382
/mnt/e/aircas/dht/graduation/dataset/ship_fine/test/014.Wasp-class_assault_ship/P5274.bmp,9,014.Wasp-class_assault_ship,9,014.Wasp-class_assault_ship,0.878071
/mnt/e/aircas/dht/graduation/dataset/ship_fine/test/014.Wasp-class_assault_ship/P5350.bmp,9,014.Wasp-class_assault_ship,9,014.Wasp-class_assault_ship,0.850074
/mnt/e/aircas/dht/graduation/dataset/ship_fine/test/014.Wasp-class_assault_ship/P5602.bmp,9,014.Wasp-class_assault_ship,4,008.Ticonderoga-class_cruiser,0.434035
/mnt/e/aircas/dht/graduation/dataset/ship_fine/test/014.Wasp-class_assault_ship/P5605.bmp,9,014.Wasp-class_assault_ship,9,014.Wasp-class_assault_ship,0.994644
/mnt/e/aircas/dht/graduation/dataset/ship_fine/test/014.Wasp-class_assault_ship/P5727.bmp,9,014.Wasp-class_assault_ship,9,014.Wasp-class_assault_ship,0.996662
/mnt/e/aircas/dht/graduation/dataset/ship_fine/test/014.Wasp-class_assault_ship/P5871.bmp,9,014.Wasp-class_assault_ship,9,014.Wasp-class_assault_ship,0.999729
/mnt/e/aircas/dht/graduation/dataset/ship_fine/test/014.Wasp-class_assault_ship/P6111.bmp,9,014.Wasp-class_assault_ship,9,014.Wasp-class_assault_ship,0.999794
/mnt/e/aircas/dht/graduation/dataset/ship_fine/test/014.Wasp-class_assault_ship/P6361.bmp,9,014.Wasp-class_assault_ship,9,014.Wasp-class_assault_ship,0.999409
/mnt/e/aircas/dht/graduation/dataset/ship_fine/test/014.Wasp-class_assault_ship/P6580.bmp,9,014.Wasp-class_assault_ship,9,014.Wasp-class_assault_ship,0.999946
/mnt/e/aircas/dht/graduation/dataset/ship_fine/test/014.Wasp-class_assault_ship/P6636.bmp,9,014.Wasp-class_assault_ship,5,009.Arleigh_Burke-class_destroyer,0.623789
/mnt/e/aircas/dht/graduation/dataset/ship_fine/test/014.Wasp-class_assault_ship/P6809.bmp,9,014.Wasp-class_assault_ship,9,014.Wasp-class_assault_ship,0.954206
/mnt/e/aircas/dht/graduation/dataset/ship_fine/test/014.Wasp-class_assault_ship/P6974.bmp,9,014.Wasp-class_assault_ship,9,014.Wasp-class_assault_ship,0.968810
/mnt/e/aircas/dht/graduation/dataset/ship_fine/test/014.Wasp-class_assault_ship/P6999.bmp,9,014.Wasp-class_assault_ship,9,014.Wasp-class_assault_ship,0.795041
/mnt/e/aircas/dht/graduation/dataset/ship_fine/test/014.Wasp-class_assault_ship/P7229.bmp,9,014.Wasp-class_assault_ship,9,014.Wasp-class_assault_ship,0.998901
/mnt/e/aircas/dht/graduation/dataset/ship_fine/test/014.Wasp-class_assault_ship/P7377.bmp,9,014.Wasp-class_assault_ship,9,014.Wasp-class_assault_ship,0.998917
/mnt/e/aircas/dht/graduation/dataset/ship_fine/test/014.Wasp-class_assault_ship/P7394.bmp,9,014.Wasp-class_assault_ship,9,014.Wasp-class_assault_ship,0.999299
/mnt/e/aircas/dht/graduation/dataset/ship_fine/test/014.Wasp-class_assault_ship/P7426.bmp,9,014.Wasp-class_assault_ship,9,014.Wasp-class_assault_ship,0.998754
/mnt/e/aircas/dht/graduation/dataset/ship_fine/test/014.Wasp-class_assault_ship/P7959.bmp,9,014.Wasp-class_assault_ship,9,014.Wasp-class_assault_ship,0.982714
/mnt/e/aircas/dht/graduation/dataset/ship_fine/test/014.Wasp-class_assault_ship/P8104.bmp,9,014.Wasp-class_assault_ship,9,014.Wasp-class_assault_ship,0.879879
/mnt/e/aircas/dht/graduation/dataset/ship_fine/test/014.Wasp-class_assault_ship/P8835.bmp,9,014.Wasp-class_assault_ship,9,014.Wasp-class_assault_ship,0.999833
/mnt/e/aircas/dht/graduation/dataset/ship_fine/test/014.Wasp-class_assault_ship/P8933.bmp,9,014.Wasp-class_assault_ship,9,014.Wasp-class_assault_ship,0.993490
/mnt/e/aircas/dht/graduation/dataset/ship_fine/test/014.Wasp-class_assault_ship/P9115.bmp,9,014.Wasp-class_assault_ship,9,014.Wasp-class_assault_ship,0.999537
/mnt/e/aircas/dht/graduation/dataset/ship_fine/test/014.Wasp-class_assault_ship/P9143.bmp,9,014.Wasp-class_assault_ship,9,014.Wasp-class_assault_ship,0.996526
/mnt/e/aircas/dht/graduation/dataset/ship_fine/test/014.Wasp-class_assault_ship/P9294.bmp,9,014.Wasp-class_assault_ship,9,014.Wasp-class_assault_ship,0.999794
/mnt/e/aircas/dht/graduation/dataset/ship_fine/test/014.Wasp-class_assault_ship/P9532.bmp,9,014.Wasp-class_assault_ship,9,014.Wasp-class_assault_ship,0.962436
/mnt/e/aircas/dht/graduation/dataset/ship_fine/test/015.Osumi-class_landing_ship/P0141.bmp,10,015.Osumi-class_landing_ship,10,015.Osumi-class_landing_ship,0.943583
/mnt/e/aircas/dht/graduation/dataset/ship_fine/test/015.Osumi-class_landing_ship/P1177.bmp,10,015.Osumi-class_landing_ship,10,015.Osumi-class_landing_ship,0.976364
/mnt/e/aircas/dht/graduation/dataset/ship_fine/test/015.Osumi-class_landing_ship/P2488.bmp,10,015.Osumi-class_landing_ship,10,015.Osumi-class_landing_ship,0.728652
/mnt/e/aircas/dht/graduation/dataset/ship_fine/test/015.Osumi-class_landing_ship/P3875.bmp,10,015.Osumi-class_landing_ship,10,015.Osumi-class_landing_ship,0.946970
/mnt/e/aircas/dht/graduation/dataset/ship_fine/test/015.Osumi-class_landing_ship/P4930.bmp,10,015.Osumi-class_landing_ship,10,015.Osumi-class_landing_ship,0.999560
/mnt/e/aircas/dht/graduation/dataset/ship_fine/test/015.Osumi-class_landing_ship/P6157.bmp,10,015.Osumi-class_landing_ship,10,015.Osumi-class_landing_ship,0.999794
/mnt/e/aircas/dht/graduation/dataset/ship_fine/test/015.Osumi-class_landing_ship/P6838.bmp,10,015.Osumi-class_landing_ship,24,030.Civil_yacht,0.903054
/mnt/e/aircas/dht/graduation/dataset/ship_fine/test/015.Osumi-class_landing_ship/P8869.bmp,10,015.Osumi-class_landing_ship,10,015.Osumi-class_landing_ship,0.912959
/mnt/e/aircas/dht/graduation/dataset/ship_fine/test/015.Osumi-class_landing_ship/P9218.bmp,10,015.Osumi-class_landing_ship,10,015.Osumi-class_landing_ship,0.630096
/mnt/e/aircas/dht/graduation/dataset/ship_fine/test/015.Osumi-class_landing_ship/P9583.bmp,10,015.Osumi-class_landing_ship,10,015.Osumi-class_landing_ship,0.998439
/mnt/e/aircas/dht/graduation/dataset/ship_fine/test/015.Osumi-class_landing_ship/P9797.bmp,10,015.Osumi-class_landing_ship,10,015.Osumi-class_landing_ship,0.999829
/mnt/e/aircas/dht/graduation/dataset/ship_fine/test/017.Lzumo-class_helicopter_destroyer/P1737.bmp,11,017.Lzumo-class_helicopter_destroyer,11,017.Lzumo-class_helicopter_destroyer,0.975238
/mnt/e/aircas/dht/graduation/dataset/ship_fine/test/017.Lzumo-class_helicopter_destroyer/P4147.bmp,11,017.Lzumo-class_helicopter_destroyer,11,017.Lzumo-class_helicopter_destroyer,0.741866
/mnt/e/aircas/dht/graduation/dataset/ship_fine/test/017.Lzumo-class_helicopter_destroyer/P6956.bmp,11,017.Lzumo-class_helicopter_destroyer,11,017.Lzumo-class_helicopter_destroyer,0.991287
/mnt/e/aircas/dht/graduation/dataset/ship_fine/test/017.Lzumo-class_helicopter_destroyer/P7519.bmp,11,017.Lzumo-class_helicopter_destroyer,11,017.Lzumo-class_helicopter_destroyer,0.804420
/mnt/e/aircas/dht/graduation/dataset/ship_fine/test/017.Lzumo-class_helicopter_destroyer/P9101.bmp,11,017.Lzumo-class_helicopter_destroyer,11,017.Lzumo-class_helicopter_destroyer,0.993550
/mnt/e/aircas/dht/graduation/dataset/ship_fine/test/017.Lzumo-class_helicopter_destroyer/P9123.bmp,11,017.Lzumo-class_helicopter_destroyer,9,014.Wasp-class_assault_ship,0.327304
/mnt/e/aircas/dht/graduation/dataset/ship_fine/test/018.Whitby_Island-class_dock_landing_ship/P0355.bmp,12,018.Whitby_Island-class_dock_landing_ship,12,018.Whitby_Island-class_dock_landing_ship,0.995966
/mnt/e/aircas/dht/graduation/dataset/ship_fine/test/018.Whitby_Island-class_dock_landing_ship/P0540.bmp,12,018.Whitby_Island-class_dock_landing_ship,12,018.Whitby_Island-class_dock_landing_ship,0.996618
/mnt/e/aircas/dht/graduation/dataset/ship_fine/test/018.Whitby_Island-class_dock_landing_ship/P1034.bmp,12,018.Whitby_Island-class_dock_landing_ship,12,018.Whitby_Island-class_dock_landing_ship,0.934698
/mnt/e/aircas/dht/graduation/dataset/ship_fine/test/018.Whitby_Island-class_dock_landing_ship/P1599.bmp,12,018.Whitby_Island-class_dock_landing_ship,9,014.Wasp-class_assault_ship,0.989468
/mnt/e/aircas/dht/graduation/dataset/ship_fine/test/018.Whitby_Island-class_dock_landing_ship/P2090.bmp,12,018.Whitby_Island-class_dock_landing_ship,5,009.Arleigh_Burke-class_destroyer,0.575241
/mnt/e/aircas/dht/graduation/dataset/ship_fine/test/018.Whitby_Island-class_dock_landing_ship/P2120.bmp,12,018.Whitby_Island-class_dock_landing_ship,24,030.Civil_yacht,0.859989
/mnt/e/aircas/dht/graduation/dataset/ship_fine/test/018.Whitby_Island-class_dock_landing_ship/P2274.bmp,12,018.Whitby_Island-class_dock_landing_ship,12,018.Whitby_Island-class_dock_landing_ship,0.645929
/mnt/e/aircas/dht/graduation/dataset/ship_fine/test/018.Whitby_Island-class_dock_landing_ship/P2301.bmp,12,018.Whitby_Island-class_dock_landing_ship,12,018.Whitby_Island-class_dock_landing_ship,0.988494
/mnt/e/aircas/dht/graduation/dataset/ship_fine/test/018.Whitby_Island-class_dock_landing_ship/P2625.bmp,12,018.Whitby_Island-class_dock_landing_ship,12,018.Whitby_Island-class_dock_landing_ship,0.998794
/mnt/e/aircas/dht/graduation/dataset/ship_fine/test/018.Whitby_Island-class_dock_landing_ship/P3382.bmp,12,018.Whitby_Island-class_dock_landing_ship,12,018.Whitby_Island-class_dock_landing_ship,0.999085
/mnt/e/aircas/dht/graduation/dataset/ship_fine/test/018.Whitby_Island-class_dock_landing_ship/P3533.bmp,12,018.Whitby_Island-class_dock_landing_ship,9,014.Wasp-class_assault_ship,0.956842
/mnt/e/aircas/dht/graduation/dataset/ship_fine/test/018.Whitby_Island-class_dock_landing_ship/P3571.bmp,12,018.Whitby_Island-class_dock_landing_ship,12,018.Whitby_Island-class_dock_landing_ship,0.709180
/mnt/e/aircas/dht/graduation/dataset/ship_fine/test/018.Whitby_Island-class_dock_landing_ship/P4049.bmp,12,018.Whitby_Island-class_dock_landing_ship,12,018.Whitby_Island-class_dock_landing_ship,0.855358
/mnt/e/aircas/dht/graduation/dataset/ship_fine/test/018.Whitby_Island-class_dock_landing_ship/P4562.bmp,12,018.Whitby_Island-class_dock_landing_ship,9,014.Wasp-class_assault_ship,0.607004
/mnt/e/aircas/dht/graduation/dataset/ship_fine/test/018.Whitby_Island-class_dock_landing_ship/P4759.bmp,12,018.Whitby_Island-class_dock_landing_ship,24,030.Civil_yacht,0.918745
/mnt/e/aircas/dht/graduation/dataset/ship_fine/test/018.Whitby_Island-class_dock_landing_ship/P5530.bmp,12,018.Whitby_Island-class_dock_landing_ship,12,018.Whitby_Island-class_dock_landing_ship,0.999986
/mnt/e/aircas/dht/graduation/dataset/ship_fine/test/018.Whitby_Island-class_dock_landing_ship/P5565.bmp,12,018.Whitby_Island-class_dock_landing_ship,12,018.Whitby_Island-class_dock_landing_ship,0.765283
/mnt/e/aircas/dht/graduation/dataset/ship_fine/test/018.Whitby_Island-class_dock_landing_ship/P5847.bmp,12,018.Whitby_Island-class_dock_landing_ship,12,018.Whitby_Island-class_dock_landing_ship,0.972328
/mnt/e/aircas/dht/graduation/dataset/ship_fine/test/018.Whitby_Island-class_dock_landing_ship/P6027.bmp,12,018.Whitby_Island-class_dock_landing_ship,24,030.Civil_yacht,0.929111
/mnt/e/aircas/dht/graduation/dataset/ship_fine/test/018.Whitby_Island-class_dock_landing_ship/P6885.bmp,12,018.Whitby_Island-class_dock_landing_ship,12,018.Whitby_Island-class_dock_landing_ship,0.816060
/mnt/e/aircas/dht/graduation/dataset/ship_fine/test/018.Whitby_Island-class_dock_landing_ship/P7152.bmp,12,018.Whitby_Island-class_dock_landing_ship,12,018.Whitby_Island-class_dock_landing_ship,0.997575
/mnt/e/aircas/dht/graduation/dataset/ship_fine/test/018.Whitby_Island-class_dock_landing_ship/P7258.bmp,12,018.Whitby_Island-class_dock_landing_ship,12,018.Whitby_Island-class_dock_landing_ship,0.858072
/mnt/e/aircas/dht/graduation/dataset/ship_fine/test/018.Whitby_Island-class_dock_landing_ship/P7273.bmp,12,018.Whitby_Island-class_dock_landing_ship,12,018.Whitby_Island-class_dock_landing_ship,0.820418
/mnt/e/aircas/dht/graduation/dataset/ship_fine/test/018.Whitby_Island-class_dock_landing_ship/P7415.bmp,12,018.Whitby_Island-class_dock_landing_ship,12,018.Whitby_Island-class_dock_landing_ship,0.999728
/mnt/e/aircas/dht/graduation/dataset/ship_fine/test/018.Whitby_Island-class_dock_landing_ship/P8011.bmp,12,018.Whitby_Island-class_dock_landing_ship,12,018.Whitby_Island-class_dock_landing_ship,0.768874
/mnt/e/aircas/dht/graduation/dataset/ship_fine/test/018.Whitby_Island-class_dock_landing_ship/P8923.bmp,12,018.Whitby_Island-class_dock_landing_ship,9,014.Wasp-class_assault_ship,0.972152
/mnt/e/aircas/dht/graduation/dataset/ship_fine/test/018.Whitby_Island-class_dock_landing_ship/P9742.bmp,12,018.Whitby_Island-class_dock_landing_ship,12,018.Whitby_Island-class_dock_landing_ship,0.999702
/mnt/e/aircas/dht/graduation/dataset/ship_fine/test/019.San_Antonio-class_transport_dock/P0081.bmp,13,019.San_Antonio-class_transport_dock,13,019.San_Antonio-class_transport_dock,0.755827
/mnt/e/aircas/dht/graduation/dataset/ship_fine/test/019.San_Antonio-class_transport_dock/P0357.bmp,13,019.San_Antonio-class_transport_dock,5,009.Arleigh_Burke-class_destroyer,0.609630
/mnt/e/aircas/dht/graduation/dataset/ship_fine/test/019.San_Antonio-class_transport_dock/P0450.bmp,13,019.San_Antonio-class_transport_dock,13,019.San_Antonio-class_transport_dock,0.976891
/mnt/e/aircas/dht/graduation/dataset/ship_fine/test/019.San_Antonio-class_transport_dock/P1049.bmp,13,019.San_Antonio-class_transport_dock,13,019.San_Antonio-class_transport_dock,0.991307
/mnt/e/aircas/dht/graduation/dataset/ship_fine/test/019.San_Antonio-class_transport_dock/P1053.bmp,13,019.San_Antonio-class_transport_dock,9,014.Wasp-class_assault_ship,0.710771
/mnt/e/aircas/dht/graduation/dataset/ship_fine/test/019.San_Antonio-class_transport_dock/P1437.bmp,13,019.San_Antonio-class_transport_dock,9,014.Wasp-class_assault_ship,0.675705
/mnt/e/aircas/dht/graduation/dataset/ship_fine/test/019.San_Antonio-class_transport_dock/P1624.bmp,13,019.San_Antonio-class_transport_dock,12,018.Whitby_Island-class_dock_landing_ship,0.892599
/mnt/e/aircas/dht/graduation/dataset/ship_fine/test/019.San_Antonio-class_transport_dock/P1760.bmp,13,019.San_Antonio-class_transport_dock,13,019.San_Antonio-class_transport_dock,0.500550
/mnt/e/aircas/dht/graduation/dataset/ship_fine/test/019.San_Antonio-class_transport_dock/P1814.bmp,13,019.San_Antonio-class_transport_dock,4,008.Ticonderoga-class_cruiser,0.566625
/mnt/e/aircas/dht/graduation/dataset/ship_fine/test/019.San_Antonio-class_transport_dock/P2131.bmp,13,019.San_Antonio-class_transport_dock,24,030.Civil_yacht,0.884454
/mnt/e/aircas/dht/graduation/dataset/ship_fine/test/019.San_Antonio-class_transport_dock/P2362.bmp,13,019.San_Antonio-class_transport_dock,9,014.Wasp-class_assault_ship,0.723692
/mnt/e/aircas/dht/graduation/dataset/ship_fine/test/019.San_Antonio-class_transport_dock/P2705.bmp,13,019.San_Antonio-class_transport_dock,13,019.San_Antonio-class_transport_dock,0.604278
/mnt/e/aircas/dht/graduation/dataset/ship_fine/test/019.San_Antonio-class_transport_dock/P2719.bmp,13,019.San_Antonio-class_transport_dock,13,019.San_Antonio-class_transport_dock,0.940421
/mnt/e/aircas/dht/graduation/dataset/ship_fine/test/019.San_Antonio-class_transport_dock/P2962.bmp,13,019.San_Antonio-class_transport_dock,4,008.Ticonderoga-class_cruiser,0.786257
/mnt/e/aircas/dht/graduation/dataset/ship_fine/test/019.San_Antonio-class_transport_dock/P3289.bmp,13,019.San_Antonio-class_transport_dock,5,009.Arleigh_Burke-class_destroyer,0.805343
/mnt/e/aircas/dht/graduation/dataset/ship_fine/test/019.San_Antonio-class_transport_dock/P3357.bmp,13,019.San_Antonio-class_transport_dock,4,008.Ticonderoga-class_cruiser,0.859212
/mnt/e/aircas/dht/graduation/dataset/ship_fine/test/019.San_Antonio-class_transport_dock/P3503.bmp,13,019.San_Antonio-class_transport_dock,13,019.San_Antonio-class_transport_dock,0.366379
/mnt/e/aircas/dht/graduation/dataset/ship_fine/test/019.San_Antonio-class_transport_dock/P3521.bmp,13,019.San_Antonio-class_transport_dock,12,018.Whitby_Island-class_dock_landing_ship,0.389185
/mnt/e/aircas/dht/graduation/dataset/ship_fine/test/019.San_Antonio-class_transport_dock/P3602.bmp,13,019.San_Antonio-class_transport_dock,9,014.Wasp-class_assault_ship,0.630189
/mnt/e/aircas/dht/graduation/dataset/ship_fine/test/019.San_Antonio-class_transport_dock/P3850.bmp,13,019.San_Antonio-class_transport_dock,12,018.Whitby_Island-class_dock_landing_ship,0.890264
/mnt/e/aircas/dht/graduation/dataset/ship_fine/test/019.San_Antonio-class_transport_dock/P4188.bmp,13,019.San_Antonio-class_transport_dock,13,019.San_Antonio-class_transport_dock,0.999034
/mnt/e/aircas/dht/graduation/dataset/ship_fine/test/019.San_Antonio-class_transport_dock/P4258.bmp,13,019.San_Antonio-class_transport_dock,9,014.Wasp-class_assault_ship,0.635031
/mnt/e/aircas/dht/graduation/dataset/ship_fine/test/019.San_Antonio-class_transport_dock/P5576.bmp,13,019.San_Antonio-class_transport_dock,9,014.Wasp-class_assault_ship,0.493453
/mnt/e/aircas/dht/graduation/dataset/ship_fine/test/019.San_Antonio-class_transport_dock/P6037.bmp,13,019.San_Antonio-class_transport_dock,9,014.Wasp-class_assault_ship,0.494740
/mnt/e/aircas/dht/graduation/dataset/ship_fine/test/019.San_Antonio-class_transport_dock/P7144.bmp,13,019.San_Antonio-class_transport_dock,13,019.San_Antonio-class_transport_dock,0.986344
/mnt/e/aircas/dht/graduation/dataset/ship_fine/test/019.San_Antonio-class_transport_dock/P7190.bmp,13,019.San_Antonio-class_transport_dock,13,019.San_Antonio-class_transport_dock,0.935357
/mnt/e/aircas/dht/graduation/dataset/ship_fine/test/019.San_Antonio-class_transport_dock/P7721.bmp,13,019.San_Antonio-class_transport_dock,13,019.San_Antonio-class_transport_dock,0.999922
/mnt/e/aircas/dht/graduation/dataset/ship_fine/test/019.San_Antonio-class_transport_dock/P7867.bmp,13,019.San_Antonio-class_transport_dock,13,019.San_Antonio-class_transport_dock,0.995588
/mnt/e/aircas/dht/graduation/dataset/ship_fine/test/019.San_Antonio-class_transport_dock/P8277.bmp,13,019.San_Antonio-class_transport_dock,5,009.Arleigh_Burke-class_destroyer,0.960048
/mnt/e/aircas/dht/graduation/dataset/ship_fine/test/019.San_Antonio-class_transport_dock/P8928.bmp,13,019.San_Antonio-class_transport_dock,9,014.Wasp-class_assault_ship,0.644434
/mnt/e/aircas/dht/graduation/dataset/ship_fine/test/019.San_Antonio-class_transport_dock/P9862.bmp,13,019.San_Antonio-class_transport_dock,13,019.San_Antonio-class_transport_dock,0.997546
/mnt/e/aircas/dht/graduation/dataset/ship_fine/test/020.Freedom-class_combat_ship/P1294.bmp,14,020.Freedom-class_combat_ship,4,008.Ticonderoga-class_cruiser,0.822238
/mnt/e/aircas/dht/graduation/dataset/ship_fine/test/020.Freedom-class_combat_ship/P1475.bmp,14,020.Freedom-class_combat_ship,14,020.Freedom-class_combat_ship,0.988444
/mnt/e/aircas/dht/graduation/dataset/ship_fine/test/020.Freedom-class_combat_ship/P1914.bmp,14,020.Freedom-class_combat_ship,9,014.Wasp-class_assault_ship,0.658464
/mnt/e/aircas/dht/graduation/dataset/ship_fine/test/020.Freedom-class_combat_ship/P2673.bmp,14,020.Freedom-class_combat_ship,4,008.Ticonderoga-class_cruiser,0.567538
/mnt/e/aircas/dht/graduation/dataset/ship_fine/test/020.Freedom-class_combat_ship/P2714.bmp,14,020.Freedom-class_combat_ship,14,020.Freedom-class_combat_ship,0.859235
/mnt/e/aircas/dht/graduation/dataset/ship_fine/test/020.Freedom-class_combat_ship/P3245.bmp,14,020.Freedom-class_combat_ship,17,023.Crane_ship,0.429865
/mnt/e/aircas/dht/graduation/dataset/ship_fine/test/020.Freedom-class_combat_ship/P4264.bmp,14,020.Freedom-class_combat_ship,14,020.Freedom-class_combat_ship,0.998709
/mnt/e/aircas/dht/graduation/dataset/ship_fine/test/020.Freedom-class_combat_ship/P4485.bmp,14,020.Freedom-class_combat_ship,14,020.Freedom-class_combat_ship,0.985643
/mnt/e/aircas/dht/graduation/dataset/ship_fine/test/020.Freedom-class_combat_ship/P5203.bmp,14,020.Freedom-class_combat_ship,14,020.Freedom-class_combat_ship,0.950405
/mnt/e/aircas/dht/graduation/dataset/ship_fine/test/020.Freedom-class_combat_ship/P5338.bmp,14,020.Freedom-class_combat_ship,14,020.Freedom-class_combat_ship,0.853869
/mnt/e/aircas/dht/graduation/dataset/ship_fine/test/020.Freedom-class_combat_ship/P5825.bmp,14,020.Freedom-class_combat_ship,5,009.Arleigh_Burke-class_destroyer,0.511103
/mnt/e/aircas/dht/graduation/dataset/ship_fine/test/020.Freedom-class_combat_ship/P6534.bmp,14,020.Freedom-class_combat_ship,14,020.Freedom-class_combat_ship,0.978235
/mnt/e/aircas/dht/graduation/dataset/ship_fine/test/020.Freedom-class_combat_ship/P6707.bmp,14,020.Freedom-class_combat_ship,14,020.Freedom-class_combat_ship,0.945791
/mnt/e/aircas/dht/graduation/dataset/ship_fine/test/020.Freedom-class_combat_ship/P7070.bmp,14,020.Freedom-class_combat_ship,9,014.Wasp-class_assault_ship,0.420692
/mnt/e/aircas/dht/graduation/dataset/ship_fine/test/020.Freedom-class_combat_ship/P7429.bmp,14,020.Freedom-class_combat_ship,14,020.Freedom-class_combat_ship,0.609319
/mnt/e/aircas/dht/graduation/dataset/ship_fine/test/020.Freedom-class_combat_ship/P9066.bmp,14,020.Freedom-class_combat_ship,5,009.Arleigh_Burke-class_destroyer,0.480310
/mnt/e/aircas/dht/graduation/dataset/ship_fine/test/020.Freedom-class_combat_ship/P9283.bmp,14,020.Freedom-class_combat_ship,13,019.San_Antonio-class_transport_dock,0.513727
/mnt/e/aircas/dht/graduation/dataset/ship_fine/test/021.Independence-class_combat_ship/P0627.bmp,15,021.Independence-class_combat_ship,15,021.Independence-class_combat_ship,0.915245
/mnt/e/aircas/dht/graduation/dataset/ship_fine/test/021.Independence-class_combat_ship/P1781.bmp,15,021.Independence-class_combat_ship,4,008.Ticonderoga-class_cruiser,0.399582
/mnt/e/aircas/dht/graduation/dataset/ship_fine/test/021.Independence-class_combat_ship/P2691.bmp,15,021.Independence-class_combat_ship,15,021.Independence-class_combat_ship,0.967812
/mnt/e/aircas/dht/graduation/dataset/ship_fine/test/021.Independence-class_combat_ship/P3052.bmp,15,021.Independence-class_combat_ship,15,021.Independence-class_combat_ship,0.998964
/mnt/e/aircas/dht/graduation/dataset/ship_fine/test/021.Independence-class_combat_ship/P3232.bmp,15,021.Independence-class_combat_ship,24,030.Civil_yacht,0.999078
/mnt/e/aircas/dht/graduation/dataset/ship_fine/test/021.Independence-class_combat_ship/P3296.bmp,15,021.Independence-class_combat_ship,15,021.Independence-class_combat_ship,0.997913
/mnt/e/aircas/dht/graduation/dataset/ship_fine/test/021.Independence-class_combat_ship/P4230.bmp,15,021.Independence-class_combat_ship,15,021.Independence-class_combat_ship,0.905733
/mnt/e/aircas/dht/graduation/dataset/ship_fine/test/021.Independence-class_combat_ship/P4238.bmp,15,021.Independence-class_combat_ship,15,021.Independence-class_combat_ship,0.890775
/mnt/e/aircas/dht/graduation/dataset/ship_fine/test/021.Independence-class_combat_ship/P4301.bmp,15,021.Independence-class_combat_ship,15,021.Independence-class_combat_ship,0.619728
/mnt/e/aircas/dht/graduation/dataset/ship_fine/test/021.Independence-class_combat_ship/P4572.bmp,15,021.Independence-class_combat_ship,17,023.Crane_ship,0.599677
/mnt/e/aircas/dht/graduation/dataset/ship_fine/test/021.Independence-class_combat_ship/P4904.bmp,15,021.Independence-class_combat_ship,24,030.Civil_yacht,0.998465
/mnt/e/aircas/dht/graduation/dataset/ship_fine/test/021.Independence-class_combat_ship/P5071.bmp,15,021.Independence-class_combat_ship,5,009.Arleigh_Burke-class_destroyer,0.492314
/mnt/e/aircas/dht/graduation/dataset/ship_fine/test/021.Independence-class_combat_ship/P5073.bmp,15,021.Independence-class_combat_ship,15,021.Independence-class_combat_ship,0.999845
/mnt/e/aircas/dht/graduation/dataset/ship_fine/test/021.Independence-class_combat_ship/P6153.bmp,15,021.Independence-class_combat_ship,15,021.Independence-class_combat_ship,0.994747
/mnt/e/aircas/dht/graduation/dataset/ship_fine/test/021.Independence-class_combat_ship/P6277.bmp,15,021.Independence-class_combat_ship,9,014.Wasp-class_assault_ship,0.557611
/mnt/e/aircas/dht/graduation/dataset/ship_fine/test/021.Independence-class_combat_ship/P7533.bmp,15,021.Independence-class_combat_ship,17,023.Crane_ship,0.685848
/mnt/e/aircas/dht/graduation/dataset/ship_fine/test/021.Independence-class_combat_ship/P8073.bmp,15,021.Independence-class_combat_ship,22,028.Container_ship,0.440739
/mnt/e/aircas/dht/graduation/dataset/ship_fine/test/021.Independence-class_combat_ship/P8460.bmp,15,021.Independence-class_combat_ship,15,021.Independence-class_combat_ship,0.977998
/mnt/e/aircas/dht/graduation/dataset/ship_fine/test/021.Independence-class_combat_ship/P8530.bmp,15,021.Independence-class_combat_ship,15,021.Independence-class_combat_ship,0.999607
/mnt/e/aircas/dht/graduation/dataset/ship_fine/test/021.Independence-class_combat_ship/P8719.bmp,15,021.Independence-class_combat_ship,17,023.Crane_ship,0.746248
/mnt/e/aircas/dht/graduation/dataset/ship_fine/test/021.Independence-class_combat_ship/P9656.bmp,15,021.Independence-class_combat_ship,9,014.Wasp-class_assault_ship,0.847924
/mnt/e/aircas/dht/graduation/dataset/ship_fine/test/022.Sacramento-class_support_ship/P2518.bmp,16,022.Sacramento-class_support_ship,16,022.Sacramento-class_support_ship,0.959389
/mnt/e/aircas/dht/graduation/dataset/ship_fine/test/022.Sacramento-class_support_ship/P4934.bmp,16,022.Sacramento-class_support_ship,16,022.Sacramento-class_support_ship,0.853049
/mnt/e/aircas/dht/graduation/dataset/ship_fine/test/022.Sacramento-class_support_ship/P6771.bmp,16,022.Sacramento-class_support_ship,3,004.Kuznetsov-class_aircraft_carrier,0.500180
/mnt/e/aircas/dht/graduation/dataset/ship_fine/test/022.Sacramento-class_support_ship/P8310.bmp,16,022.Sacramento-class_support_ship,16,022.Sacramento-class_support_ship,0.999409
/mnt/e/aircas/dht/graduation/dataset/ship_fine/test/022.Sacramento-class_support_ship/P8343.bmp,16,022.Sacramento-class_support_ship,3,004.Kuznetsov-class_aircraft_carrier,0.849267
/mnt/e/aircas/dht/graduation/dataset/ship_fine/test/023.Crane_ship/P0238.bmp,17,023.Crane_ship,17,023.Crane_ship,0.999671
/mnt/e/aircas/dht/graduation/dataset/ship_fine/test/023.Crane_ship/P1862.bmp,17,023.Crane_ship,17,023.Crane_ship,0.999830
/mnt/e/aircas/dht/graduation/dataset/ship_fine/test/023.Crane_ship/P2591.bmp,17,023.Crane_ship,17,023.Crane_ship,0.966044
/mnt/e/aircas/dht/graduation/dataset/ship_fine/test/023.Crane_ship/P2992.bmp,17,023.Crane_ship,17,023.Crane_ship,0.630219
/mnt/e/aircas/dht/graduation/dataset/ship_fine/test/023.Crane_ship/P3170.bmp,17,023.Crane_ship,17,023.Crane_ship,0.821380
/mnt/e/aircas/dht/graduation/dataset/ship_fine/test/023.Crane_ship/P3397.bmp,17,023.Crane_ship,17,023.Crane_ship,0.569668
/mnt/e/aircas/dht/graduation/dataset/ship_fine/test/023.Crane_ship/P3433.bmp,17,023.Crane_ship,17,023.Crane_ship,0.999320
/mnt/e/aircas/dht/graduation/dataset/ship_fine/test/023.Crane_ship/P3665.bmp,17,023.Crane_ship,17,023.Crane_ship,0.999960
/mnt/e/aircas/dht/graduation/dataset/ship_fine/test/023.Crane_ship/P4147.bmp,17,023.Crane_ship,17,023.Crane_ship,0.713447
/mnt/e/aircas/dht/graduation/dataset/ship_fine/test/023.Crane_ship/P4208.bmp,17,023.Crane_ship,17,023.Crane_ship,0.999823
/mnt/e/aircas/dht/graduation/dataset/ship_fine/test/023.Crane_ship/P4882.bmp,17,023.Crane_ship,17,023.Crane_ship,0.994409
/mnt/e/aircas/dht/graduation/dataset/ship_fine/test/023.Crane_ship/P5191.bmp,17,023.Crane_ship,17,023.Crane_ship,0.969134
/mnt/e/aircas/dht/graduation/dataset/ship_fine/test/023.Crane_ship/P5584.bmp,17,023.Crane_ship,17,023.Crane_ship,0.749480
/mnt/e/aircas/dht/graduation/dataset/ship_fine/test/023.Crane_ship/P5873.bmp,17,023.Crane_ship,17,023.Crane_ship,0.999600
/mnt/e/aircas/dht/graduation/dataset/ship_fine/test/024.Abukuma-class_frigate/P0268.bmp,18,024.Abukuma-class_frigate,2,003.Midway-class_aircraft_carrier,0.990018
/mnt/e/aircas/dht/graduation/dataset/ship_fine/test/024.Abukuma-class_frigate/P1940.bmp,18,024.Abukuma-class_frigate,18,024.Abukuma-class_frigate,0.985964
/mnt/e/aircas/dht/graduation/dataset/ship_fine/test/024.Abukuma-class_frigate/P3665.bmp,18,024.Abukuma-class_frigate,18,024.Abukuma-class_frigate,0.999814
/mnt/e/aircas/dht/graduation/dataset/ship_fine/test/024.Abukuma-class_frigate/P3717.bmp,18,024.Abukuma-class_frigate,18,024.Abukuma-class_frigate,0.917586
/mnt/e/aircas/dht/graduation/dataset/ship_fine/test/024.Abukuma-class_frigate/P4443.bmp,18,024.Abukuma-class_frigate,19,025.Megayacht,0.894758
/mnt/e/aircas/dht/graduation/dataset/ship_fine/test/024.Abukuma-class_frigate/P7844.bmp,18,024.Abukuma-class_frigate,18,024.Abukuma-class_frigate,0.994530
/mnt/e/aircas/dht/graduation/dataset/ship_fine/test/024.Abukuma-class_frigate/P8029.bmp,18,024.Abukuma-class_frigate,24,030.Civil_yacht,0.957333
/mnt/e/aircas/dht/graduation/dataset/ship_fine/test/025.Megayacht/P0241.bmp,19,025.Megayacht,5,009.Arleigh_Burke-class_destroyer,0.450408
/mnt/e/aircas/dht/graduation/dataset/ship_fine/test/025.Megayacht/P0294.bmp,19,025.Megayacht,19,025.Megayacht,0.999204
/mnt/e/aircas/dht/graduation/dataset/ship_fine/test/025.Megayacht/P1071.bmp,19,025.Megayacht,19,025.Megayacht,0.998049
/mnt/e/aircas/dht/graduation/dataset/ship_fine/test/025.Megayacht/P1654.bmp,19,025.Megayacht,19,025.Megayacht,0.963312
/mnt/e/aircas/dht/graduation/dataset/ship_fine/test/025.Megayacht/P2011.bmp,19,025.Megayacht,19,025.Megayacht,0.963216
/mnt/e/aircas/dht/graduation/dataset/ship_fine/test/025.Megayacht/P2473.bmp,19,025.Megayacht,19,025.Megayacht,0.983551
/mnt/e/aircas/dht/graduation/dataset/ship_fine/test/025.Megayacht/P3240.bmp,19,025.Megayacht,19,025.Megayacht,0.999820
/mnt/e/aircas/dht/graduation/dataset/ship_fine/test/025.Megayacht/P6219.bmp,19,025.Megayacht,19,025.Megayacht,0.997867
/mnt/e/aircas/dht/graduation/dataset/ship_fine/test/025.Megayacht/P6492.bmp,19,025.Megayacht,26,032.Sand_carrier,0.749632
/mnt/e/aircas/dht/graduation/dataset/ship_fine/test/025.Megayacht/P6928.bmp,19,025.Megayacht,25,031.Medical_ship,0.959931
/mnt/e/aircas/dht/graduation/dataset/ship_fine/test/025.Megayacht/P6970.bmp,19,025.Megayacht,19,025.Megayacht,0.639437
/mnt/e/aircas/dht/graduation/dataset/ship_fine/test/025.Megayacht/P7640.bmp,19,025.Megayacht,19,025.Megayacht,0.999452
/mnt/e/aircas/dht/graduation/dataset/ship_fine/test/025.Megayacht/P7747.bmp,19,025.Megayacht,19,025.Megayacht,0.620823
/mnt/e/aircas/dht/graduation/dataset/ship_fine/test/025.Megayacht/P8618.bmp,19,025.Megayacht,20,026.Cargo_ship,0.588037
/mnt/e/aircas/dht/graduation/dataset/ship_fine/test/025.Megayacht/P8624.bmp,19,025.Megayacht,19,025.Megayacht,0.999685
/mnt/e/aircas/dht/graduation/dataset/ship_fine/test/025.Megayacht/P8792.bmp,19,025.Megayacht,19,025.Megayacht,0.875189
/mnt/e/aircas/dht/graduation/dataset/ship_fine/test/025.Megayacht/P9398.bmp,19,025.Megayacht,19,025.Megayacht,0.966424
/mnt/e/aircas/dht/graduation/dataset/ship_fine/test/025.Megayacht/P9497.bmp,19,025.Megayacht,1,002.KittyHawk-class_aircraft_carrier,0.433239
/mnt/e/aircas/dht/graduation/dataset/ship_fine/test/026.Cargo_ship/P0313.bmp,20,026.Cargo_ship,9,014.Wasp-class_assault_ship,0.516954
/mnt/e/aircas/dht/graduation/dataset/ship_fine/test/026.Cargo_ship/P0332.bmp,20,026.Cargo_ship,20,026.Cargo_ship,0.974080
/mnt/e/aircas/dht/graduation/dataset/ship_fine/test/026.Cargo_ship/P0364.bmp,20,026.Cargo_ship,20,026.Cargo_ship,0.663421
/mnt/e/aircas/dht/graduation/dataset/ship_fine/test/026.Cargo_ship/P0399.bmp,20,026.Cargo_ship,20,026.Cargo_ship,0.999848
/mnt/e/aircas/dht/graduation/dataset/ship_fine/test/026.Cargo_ship/P1001.bmp,20,026.Cargo_ship,20,026.Cargo_ship,0.698063
/mnt/e/aircas/dht/graduation/dataset/ship_fine/test/026.Cargo_ship/P1125.bmp,20,026.Cargo_ship,20,026.Cargo_ship,0.778760
/mnt/e/aircas/dht/graduation/dataset/ship_fine/test/026.Cargo_ship/P1684.bmp,20,026.Cargo_ship,20,026.Cargo_ship,0.996709
/mnt/e/aircas/dht/graduation/dataset/ship_fine/test/026.Cargo_ship/P1795.bmp,20,026.Cargo_ship,26,032.Sand_carrier,0.476072
/mnt/e/aircas/dht/graduation/dataset/ship_fine/test/026.Cargo_ship/P1892.bmp,20,026.Cargo_ship,25,031.Medical_ship,0.534255
/mnt/e/aircas/dht/graduation/dataset/ship_fine/test/026.Cargo_ship/P2055.bmp,20,026.Cargo_ship,5,009.Arleigh_Burke-class_destroyer,0.382678
/mnt/e/aircas/dht/graduation/dataset/ship_fine/test/026.Cargo_ship/P2092.bmp,20,026.Cargo_ship,20,026.Cargo_ship,0.995904
/mnt/e/aircas/dht/graduation/dataset/ship_fine/test/026.Cargo_ship/P2237.bmp,20,026.Cargo_ship,20,026.Cargo_ship,0.997284
/mnt/e/aircas/dht/graduation/dataset/ship_fine/test/026.Cargo_ship/P3047.bmp,20,026.Cargo_ship,20,026.Cargo_ship,0.996723
/mnt/e/aircas/dht/graduation/dataset/ship_fine/test/026.Cargo_ship/P3493.bmp,20,026.Cargo_ship,20,026.Cargo_ship,0.946816
/mnt/e/aircas/dht/graduation/dataset/ship_fine/test/026.Cargo_ship/P3698.bmp,20,026.Cargo_ship,0,001.Nimitz-class_aircraft_carrier,0.735903
/mnt/e/aircas/dht/graduation/dataset/ship_fine/test/026.Cargo_ship/P3699.bmp,20,026.Cargo_ship,20,026.Cargo_ship,0.970451
/mnt/e/aircas/dht/graduation/dataset/ship_fine/test/026.Cargo_ship/P4361.bmp,20,026.Cargo_ship,9,014.Wasp-class_assault_ship,0.616271
/mnt/e/aircas/dht/graduation/dataset/ship_fine/test/026.Cargo_ship/P4552.bmp,20,026.Cargo_ship,20,026.Cargo_ship,0.946432
/mnt/e/aircas/dht/graduation/dataset/ship_fine/test/026.Cargo_ship/P4696.bmp,20,026.Cargo_ship,20,026.Cargo_ship,0.999572
/mnt/e/aircas/dht/graduation/dataset/ship_fine/test/026.Cargo_ship/P5177.bmp,20,026.Cargo_ship,22,028.Container_ship,0.466491
/mnt/e/aircas/dht/graduation/dataset/ship_fine/test/026.Cargo_ship/P5290.bmp,20,026.Cargo_ship,20,026.Cargo_ship,0.995305
/mnt/e/aircas/dht/graduation/dataset/ship_fine/test/026.Cargo_ship/P5410.bmp,20,026.Cargo_ship,20,026.Cargo_ship,0.968141
/mnt/e/aircas/dht/graduation/dataset/ship_fine/test/026.Cargo_ship/P5497.bmp,20,026.Cargo_ship,20,026.Cargo_ship,0.987837
/mnt/e/aircas/dht/graduation/dataset/ship_fine/test/026.Cargo_ship/P5556.bmp,20,026.Cargo_ship,20,026.Cargo_ship,0.999022
/mnt/e/aircas/dht/graduation/dataset/ship_fine/test/026.Cargo_ship/P5739.bmp,20,026.Cargo_ship,20,026.Cargo_ship,0.998766
/mnt/e/aircas/dht/graduation/dataset/ship_fine/test/026.Cargo_ship/P5936.bmp,20,026.Cargo_ship,20,026.Cargo_ship,0.491319
/mnt/e/aircas/dht/graduation/dataset/ship_fine/test/026.Cargo_ship/P6483.bmp,20,026.Cargo_ship,20,026.Cargo_ship,0.951197
/mnt/e/aircas/dht/graduation/dataset/ship_fine/test/026.Cargo_ship/P6587.bmp,20,026.Cargo_ship,20,026.Cargo_ship,0.586411
/mnt/e/aircas/dht/graduation/dataset/ship_fine/test/026.Cargo_ship/P6835.bmp,20,026.Cargo_ship,25,031.Medical_ship,0.349698
/mnt/e/aircas/dht/graduation/dataset/ship_fine/test/026.Cargo_ship/P6902.bmp,20,026.Cargo_ship,20,026.Cargo_ship,0.978292
/mnt/e/aircas/dht/graduation/dataset/ship_fine/test/026.Cargo_ship/P7105.bmp,20,026.Cargo_ship,20,026.Cargo_ship,0.934036
/mnt/e/aircas/dht/graduation/dataset/ship_fine/test/026.Cargo_ship/P7234.bmp,20,026.Cargo_ship,4,008.Ticonderoga-class_cruiser,0.479881
/mnt/e/aircas/dht/graduation/dataset/ship_fine/test/026.Cargo_ship/P7404.bmp,20,026.Cargo_ship,20,026.Cargo_ship,0.981045
/mnt/e/aircas/dht/graduation/dataset/ship_fine/test/026.Cargo_ship/P8103.bmp,20,026.Cargo_ship,20,026.Cargo_ship,0.514534
/mnt/e/aircas/dht/graduation/dataset/ship_fine/test/026.Cargo_ship/P8395.bmp,20,026.Cargo_ship,20,026.Cargo_ship,0.992069
/mnt/e/aircas/dht/graduation/dataset/ship_fine/test/026.Cargo_ship/P8773.bmp,20,026.Cargo_ship,20,026.Cargo_ship,0.470893
/mnt/e/aircas/dht/graduation/dataset/ship_fine/test/026.Cargo_ship/P9753.bmp,20,026.Cargo_ship,0,001.Nimitz-class_aircraft_carrier,0.731669
/mnt/e/aircas/dht/graduation/dataset/ship_fine/test/027.Murasame-class_destroyer/P2465.bmp,21,027.Murasame-class_destroyer,21,027.Murasame-class_destroyer,0.998065
/mnt/e/aircas/dht/graduation/dataset/ship_fine/test/027.Murasame-class_destroyer/P6141.bmp,21,027.Murasame-class_destroyer,21,027.Murasame-class_destroyer,0.990847
/mnt/e/aircas/dht/graduation/dataset/ship_fine/test/027.Murasame-class_destroyer/P8373.bmp,21,027.Murasame-class_destroyer,11,017.Lzumo-class_helicopter_destroyer,0.874698
/mnt/e/aircas/dht/graduation/dataset/ship_fine/test/027.Murasame-class_destroyer/P8668.bmp,21,027.Murasame-class_destroyer,21,027.Murasame-class_destroyer,0.998222
/mnt/e/aircas/dht/graduation/dataset/ship_fine/test/027.Murasame-class_destroyer/P9277.bmp,21,027.Murasame-class_destroyer,1,002.KittyHawk-class_aircraft_carrier,0.475098
/mnt/e/aircas/dht/graduation/dataset/ship_fine/test/027.Murasame-class_destroyer/P9862.bmp,21,027.Murasame-class_destroyer,5,009.Arleigh_Burke-class_destroyer,0.560993
/mnt/e/aircas/dht/graduation/dataset/ship_fine/test/028.Container_ship/P0218.bmp,22,028.Container_ship,9,014.Wasp-class_assault_ship,0.864819
/mnt/e/aircas/dht/graduation/dataset/ship_fine/test/028.Container_ship/P0339.bmp,22,028.Container_ship,4,008.Ticonderoga-class_cruiser,0.427002
/mnt/e/aircas/dht/graduation/dataset/ship_fine/test/028.Container_ship/P0704.bmp,22,028.Container_ship,22,028.Container_ship,0.999979
/mnt/e/aircas/dht/graduation/dataset/ship_fine/test/028.Container_ship/P1011.bmp,22,028.Container_ship,22,028.Container_ship,0.990197
/mnt/e/aircas/dht/graduation/dataset/ship_fine/test/028.Container_ship/P1940.bmp,22,028.Container_ship,13,019.San_Antonio-class_transport_dock,0.341488
/mnt/e/aircas/dht/graduation/dataset/ship_fine/test/028.Container_ship/P2174.bmp,22,028.Container_ship,22,028.Container_ship,0.998932
/mnt/e/aircas/dht/graduation/dataset/ship_fine/test/028.Container_ship/P2248.bmp,22,028.Container_ship,22,028.Container_ship,0.993312
/mnt/e/aircas/dht/graduation/dataset/ship_fine/test/028.Container_ship/P2429.bmp,22,028.Container_ship,22,028.Container_ship,0.858197
/mnt/e/aircas/dht/graduation/dataset/ship_fine/test/028.Container_ship/P2609.bmp,22,028.Container_ship,22,028.Container_ship,0.974916
/mnt/e/aircas/dht/graduation/dataset/ship_fine/test/028.Container_ship/P2704.bmp,22,028.Container_ship,22,028.Container_ship,0.958957
/mnt/e/aircas/dht/graduation/dataset/ship_fine/test/028.Container_ship/P4161.bmp,22,028.Container_ship,22,028.Container_ship,0.818415
/mnt/e/aircas/dht/graduation/dataset/ship_fine/test/028.Container_ship/P4458.bmp,22,028.Container_ship,22,028.Container_ship,0.995601
/mnt/e/aircas/dht/graduation/dataset/ship_fine/test/028.Container_ship/P4795.bmp,22,028.Container_ship,22,028.Container_ship,0.747629
/mnt/e/aircas/dht/graduation/dataset/ship_fine/test/028.Container_ship/P4801.bmp,22,028.Container_ship,22,028.Container_ship,0.999812
/mnt/e/aircas/dht/graduation/dataset/ship_fine/test/028.Container_ship/P4989.bmp,22,028.Container_ship,22,028.Container_ship,0.994060
/mnt/e/aircas/dht/graduation/dataset/ship_fine/test/028.Container_ship/P4998.bmp,22,028.Container_ship,22,028.Container_ship,0.996730
/mnt/e/aircas/dht/graduation/dataset/ship_fine/test/028.Container_ship/P5597.bmp,22,028.Container_ship,22,028.Container_ship,0.999923
/mnt/e/aircas/dht/graduation/dataset/ship_fine/test/028.Container_ship/P5628.bmp,22,028.Container_ship,15,021.Independence-class_combat_ship,0.913139
/mnt/e/aircas/dht/graduation/dataset/ship_fine/test/028.Container_ship/P5652.bmp,22,028.Container_ship,22,028.Container_ship,0.904492
/mnt/e/aircas/dht/graduation/dataset/ship_fine/test/028.Container_ship/P5824.bmp,22,028.Container_ship,22,028.Container_ship,0.999976
/mnt/e/aircas/dht/graduation/dataset/ship_fine/test/028.Container_ship/P6029.bmp,22,028.Container_ship,19,025.Megayacht,0.675950
/mnt/e/aircas/dht/graduation/dataset/ship_fine/test/028.Container_ship/P6112.bmp,22,028.Container_ship,22,028.Container_ship,0.806937
/mnt/e/aircas/dht/graduation/dataset/ship_fine/test/028.Container_ship/P6351.bmp,22,028.Container_ship,22,028.Container_ship,0.998666
/mnt/e/aircas/dht/graduation/dataset/ship_fine/test/028.Container_ship/P6364.bmp,22,028.Container_ship,22,028.Container_ship,0.985760
/mnt/e/aircas/dht/graduation/dataset/ship_fine/test/028.Container_ship/P6398.bmp,22,028.Container_ship,22,028.Container_ship,0.673156
/mnt/e/aircas/dht/graduation/dataset/ship_fine/test/028.Container_ship/P6459.bmp,22,028.Container_ship,22,028.Container_ship,0.602807
/mnt/e/aircas/dht/graduation/dataset/ship_fine/test/028.Container_ship/P7364.bmp,22,028.Container_ship,22,028.Container_ship,0.998573
/mnt/e/aircas/dht/graduation/dataset/ship_fine/test/028.Container_ship/P7486.bmp,22,028.Container_ship,22,028.Container_ship,0.990758
/mnt/e/aircas/dht/graduation/dataset/ship_fine/test/028.Container_ship/P7861.bmp,22,028.Container_ship,22,028.Container_ship,0.998918
/mnt/e/aircas/dht/graduation/dataset/ship_fine/test/028.Container_ship/P7866.bmp,22,028.Container_ship,22,028.Container_ship,0.996313
/mnt/e/aircas/dht/graduation/dataset/ship_fine/test/028.Container_ship/P8039.bmp,22,028.Container_ship,22,028.Container_ship,0.618754
/mnt/e/aircas/dht/graduation/dataset/ship_fine/test/028.Container_ship/P8280.bmp,22,028.Container_ship,22,028.Container_ship,0.870136
/mnt/e/aircas/dht/graduation/dataset/ship_fine/test/028.Container_ship/P8578.bmp,22,028.Container_ship,22,028.Container_ship,0.987683
/mnt/e/aircas/dht/graduation/dataset/ship_fine/test/028.Container_ship/P8733.bmp,22,028.Container_ship,22,028.Container_ship,0.442185
/mnt/e/aircas/dht/graduation/dataset/ship_fine/test/028.Container_ship/P9050.bmp,22,028.Container_ship,25,031.Medical_ship,0.906042
/mnt/e/aircas/dht/graduation/dataset/ship_fine/test/028.Container_ship/P9111.bmp,22,028.Container_ship,22,028.Container_ship,0.999315
/mnt/e/aircas/dht/graduation/dataset/ship_fine/test/028.Container_ship/P9128.bmp,22,028.Container_ship,5,009.Arleigh_Burke-class_destroyer,0.435012
/mnt/e/aircas/dht/graduation/dataset/ship_fine/test/028.Container_ship/P9148.bmp,22,028.Container_ship,9,014.Wasp-class_assault_ship,0.910032
/mnt/e/aircas/dht/graduation/dataset/ship_fine/test/028.Container_ship/P9210.bmp,22,028.Container_ship,22,028.Container_ship,0.877737
/mnt/e/aircas/dht/graduation/dataset/ship_fine/test/028.Container_ship/P9279.bmp,22,028.Container_ship,22,028.Container_ship,0.976563
/mnt/e/aircas/dht/graduation/dataset/ship_fine/test/028.Container_ship/P9459.bmp,22,028.Container_ship,22,028.Container_ship,0.986578
/mnt/e/aircas/dht/graduation/dataset/ship_fine/test/028.Container_ship/P9478.bmp,22,028.Container_ship,22,028.Container_ship,0.794680
/mnt/e/aircas/dht/graduation/dataset/ship_fine/test/028.Container_ship/P9579.bmp,22,028.Container_ship,22,028.Container_ship,0.999756
/mnt/e/aircas/dht/graduation/dataset/ship_fine/test/028.Container_ship/P9844.bmp,22,028.Container_ship,22,028.Container_ship,0.997713
/mnt/e/aircas/dht/graduation/dataset/ship_fine/test/028.Container_ship/P9969.bmp,22,028.Container_ship,22,028.Container_ship,0.900617
/mnt/e/aircas/dht/graduation/dataset/ship_fine/test/029.Towing_vessel/P0089.bmp,23,029.Towing_vessel,23,029.Towing_vessel,0.999790
/mnt/e/aircas/dht/graduation/dataset/ship_fine/test/029.Towing_vessel/P0133.bmp,23,029.Towing_vessel,23,029.Towing_vessel,0.999957
/mnt/e/aircas/dht/graduation/dataset/ship_fine/test/029.Towing_vessel/P0357.bmp,23,029.Towing_vessel,23,029.Towing_vessel,0.800879
/mnt/e/aircas/dht/graduation/dataset/ship_fine/test/029.Towing_vessel/P0439.bmp,23,029.Towing_vessel,23,029.Towing_vessel,0.976195
/mnt/e/aircas/dht/graduation/dataset/ship_fine/test/029.Towing_vessel/P0441.bmp,23,029.Towing_vessel,23,029.Towing_vessel,0.920057
/mnt/e/aircas/dht/graduation/dataset/ship_fine/test/029.Towing_vessel/P0592.bmp,23,029.Towing_vessel,23,029.Towing_vessel,0.999761
/mnt/e/aircas/dht/graduation/dataset/ship_fine/test/029.Towing_vessel/P0625.bmp,23,029.Towing_vessel,23,029.Towing_vessel,0.999970
/mnt/e/aircas/dht/graduation/dataset/ship_fine/test/029.Towing_vessel/P0749.bmp,23,029.Towing_vessel,23,029.Towing_vessel,0.935536
/mnt/e/aircas/dht/graduation/dataset/ship_fine/test/029.Towing_vessel/P0773.bmp,23,029.Towing_vessel,23,029.Towing_vessel,0.997888
/mnt/e/aircas/dht/graduation/dataset/ship_fine/test/029.Towing_vessel/P0831.bmp,23,029.Towing_vessel,23,029.Towing_vessel,0.500036
/mnt/e/aircas/dht/graduation/dataset/ship_fine/test/029.Towing_vessel/P1389.bmp,23,029.Towing_vessel,23,029.Towing_vessel,0.999986
/mnt/e/aircas/dht/graduation/dataset/ship_fine/test/029.Towing_vessel/P1567.bmp,23,029.Towing_vessel,23,029.Towing_vessel,0.999972
/mnt/e/aircas/dht/graduation/dataset/ship_fine/test/029.Towing_vessel/P1671.bmp,23,029.Towing_vessel,23,029.Towing_vessel,0.917953
/mnt/e/aircas/dht/graduation/dataset/ship_fine/test/029.Towing_vessel/P1745.bmp,23,029.Towing_vessel,23,029.Towing_vessel,0.999324
/mnt/e/aircas/dht/graduation/dataset/ship_fine/test/029.Towing_vessel/P1749.bmp,23,029.Towing_vessel,20,026.Cargo_ship,0.533788
/mnt/e/aircas/dht/graduation/dataset/ship_fine/test/029.Towing_vessel/P2170.bmp,23,029.Towing_vessel,23,029.Towing_vessel,0.999994
/mnt/e/aircas/dht/graduation/dataset/ship_fine/test/029.Towing_vessel/P2192.bmp,23,029.Towing_vessel,23,029.Towing_vessel,0.999713
/mnt/e/aircas/dht/graduation/dataset/ship_fine/test/029.Towing_vessel/P2341.bmp,23,029.Towing_vessel,3,004.Kuznetsov-class_aircraft_carrier,0.986219
/mnt/e/aircas/dht/graduation/dataset/ship_fine/test/029.Towing_vessel/P2405.bmp,23,029.Towing_vessel,23,029.Towing_vessel,0.997536
/mnt/e/aircas/dht/graduation/dataset/ship_fine/test/029.Towing_vessel/P2423.bmp,23,029.Towing_vessel,23,029.Towing_vessel,0.999248
/mnt/e/aircas/dht/graduation/dataset/ship_fine/test/029.Towing_vessel/P2442.bmp,23,029.Towing_vessel,23,029.Towing_vessel,0.997759
/mnt/e/aircas/dht/graduation/dataset/ship_fine/test/029.Towing_vessel/P2562.bmp,23,029.Towing_vessel,24,030.Civil_yacht,0.376629
/mnt/e/aircas/dht/graduation/dataset/ship_fine/test/029.Towing_vessel/P2583.bmp,23,029.Towing_vessel,23,029.Towing_vessel,0.999814
/mnt/e/aircas/dht/graduation/dataset/ship_fine/test/029.Towing_vessel/P2603.bmp,23,029.Towing_vessel,23,029.Towing_vessel,0.999997
/mnt/e/aircas/dht/graduation/dataset/ship_fine/test/029.Towing_vessel/P2658.bmp,23,029.Towing_vessel,23,029.Towing_vessel,0.998410
/mnt/e/aircas/dht/graduation/dataset/ship_fine/test/029.Towing_vessel/P2701.bmp,23,029.Towing_vessel,23,029.Towing_vessel,0.999892
/mnt/e/aircas/dht/graduation/dataset/ship_fine/test/029.Towing_vessel/P3072.bmp,23,029.Towing_vessel,23,029.Towing_vessel,0.999150
/mnt/e/aircas/dht/graduation/dataset/ship_fine/test/029.Towing_vessel/P3218.bmp,23,029.Towing_vessel,23,029.Towing_vessel,0.999366
/mnt/e/aircas/dht/graduation/dataset/ship_fine/test/029.Towing_vessel/P3285.bmp,23,029.Towing_vessel,23,029.Towing_vessel,0.974105
/mnt/e/aircas/dht/graduation/dataset/ship_fine/test/029.Towing_vessel/P3545.bmp,23,029.Towing_vessel,24,030.Civil_yacht,0.720938
/mnt/e/aircas/dht/graduation/dataset/ship_fine/test/029.Towing_vessel/P3552.bmp,23,029.Towing_vessel,23,029.Towing_vessel,0.995047
/mnt/e/aircas/dht/graduation/dataset/ship_fine/test/029.Towing_vessel/P3647.bmp,23,029.Towing_vessel,23,029.Towing_vessel,0.999944
/mnt/e/aircas/dht/graduation/dataset/ship_fine/test/029.Towing_vessel/P3679.bmp,23,029.Towing_vessel,23,029.Towing_vessel,0.999649
/mnt/e/aircas/dht/graduation/dataset/ship_fine/test/029.Towing_vessel/P3690.bmp,23,029.Towing_vessel,23,029.Towing_vessel,0.999019
/mnt/e/aircas/dht/graduation/dataset/ship_fine/test/029.Towing_vessel/P3715.bmp,23,029.Towing_vessel,23,029.Towing_vessel,0.999659
/mnt/e/aircas/dht/graduation/dataset/ship_fine/test/029.Towing_vessel/P3930.bmp,23,029.Towing_vessel,23,029.Towing_vessel,0.999998
/mnt/e/aircas/dht/graduation/dataset/ship_fine/test/029.Towing_vessel/P4074.bmp,23,029.Towing_vessel,23,029.Towing_vessel,0.999935
/mnt/e/aircas/dht/graduation/dataset/ship_fine/test/029.Towing_vessel/P4251.bmp,23,029.Towing_vessel,23,029.Towing_vessel,0.999847
/mnt/e/aircas/dht/graduation/dataset/ship_fine/test/029.Towing_vessel/P4300.bmp,23,029.Towing_vessel,23,029.Towing_vessel,0.999489
/mnt/e/aircas/dht/graduation/dataset/ship_fine/test/029.Towing_vessel/P4382.bmp,23,029.Towing_vessel,23,029.Towing_vessel,0.999878
/mnt/e/aircas/dht/graduation/dataset/ship_fine/test/029.Towing_vessel/P4916.bmp,23,029.Towing_vessel,23,029.Towing_vessel,0.996657
/mnt/e/aircas/dht/graduation/dataset/ship_fine/test/029.Towing_vessel/P5122.bmp,23,029.Towing_vessel,23,029.Towing_vessel,0.999815
/mnt/e/aircas/dht/graduation/dataset/ship_fine/test/029.Towing_vessel/P5171.bmp,23,029.Towing_vessel,23,029.Towing_vessel,0.997370
/mnt/e/aircas/dht/graduation/dataset/ship_fine/test/029.Towing_vessel/P5283.bmp,23,029.Towing_vessel,23,029.Towing_vessel,0.994652
/mnt/e/aircas/dht/graduation/dataset/ship_fine/test/029.Towing_vessel/P5365.bmp,23,029.Towing_vessel,23,029.Towing_vessel,0.984998
/mnt/e/aircas/dht/graduation/dataset/ship_fine/test/029.Towing_vessel/P5410.bmp,23,029.Towing_vessel,23,029.Towing_vessel,0.999994
/mnt/e/aircas/dht/graduation/dataset/ship_fine/test/029.Towing_vessel/P5423.bmp,23,029.Towing_vessel,23,029.Towing_vessel,0.563926
/mnt/e/aircas/dht/graduation/dataset/ship_fine/test/029.Towing_vessel/P5613.bmp,23,029.Towing_vessel,23,029.Towing_vessel,0.907613
/mnt/e/aircas/dht/graduation/dataset/ship_fine/test/029.Towing_vessel/P5642.bmp,23,029.Towing_vessel,23,029.Towing_vessel,0.999980
/mnt/e/aircas/dht/graduation/dataset/ship_fine/test/029.Towing_vessel/P5685.bmp,23,029.Towing_vessel,23,029.Towing_vessel,0.997762
/mnt/e/aircas/dht/graduation/dataset/ship_fine/test/029.Towing_vessel/P5688.bmp,23,029.Towing_vessel,23,029.Towing_vessel,0.969047
/mnt/e/aircas/dht/graduation/dataset/ship_fine/test/029.Towing_vessel/P5695.bmp,23,029.Towing_vessel,23,029.Towing_vessel,0.999612
/mnt/e/aircas/dht/graduation/dataset/ship_fine/test/029.Towing_vessel/P5856.bmp,23,029.Towing_vessel,23,029.Towing_vessel,0.999953
/mnt/e/aircas/dht/graduation/dataset/ship_fine/test/029.Towing_vessel/P5901.bmp,23,029.Towing_vessel,23,029.Towing_vessel,0.421953
/mnt/e/aircas/dht/graduation/dataset/ship_fine/test/029.Towing_vessel/P5982.bmp,23,029.Towing_vessel,23,029.Towing_vessel,0.998287
/mnt/e/aircas/dht/graduation/dataset/ship_fine/test/029.Towing_vessel/P6061.bmp,23,029.Towing_vessel,23,029.Towing_vessel,0.999804
/mnt/e/aircas/dht/graduation/dataset/ship_fine/test/029.Towing_vessel/P6089.bmp,23,029.Towing_vessel,23,029.Towing_vessel,0.999987
/mnt/e/aircas/dht/graduation/dataset/ship_fine/test/029.Towing_vessel/P6115.bmp,23,029.Towing_vessel,23,029.Towing_vessel,0.999988
/mnt/e/aircas/dht/graduation/dataset/ship_fine/test/029.Towing_vessel/P6268.bmp,23,029.Towing_vessel,23,029.Towing_vessel,0.999995
/mnt/e/aircas/dht/graduation/dataset/ship_fine/test/029.Towing_vessel/P6400.bmp,23,029.Towing_vessel,23,029.Towing_vessel,0.997313
/mnt/e/aircas/dht/graduation/dataset/ship_fine/test/029.Towing_vessel/P6428.bmp,23,029.Towing_vessel,23,029.Towing_vessel,0.478843
/mnt/e/aircas/dht/graduation/dataset/ship_fine/test/029.Towing_vessel/P6725.bmp,23,029.Towing_vessel,23,029.Towing_vessel,0.995210
/mnt/e/aircas/dht/graduation/dataset/ship_fine/test/029.Towing_vessel/P7137.bmp,23,029.Towing_vessel,23,029.Towing_vessel,0.999991
/mnt/e/aircas/dht/graduation/dataset/ship_fine/test/029.Towing_vessel/P7297.bmp,23,029.Towing_vessel,23,029.Towing_vessel,0.974296
/mnt/e/aircas/dht/graduation/dataset/ship_fine/test/029.Towing_vessel/P7616.bmp,23,029.Towing_vessel,23,029.Towing_vessel,0.975308
/mnt/e/aircas/dht/graduation/dataset/ship_fine/test/029.Towing_vessel/P7694.bmp,23,029.Towing_vessel,23,029.Towing_vessel,0.758387
/mnt/e/aircas/dht/graduation/dataset/ship_fine/test/029.Towing_vessel/P7856.bmp,23,029.Towing_vessel,24,030.Civil_yacht,0.636145
/mnt/e/aircas/dht/graduation/dataset/ship_fine/test/029.Towing_vessel/P7878.bmp,23,029.Towing_vessel,23,029.Towing_vessel,0.999997
/mnt/e/aircas/dht/graduation/dataset/ship_fine/test/029.Towing_vessel/P7903.bmp,23,029.Towing_vessel,4,008.Ticonderoga-class_cruiser,0.611899
/mnt/e/aircas/dht/graduation/dataset/ship_fine/test/029.Towing_vessel/P8882.bmp,23,029.Towing_vessel,23,029.Towing_vessel,0.973123
/mnt/e/aircas/dht/graduation/dataset/ship_fine/test/029.Towing_vessel/P9065.bmp,23,029.Towing_vessel,23,029.Towing_vessel,0.999737
/mnt/e/aircas/dht/graduation/dataset/ship_fine/test/029.Towing_vessel/P9401.bmp,23,029.Towing_vessel,23,029.Towing_vessel,0.972511
/mnt/e/aircas/dht/graduation/dataset/ship_fine/test/029.Towing_vessel/P9776.bmp,23,029.Towing_vessel,23,029.Towing_vessel,0.997554
/mnt/e/aircas/dht/graduation/dataset/ship_fine/test/029.Towing_vessel/P9857.bmp,23,029.Towing_vessel,23,029.Towing_vessel,0.999952
/mnt/e/aircas/dht/graduation/dataset/ship_fine/test/029.Towing_vessel/P9889.bmp,23,029.Towing_vessel,23,029.Towing_vessel,0.999593
/mnt/e/aircas/dht/graduation/dataset/ship_fine/test/029.Towing_vessel/P9892.bmp,23,029.Towing_vessel,23,029.Towing_vessel,0.974826
/mnt/e/aircas/dht/graduation/dataset/ship_fine/test/029.Towing_vessel/P9959.bmp,23,029.Towing_vessel,23,029.Towing_vessel,0.999207
/mnt/e/aircas/dht/graduation/dataset/ship_fine/test/030.Civil_yacht/P0073.bmp,24,030.Civil_yacht,24,030.Civil_yacht,0.999997
/mnt/e/aircas/dht/graduation/dataset/ship_fine/test/030.Civil_yacht/P0216.bmp,24,030.Civil_yacht,24,030.Civil_yacht,0.999997
/mnt/e/aircas/dht/graduation/dataset/ship_fine/test/030.Civil_yacht/P0290.bmp,24,030.Civil_yacht,24,030.Civil_yacht,0.999964
/mnt/e/aircas/dht/graduation/dataset/ship_fine/test/030.Civil_yacht/P0421.bmp,24,030.Civil_yacht,24,030.Civil_yacht,0.999996
/mnt/e/aircas/dht/graduation/dataset/ship_fine/test/030.Civil_yacht/P0437.bmp,24,030.Civil_yacht,24,030.Civil_yacht,0.999999
/mnt/e/aircas/dht/graduation/dataset/ship_fine/test/030.Civil_yacht/P0603.bmp,24,030.Civil_yacht,24,030.Civil_yacht,0.997071
/mnt/e/aircas/dht/graduation/dataset/ship_fine/test/030.Civil_yacht/P0741.bmp,24,030.Civil_yacht,24,030.Civil_yacht,0.999784
/mnt/e/aircas/dht/graduation/dataset/ship_fine/test/030.Civil_yacht/P0839.bmp,24,030.Civil_yacht,24,030.Civil_yacht,0.999803
/mnt/e/aircas/dht/graduation/dataset/ship_fine/test/030.Civil_yacht/P0844.bmp,24,030.Civil_yacht,24,030.Civil_yacht,0.999678
/mnt/e/aircas/dht/graduation/dataset/ship_fine/test/030.Civil_yacht/P1172.bmp,24,030.Civil_yacht,24,030.Civil_yacht,0.999841
/mnt/e/aircas/dht/graduation/dataset/ship_fine/test/030.Civil_yacht/P1226.bmp,24,030.Civil_yacht,24,030.Civil_yacht,0.999991
/mnt/e/aircas/dht/graduation/dataset/ship_fine/test/030.Civil_yacht/P1325.bmp,24,030.Civil_yacht,24,030.Civil_yacht,0.999991
/mnt/e/aircas/dht/graduation/dataset/ship_fine/test/030.Civil_yacht/P1416.bmp,24,030.Civil_yacht,24,030.Civil_yacht,0.998599
/mnt/e/aircas/dht/graduation/dataset/ship_fine/test/030.Civil_yacht/P1423.bmp,24,030.Civil_yacht,24,030.Civil_yacht,0.999996
/mnt/e/aircas/dht/graduation/dataset/ship_fine/test/030.Civil_yacht/P1459.bmp,24,030.Civil_yacht,24,030.Civil_yacht,0.999832
/mnt/e/aircas/dht/graduation/dataset/ship_fine/test/030.Civil_yacht/P1512.bmp,24,030.Civil_yacht,24,030.Civil_yacht,0.955966
/mnt/e/aircas/dht/graduation/dataset/ship_fine/test/030.Civil_yacht/P1524.bmp,24,030.Civil_yacht,24,030.Civil_yacht,0.999955
/mnt/e/aircas/dht/graduation/dataset/ship_fine/test/030.Civil_yacht/P1941.bmp,24,030.Civil_yacht,24,030.Civil_yacht,0.999695
/mnt/e/aircas/dht/graduation/dataset/ship_fine/test/030.Civil_yacht/P2043.bmp,24,030.Civil_yacht,5,009.Arleigh_Burke-class_destroyer,0.838704
/mnt/e/aircas/dht/graduation/dataset/ship_fine/test/030.Civil_yacht/P2178.bmp,24,030.Civil_yacht,24,030.Civil_yacht,0.999781
/mnt/e/aircas/dht/graduation/dataset/ship_fine/test/030.Civil_yacht/P2184.bmp,24,030.Civil_yacht,24,030.Civil_yacht,0.984022
/mnt/e/aircas/dht/graduation/dataset/ship_fine/test/030.Civil_yacht/P2385.bmp,24,030.Civil_yacht,24,030.Civil_yacht,0.999857
/mnt/e/aircas/dht/graduation/dataset/ship_fine/test/030.Civil_yacht/P2393.bmp,24,030.Civil_yacht,24,030.Civil_yacht,0.999917
/mnt/e/aircas/dht/graduation/dataset/ship_fine/test/030.Civil_yacht/P2442.bmp,24,030.Civil_yacht,24,030.Civil_yacht,0.999985
/mnt/e/aircas/dht/graduation/dataset/ship_fine/test/030.Civil_yacht/P2595.bmp,24,030.Civil_yacht,24,030.Civil_yacht,0.999869
/mnt/e/aircas/dht/graduation/dataset/ship_fine/test/030.Civil_yacht/P2627.bmp,24,030.Civil_yacht,24,030.Civil_yacht,0.999977
/mnt/e/aircas/dht/graduation/dataset/ship_fine/test/030.Civil_yacht/P2688.bmp,24,030.Civil_yacht,24,030.Civil_yacht,0.999985
/mnt/e/aircas/dht/graduation/dataset/ship_fine/test/030.Civil_yacht/P2925.bmp,24,030.Civil_yacht,24,030.Civil_yacht,0.999917
/mnt/e/aircas/dht/graduation/dataset/ship_fine/test/030.Civil_yacht/P3051.bmp,24,030.Civil_yacht,24,030.Civil_yacht,0.999994
/mnt/e/aircas/dht/graduation/dataset/ship_fine/test/030.Civil_yacht/P3295.bmp,24,030.Civil_yacht,24,030.Civil_yacht,0.999971
/mnt/e/aircas/dht/graduation/dataset/ship_fine/test/030.Civil_yacht/P3399.bmp,24,030.Civil_yacht,24,030.Civil_yacht,0.999792
/mnt/e/aircas/dht/graduation/dataset/ship_fine/test/030.Civil_yacht/P3591.bmp,24,030.Civil_yacht,24,030.Civil_yacht,0.999735
/mnt/e/aircas/dht/graduation/dataset/ship_fine/test/030.Civil_yacht/P3662.bmp,24,030.Civil_yacht,5,009.Arleigh_Burke-class_destroyer,0.851866
/mnt/e/aircas/dht/graduation/dataset/ship_fine/test/030.Civil_yacht/P3745.bmp,24,030.Civil_yacht,24,030.Civil_yacht,0.999930
/mnt/e/aircas/dht/graduation/dataset/ship_fine/test/030.Civil_yacht/P3832.bmp,24,030.Civil_yacht,24,030.Civil_yacht,0.999998
/mnt/e/aircas/dht/graduation/dataset/ship_fine/test/030.Civil_yacht/P4055.bmp,24,030.Civil_yacht,24,030.Civil_yacht,0.999943
/mnt/e/aircas/dht/graduation/dataset/ship_fine/test/030.Civil_yacht/P4221.bmp,24,030.Civil_yacht,24,030.Civil_yacht,0.999556
/mnt/e/aircas/dht/graduation/dataset/ship_fine/test/030.Civil_yacht/P4309.bmp,24,030.Civil_yacht,24,030.Civil_yacht,0.999986
/mnt/e/aircas/dht/graduation/dataset/ship_fine/test/030.Civil_yacht/P4355.bmp,24,030.Civil_yacht,24,030.Civil_yacht,0.999904
/mnt/e/aircas/dht/graduation/dataset/ship_fine/test/030.Civil_yacht/P4387.bmp,24,030.Civil_yacht,24,030.Civil_yacht,0.999997
/mnt/e/aircas/dht/graduation/dataset/ship_fine/test/030.Civil_yacht/P4445.bmp,24,030.Civil_yacht,24,030.Civil_yacht,0.999999
/mnt/e/aircas/dht/graduation/dataset/ship_fine/test/030.Civil_yacht/P4451.bmp,24,030.Civil_yacht,24,030.Civil_yacht,0.999988
/mnt/e/aircas/dht/graduation/dataset/ship_fine/test/030.Civil_yacht/P4566.bmp,24,030.Civil_yacht,24,030.Civil_yacht,0.998781
/mnt/e/aircas/dht/graduation/dataset/ship_fine/test/030.Civil_yacht/P4668.bmp,24,030.Civil_yacht,24,030.Civil_yacht,0.999342
/mnt/e/aircas/dht/graduation/dataset/ship_fine/test/030.Civil_yacht/P4915.bmp,24,030.Civil_yacht,24,030.Civil_yacht,0.999577
/mnt/e/aircas/dht/graduation/dataset/ship_fine/test/030.Civil_yacht/P4933.bmp,24,030.Civil_yacht,24,030.Civil_yacht,0.999995
/mnt/e/aircas/dht/graduation/dataset/ship_fine/test/030.Civil_yacht/P5046.bmp,24,030.Civil_yacht,24,030.Civil_yacht,0.999358
/mnt/e/aircas/dht/graduation/dataset/ship_fine/test/030.Civil_yacht/P5054.bmp,24,030.Civil_yacht,24,030.Civil_yacht,0.999712
/mnt/e/aircas/dht/graduation/dataset/ship_fine/test/030.Civil_yacht/P5079.bmp,24,030.Civil_yacht,24,030.Civil_yacht,0.999989
/mnt/e/aircas/dht/graduation/dataset/ship_fine/test/030.Civil_yacht/P5216.bmp,24,030.Civil_yacht,24,030.Civil_yacht,0.572930
/mnt/e/aircas/dht/graduation/dataset/ship_fine/test/030.Civil_yacht/P5319.bmp,24,030.Civil_yacht,24,030.Civil_yacht,0.999980
/mnt/e/aircas/dht/graduation/dataset/ship_fine/test/030.Civil_yacht/P5532.bmp,24,030.Civil_yacht,24,030.Civil_yacht,0.999700
/mnt/e/aircas/dht/graduation/dataset/ship_fine/test/030.Civil_yacht/P5686.bmp,24,030.Civil_yacht,24,030.Civil_yacht,0.997382
/mnt/e/aircas/dht/graduation/dataset/ship_fine/test/030.Civil_yacht/P5788.bmp,24,030.Civil_yacht,24,030.Civil_yacht,0.999993
/mnt/e/aircas/dht/graduation/dataset/ship_fine/test/030.Civil_yacht/P6065.bmp,24,030.Civil_yacht,24,030.Civil_yacht,0.999990
/mnt/e/aircas/dht/graduation/dataset/ship_fine/test/030.Civil_yacht/P6434.bmp,24,030.Civil_yacht,24,030.Civil_yacht,0.999996
/mnt/e/aircas/dht/graduation/dataset/ship_fine/test/030.Civil_yacht/P6787.bmp,24,030.Civil_yacht,24,030.Civil_yacht,0.999990
/mnt/e/aircas/dht/graduation/dataset/ship_fine/test/030.Civil_yacht/P6946.bmp,24,030.Civil_yacht,24,030.Civil_yacht,0.999983
/mnt/e/aircas/dht/graduation/dataset/ship_fine/test/030.Civil_yacht/P6950.bmp,24,030.Civil_yacht,24,030.Civil_yacht,0.997667
/mnt/e/aircas/dht/graduation/dataset/ship_fine/test/030.Civil_yacht/P6995.bmp,24,030.Civil_yacht,24,030.Civil_yacht,0.998251
/mnt/e/aircas/dht/graduation/dataset/ship_fine/test/030.Civil_yacht/P7153.bmp,24,030.Civil_yacht,4,008.Ticonderoga-class_cruiser,0.539663
/mnt/e/aircas/dht/graduation/dataset/ship_fine/test/030.Civil_yacht/P7160.bmp,24,030.Civil_yacht,24,030.Civil_yacht,0.975229
/mnt/e/aircas/dht/graduation/dataset/ship_fine/test/030.Civil_yacht/P7204.bmp,24,030.Civil_yacht,24,030.Civil_yacht,0.998257
/mnt/e/aircas/dht/graduation/dataset/ship_fine/test/030.Civil_yacht/P7267.bmp,24,030.Civil_yacht,24,030.Civil_yacht,0.999475
/mnt/e/aircas/dht/graduation/dataset/ship_fine/test/030.Civil_yacht/P7525.bmp,24,030.Civil_yacht,24,030.Civil_yacht,0.999992
/mnt/e/aircas/dht/graduation/dataset/ship_fine/test/030.Civil_yacht/P7591.bmp,24,030.Civil_yacht,24,030.Civil_yacht,0.987593
/mnt/e/aircas/dht/graduation/dataset/ship_fine/test/030.Civil_yacht/P7634.bmp,24,030.Civil_yacht,24,030.Civil_yacht,0.999992
/mnt/e/aircas/dht/graduation/dataset/ship_fine/test/030.Civil_yacht/P7690.bmp,24,030.Civil_yacht,24,030.Civil_yacht,0.999975
/mnt/e/aircas/dht/graduation/dataset/ship_fine/test/030.Civil_yacht/P7798.bmp,24,030.Civil_yacht,24,030.Civil_yacht,0.794603
/mnt/e/aircas/dht/graduation/dataset/ship_fine/test/030.Civil_yacht/P7803.bmp,24,030.Civil_yacht,24,030.Civil_yacht,0.999991
/mnt/e/aircas/dht/graduation/dataset/ship_fine/test/030.Civil_yacht/P8498.bmp,24,030.Civil_yacht,24,030.Civil_yacht,0.999813
/mnt/e/aircas/dht/graduation/dataset/ship_fine/test/030.Civil_yacht/P8572.bmp,24,030.Civil_yacht,24,030.Civil_yacht,0.550115
/mnt/e/aircas/dht/graduation/dataset/ship_fine/test/030.Civil_yacht/P9071.bmp,24,030.Civil_yacht,24,030.Civil_yacht,0.999474
/mnt/e/aircas/dht/graduation/dataset/ship_fine/test/030.Civil_yacht/P9178.bmp,24,030.Civil_yacht,24,030.Civil_yacht,0.999968
/mnt/e/aircas/dht/graduation/dataset/ship_fine/test/030.Civil_yacht/P9754.bmp,24,030.Civil_yacht,24,030.Civil_yacht,0.999966
/mnt/e/aircas/dht/graduation/dataset/ship_fine/test/030.Civil_yacht/P9846.bmp,24,030.Civil_yacht,9,014.Wasp-class_assault_ship,0.706813
/mnt/e/aircas/dht/graduation/dataset/ship_fine/test/030.Civil_yacht/P9944.bmp,24,030.Civil_yacht,24,030.Civil_yacht,0.999744
/mnt/e/aircas/dht/graduation/dataset/ship_fine/test/031.Medical_ship/P1265.bmp,25,031.Medical_ship,19,025.Megayacht,0.720113
/mnt/e/aircas/dht/graduation/dataset/ship_fine/test/031.Medical_ship/P2290.bmp,25,031.Medical_ship,25,031.Medical_ship,0.788149
/mnt/e/aircas/dht/graduation/dataset/ship_fine/test/031.Medical_ship/P2333.bmp,25,031.Medical_ship,5,009.Arleigh_Burke-class_destroyer,0.447931
/mnt/e/aircas/dht/graduation/dataset/ship_fine/test/031.Medical_ship/P2382.bmp,25,031.Medical_ship,25,031.Medical_ship,0.999858
/mnt/e/aircas/dht/graduation/dataset/ship_fine/test/031.Medical_ship/P2535.bmp,25,031.Medical_ship,25,031.Medical_ship,0.999982
/mnt/e/aircas/dht/graduation/dataset/ship_fine/test/031.Medical_ship/P2644.bmp,25,031.Medical_ship,25,031.Medical_ship,0.997723
/mnt/e/aircas/dht/graduation/dataset/ship_fine/test/031.Medical_ship/P3036.bmp,25,031.Medical_ship,8,013.Type_45_destroyer,0.499460
/mnt/e/aircas/dht/graduation/dataset/ship_fine/test/031.Medical_ship/P3375.bmp,25,031.Medical_ship,24,030.Civil_yacht,0.556500
/mnt/e/aircas/dht/graduation/dataset/ship_fine/test/031.Medical_ship/P3508.bmp,25,031.Medical_ship,25,031.Medical_ship,0.999974
/mnt/e/aircas/dht/graduation/dataset/ship_fine/test/031.Medical_ship/P5280.bmp,25,031.Medical_ship,25,031.Medical_ship,0.999981
/mnt/e/aircas/dht/graduation/dataset/ship_fine/test/031.Medical_ship/P5436.bmp,25,031.Medical_ship,25,031.Medical_ship,0.978485
/mnt/e/aircas/dht/graduation/dataset/ship_fine/test/031.Medical_ship/P5621.bmp,25,031.Medical_ship,25,031.Medical_ship,0.990357
/mnt/e/aircas/dht/graduation/dataset/ship_fine/test/031.Medical_ship/P5676.bmp,25,031.Medical_ship,25,031.Medical_ship,0.997457
/mnt/e/aircas/dht/graduation/dataset/ship_fine/test/031.Medical_ship/P5914.bmp,25,031.Medical_ship,25,031.Medical_ship,0.999846
/mnt/e/aircas/dht/graduation/dataset/ship_fine/test/031.Medical_ship/P6001.bmp,25,031.Medical_ship,9,014.Wasp-class_assault_ship,0.870563
/mnt/e/aircas/dht/graduation/dataset/ship_fine/test/031.Medical_ship/P6231.bmp,25,031.Medical_ship,25,031.Medical_ship,0.999995
/mnt/e/aircas/dht/graduation/dataset/ship_fine/test/031.Medical_ship/P6648.bmp,25,031.Medical_ship,25,031.Medical_ship,0.998160
/mnt/e/aircas/dht/graduation/dataset/ship_fine/test/031.Medical_ship/P6667.bmp,25,031.Medical_ship,25,031.Medical_ship,0.955917
/mnt/e/aircas/dht/graduation/dataset/ship_fine/test/031.Medical_ship/P7093.bmp,25,031.Medical_ship,25,031.Medical_ship,0.986915
/mnt/e/aircas/dht/graduation/dataset/ship_fine/test/031.Medical_ship/P7098.bmp,25,031.Medical_ship,25,031.Medical_ship,0.999787
/mnt/e/aircas/dht/graduation/dataset/ship_fine/test/031.Medical_ship/P7157.bmp,25,031.Medical_ship,25,031.Medical_ship,0.569690
/mnt/e/aircas/dht/graduation/dataset/ship_fine/test/031.Medical_ship/P8039.bmp,25,031.Medical_ship,25,031.Medical_ship,0.998484
/mnt/e/aircas/dht/graduation/dataset/ship_fine/test/031.Medical_ship/P8118.bmp,25,031.Medical_ship,24,030.Civil_yacht,0.464326
/mnt/e/aircas/dht/graduation/dataset/ship_fine/test/031.Medical_ship/P8224.bmp,25,031.Medical_ship,25,031.Medical_ship,0.997548
/mnt/e/aircas/dht/graduation/dataset/ship_fine/test/031.Medical_ship/P8285.bmp,25,031.Medical_ship,24,030.Civil_yacht,0.904819
/mnt/e/aircas/dht/graduation/dataset/ship_fine/test/031.Medical_ship/P8324.bmp,25,031.Medical_ship,25,031.Medical_ship,0.999930
/mnt/e/aircas/dht/graduation/dataset/ship_fine/test/031.Medical_ship/P8330.bmp,25,031.Medical_ship,25,031.Medical_ship,0.999995
/mnt/e/aircas/dht/graduation/dataset/ship_fine/test/031.Medical_ship/P8373.bmp,25,031.Medical_ship,24,030.Civil_yacht,0.769088
/mnt/e/aircas/dht/graduation/dataset/ship_fine/test/031.Medical_ship/P8524.bmp,25,031.Medical_ship,4,008.Ticonderoga-class_cruiser,0.769201
/mnt/e/aircas/dht/graduation/dataset/ship_fine/test/031.Medical_ship/P8797.bmp,25,031.Medical_ship,25,031.Medical_ship,0.990508
/mnt/e/aircas/dht/graduation/dataset/ship_fine/test/031.Medical_ship/P9470.bmp,25,031.Medical_ship,24,030.Civil_yacht,0.989613
/mnt/e/aircas/dht/graduation/dataset/ship_fine/test/031.Medical_ship/P9740.bmp,25,031.Medical_ship,25,031.Medical_ship,0.999744
/mnt/e/aircas/dht/graduation/dataset/ship_fine/test/032.Sand_carrier/P0495.bmp,26,032.Sand_carrier,26,032.Sand_carrier,0.960529
/mnt/e/aircas/dht/graduation/dataset/ship_fine/test/032.Sand_carrier/P0939.bmp,26,032.Sand_carrier,26,032.Sand_carrier,0.998419
/mnt/e/aircas/dht/graduation/dataset/ship_fine/test/032.Sand_carrier/P2070.bmp,26,032.Sand_carrier,26,032.Sand_carrier,0.756900
/mnt/e/aircas/dht/graduation/dataset/ship_fine/test/032.Sand_carrier/P2096.bmp,26,032.Sand_carrier,26,032.Sand_carrier,0.999342
/mnt/e/aircas/dht/graduation/dataset/ship_fine/test/032.Sand_carrier/P2432.bmp,26,032.Sand_carrier,26,032.Sand_carrier,0.980131
/mnt/e/aircas/dht/graduation/dataset/ship_fine/test/032.Sand_carrier/P2493.bmp,26,032.Sand_carrier,26,032.Sand_carrier,0.999292
/mnt/e/aircas/dht/graduation/dataset/ship_fine/test/032.Sand_carrier/P2663.bmp,26,032.Sand_carrier,26,032.Sand_carrier,0.999843
/mnt/e/aircas/dht/graduation/dataset/ship_fine/test/032.Sand_carrier/P2701.bmp,26,032.Sand_carrier,26,032.Sand_carrier,0.977549
/mnt/e/aircas/dht/graduation/dataset/ship_fine/test/032.Sand_carrier/P3001.bmp,26,032.Sand_carrier,26,032.Sand_carrier,0.998191
/mnt/e/aircas/dht/graduation/dataset/ship_fine/test/032.Sand_carrier/P3413.bmp,26,032.Sand_carrier,26,032.Sand_carrier,0.996480
/mnt/e/aircas/dht/graduation/dataset/ship_fine/test/032.Sand_carrier/P4333.bmp,26,032.Sand_carrier,26,032.Sand_carrier,0.989413
/mnt/e/aircas/dht/graduation/dataset/ship_fine/test/032.Sand_carrier/P5642.bmp,26,032.Sand_carrier,26,032.Sand_carrier,0.999895
/mnt/e/aircas/dht/graduation/dataset/ship_fine/test/032.Sand_carrier/P6072.bmp,26,032.Sand_carrier,26,032.Sand_carrier,0.999979
/mnt/e/aircas/dht/graduation/dataset/ship_fine/test/032.Sand_carrier/P7152.bmp,26,032.Sand_carrier,26,032.Sand_carrier,0.999968
/mnt/e/aircas/dht/graduation/dataset/ship_fine/test/032.Sand_carrier/P7383.bmp,26,032.Sand_carrier,26,032.Sand_carrier,0.999513
/mnt/e/aircas/dht/graduation/dataset/ship_fine/test/032.Sand_carrier/P7950.bmp,26,032.Sand_carrier,20,026.Cargo_ship,0.427939
/mnt/e/aircas/dht/graduation/dataset/ship_fine/test/032.Sand_carrier/P8071.bmp,26,032.Sand_carrier,26,032.Sand_carrier,0.998430
/mnt/e/aircas/dht/graduation/dataset/ship_fine/test/032.Sand_carrier/P8225.bmp,26,032.Sand_carrier,26,032.Sand_carrier,0.998797
/mnt/e/aircas/dht/graduation/dataset/ship_fine/test/032.Sand_carrier/P8270.bmp,26,032.Sand_carrier,26,032.Sand_carrier,0.999982
/mnt/e/aircas/dht/graduation/dataset/ship_fine/test/032.Sand_carrier/P8382.bmp,26,032.Sand_carrier,26,032.Sand_carrier,0.999639
/mnt/e/aircas/dht/graduation/dataset/ship_fine/test/032.Sand_carrier/P9276.bmp,26,032.Sand_carrier,26,032.Sand_carrier,0.963100
/mnt/e/aircas/dht/graduation/dataset/ship_fine/test/032.Sand_carrier/P9523.bmp,26,032.Sand_carrier,19,025.Megayacht,0.556644
/mnt/e/aircas/dht/graduation/dataset/ship_fine/test/033.Tank_ship/P0508.bmp,27,033.Tank_ship,27,033.Tank_ship,0.997472
/mnt/e/aircas/dht/graduation/dataset/ship_fine/test/033.Tank_ship/P0783.bmp,27,033.Tank_ship,27,033.Tank_ship,0.999484
/mnt/e/aircas/dht/graduation/dataset/ship_fine/test/033.Tank_ship/P1228.bmp,27,033.Tank_ship,27,033.Tank_ship,0.986923
/mnt/e/aircas/dht/graduation/dataset/ship_fine/test/033.Tank_ship/P1548.bmp,27,033.Tank_ship,27,033.Tank_ship,0.997689
/mnt/e/aircas/dht/graduation/dataset/ship_fine/test/033.Tank_ship/P2397.bmp,27,033.Tank_ship,27,033.Tank_ship,0.999803
/mnt/e/aircas/dht/graduation/dataset/ship_fine/test/033.Tank_ship/P2649.bmp,27,033.Tank_ship,27,033.Tank_ship,0.999402
/mnt/e/aircas/dht/graduation/dataset/ship_fine/test/033.Tank_ship/P2881.bmp,27,033.Tank_ship,19,025.Megayacht,0.550511
/mnt/e/aircas/dht/graduation/dataset/ship_fine/test/033.Tank_ship/P3056.bmp,27,033.Tank_ship,27,033.Tank_ship,0.999397
/mnt/e/aircas/dht/graduation/dataset/ship_fine/test/033.Tank_ship/P3627.bmp,27,033.Tank_ship,27,033.Tank_ship,0.972936
/mnt/e/aircas/dht/graduation/dataset/ship_fine/test/033.Tank_ship/P4009.bmp,27,033.Tank_ship,27,033.Tank_ship,0.999803
/mnt/e/aircas/dht/graduation/dataset/ship_fine/test/033.Tank_ship/P4464.bmp,27,033.Tank_ship,27,033.Tank_ship,0.999771
/mnt/e/aircas/dht/graduation/dataset/ship_fine/test/033.Tank_ship/P5803.bmp,27,033.Tank_ship,6,011.Asagiri-class_destroyer,0.191952
/mnt/e/aircas/dht/graduation/dataset/ship_fine/test/033.Tank_ship/P6016.bmp,27,033.Tank_ship,27,033.Tank_ship,0.996965
/mnt/e/aircas/dht/graduation/dataset/ship_fine/test/033.Tank_ship/P6358.bmp,27,033.Tank_ship,19,025.Megayacht,0.932239
/mnt/e/aircas/dht/graduation/dataset/ship_fine/test/033.Tank_ship/P9073.bmp,27,033.Tank_ship,19,025.Megayacht,0.581701
/mnt/e/aircas/dht/graduation/dataset/ship_fine/test/033.Tank_ship/P9750.bmp,27,033.Tank_ship,27,033.Tank_ship,0.986740
